SnapshotDate,YearMonth,JobID,RecruiterID,JobStatus,RequestedOpenings,HiresToDate,RemainingOpenings,SubmissionsToDate,HasSubmission,DaysSinceOpen,AsOfDate
2024-01-31,2024-01,J0001,R01,Open,7,0,7,17,True,30,2026-10-05
2024-01-31,2024-01,J0002,R02,Open,5,1,4,16,True,30,2026-10-05
2024-01-31,2024-01,J0003,R03,Open,10,1,9,22,True,30,2026-10-05
2024-01-31,2024-01,J0004,R04,Open,8,2,6,22,True,30,2026-10-05
2024-01-31,2024-01,J0005,R05,Open,8,2,6,22,True,30,2026-10-05
2024-01-31,2024-01,J0006,R06,Open,9,0,9,16,True,30,2026-10-05
2024-01-31,2024-01,J0007,R07,Open,10,0,10,18,True,30,2026-10-05
2024-01-31,2024-01,J0008,R08,Open,8,0,8,18,True,30,2026-10-05
2024-01-31,2024-01,J0009,R09,Open,10,0,10,16,True,30,2026-10-05
2024-01-31,2024-01,J0010,R10,Open,10,0,10,16,True,30,2026-10-05
2024-01-31,2024-01,J0011,R01,Open,9,0,9,0,False,13,2026-10-05
2024-01-31,2024-01,J0012,R02,Open,9,0,9,0,False,13,2026-10-05
2024-01-31,2024-01,J0013,R03,Open,10,0,10,0,False,13,2026-10-05
2024-01-31,2024-01,J0014,R04,Open,10,0,10,0,False,13,2026-10-05
2024-01-31,2024-01,J0015,R05,Open,7,0,7,0,False,13,2026-10-05
2024-01-31,2024-01,J0016,R06,Open,9,0,9,0,False,13,2026-10-05
2024-01-31,2024-01,J0017,R07,Open,8,0,8,0,False,13,2026-10-05
2024-01-31,2024-01,J0018,R08,Open,9,0,9,0,False,13,2026-10-05
2024-01-31,2024-01,J0019,R09,Open,10,0,10,0,False,13,2026-10-05
2024-01-31,2024-01,J0020,R10,Open,7,0,7,0,False,13,2026-10-05
2024-02-29,2024-02,J0001,R01,Open,7,2,5,27,True,59,2026-10-05
2024-02-29,2024-02,J0002,R02,Open,5,4,1,24,True,59,2026-10-05
2024-02-29,2024-02,J0003,R03,Open,10,5,5,30,True,59,2026-10-05
2024-02-29,2024-02,J0004,R04,Filled,8,8,0,35,True,59,2026-10-05
2024-02-29,2024-02,J0005,R05,Open,8,8,0,32,True,59,2026-10-05
2024-02-29,2024-02,J0006,R06,Open,9,3,6,23,True,59,2026-10-05
2024-02-29,2024-02,J0007,R07,Open,10,4,6,25,True,59,2026-10-05
2024-02-29,2024-02,J0008,R08,Open,8,6,2,24,True,59,2026-10-05
2024-02-29,2024-02,J0009,R09,Open,10,5,5,24,True,59,2026-10-05
2024-02-29,2024-02,J0010,R10,Open,10,4,6,27,True,59,2026-10-05
2024-02-29,2024-02,J0011,R01,Open,9,0,9,21,True,42,2026-10-05
2024-02-29,2024-02,J0012,R02,Open,9,0,9,22,True,42,2026-10-05
2024-02-29,2024-02,J0013,R03,Open,10,0,10,14,True,42,2026-10-05
2024-02-29,2024-02,J0014,R04,Open,10,0,10,23,True,42,2026-10-05
2024-02-29,2024-02,J0015,R05,Open,7,0,7,22,True,42,2026-10-05
2024-02-29,2024-02,J0016,R06,Open,9,1,8,20,True,42,2026-10-05
2024-02-29,2024-02,J0017,R07,Open,8,0,8,12,True,42,2026-10-05
2024-02-29,2024-02,J0018,R08,Open,9,0,9,22,True,42,2026-10-05
2024-02-29,2024-02,J0019,R09,Open,10,0,10,20,True,42,2026-10-05
2024-02-29,2024-02,J0020,R10,Open,7,0,7,14,True,42,2026-10-05
2024-02-29,2024-02,J0021,R01,Open,5,0,5,0,False,13,2026-10-05
2024-02-29,2024-02,J0022,R02,Open,6,0,6,0,False,13,2026-10-05
2024-02-29,2024-02,J0023,R03,Open,8,0,8,0,False,13,2026-10-05
2024-02-29,2024-02,J0024,R04,Open,6,0,6,0,False,13,2026-10-05
2024-02-29,2024-02,J0025,R05,Open,8,0,8,0,False,13,2026-10-05
2024-02-29,2024-02,J0026,R06,Open,9,0,9,0,False,13,2026-10-05
2024-02-29,2024-02,J0027,R07,Open,10,0,10,0,False,13,2026-10-05
2024-02-29,2024-02,J0028,R08,Open,7,0,7,0,False,13,2026-10-05
2024-02-29,2024-02,J0029,R09,Open,9,0,9,0,False,13,2026-10-05
2024-02-29,2024-02,J0030,R10,Open,8,0,8,0,False,13,2026-10-05
2024-03-31,2024-03,J0001,R01,Open,7,4,3,27,True,90,2026-10-05
2024-03-31,2024-03,J0002,R02,Filled,5,5,0,24,True,90,2026-10-05
2024-03-31,2024-03,J0003,R03,Open,10,5,5,30,True,90,2026-10-05
2024-03-31,2024-03,J0004,R04,Filled,8,8,0,35,True,90,2026-10-05
2024-03-31,2024-03,J0005,R05,Filled,8,8,0,32,True,90,2026-10-05
2024-03-31,2024-03,J0006,R06,Open,9,3,6,23,True,90,2026-10-05
2024-03-31,2024-03,J0007,R07,Open,10,4,6,25,True,90,2026-10-05
2024-03-31,2024-03,J0008,R08,Open,8,7,1,24,True,90,2026-10-05
2024-03-31,2024-03,J0009,R09,Open,10,6,4,24,True,90,2026-10-05
2024-03-31,2024-03,J0010,R10,Open,10,4,6,27,True,90,2026-10-05
2024-03-31,2024-03,J0011,R01,Filled,9,9,0,31,True,73,2026-10-05
2024-03-31,2024-03,J0012,R02,Open,9,7,2,34,True,73,2026-10-05
2024-03-31,2024-03,J0013,R03,Open,10,4,6,25,True,73,2026-10-05
2024-03-31,2024-03,J0014,R04,Open,10,3,7,30,True,73,2026-10-05
2024-03-31,2024-03,J0015,R05,Filled,7,7,0,34,True,73,2026-10-05
2024-03-31,2024-03,J0016,R06,Open,9,8,1,35,True,73,2026-10-05
2024-03-31,2024-03,J0017,R07,Filled,8,8,0,23,True,73,2026-10-05
2024-03-31,2024-03,J0018,R08,Open,9,7,2,35,True,73,2026-10-05
2024-03-31,2024-03,J0019,R09,Open,10,4,6,29,True,73,2026-10-05
2024-03-31,2024-03,J0020,R10,Open,7,7,0,25,True,73,2026-10-05
2024-03-31,2024-03,J0021,R01,Open,5,0,5,14,True,44,2026-10-05
2024-03-31,2024-03,J0022,R02,Open,6,1,5,18,True,44,2026-10-05
2024-03-31,2024-03,J0023,R03,Open,8,1,7,17,True,44,2026-10-05
2024-03-31,2024-03,J0024,R04,Open,6,0,6,22,True,44,2026-10-05
2024-03-31,2024-03,J0025,R05,Open,8,1,7,21,True,44,2026-10-05
2024-03-31,2024-03,J0026,R06,Open,9,0,9,26,True,44,2026-10-05
2024-03-31,2024-03,J0027,R07,Open,10,1,9,17,True,44,2026-10-05
2024-03-31,2024-03,J0028,R08,Open,7,0,7,17,True,44,2026-10-05
2024-03-31,2024-03,J0029,R09,Open,9,0,9,18,True,44,2026-10-05
2024-03-31,2024-03,J0030,R10,Open,8,0,8,17,True,44,2026-10-05
2024-03-31,2024-03,J0031,R01,Open,9,0,9,0,False,13,2026-10-05
2024-03-31,2024-03,J0032,R02,Open,10,0,10,0,False,13,2026-10-05
2024-03-31,2024-03,J0033,R03,Open,5,0,5,0,False,13,2026-10-05
2024-03-31,2024-03,J0034,R04,Open,10,0,10,0,False,13,2026-10-05
2024-03-31,2024-03,J0035,R05,Open,8,0,8,0,False,13,2026-10-05
2024-03-31,2024-03,J0036,R06,Open,10,0,10,0,False,13,2026-10-05
2024-03-31,2024-03,J0037,R07,Open,8,0,8,0,False,13,2026-10-05
2024-03-31,2024-03,J0038,R08,Open,7,0,7,0,False,13,2026-10-05
2024-03-31,2024-03,J0039,R09,Open,7,0,7,0,False,13,2026-10-05
2024-03-31,2024-03,J0040,R10,Open,6,0,6,0,False,13,2026-10-05
2024-04-30,2024-04,J0001,R01,Closed - Unfilled,7,4,0,27,True,120,2026-10-05
2024-04-30,2024-04,J0002,R02,Filled,5,5,0,24,True,120,2026-10-05
2024-04-30,2024-04,J0003,R03,Closed - Unfilled,10,5,0,30,True,120,2026-10-05
2024-04-30,2024-04,J0004,R04,Filled,8,8,0,35,True,120,2026-10-05
2024-04-30,2024-04,J0005,R05,Filled,8,8,0,32,True,120,2026-10-05
2024-04-30,2024-04,J0006,R06,Closed - Unfilled,9,3,0,23,True,120,2026-10-05
2024-04-30,2024-04,J0007,R07,Closed - Unfilled,10,4,0,25,True,120,2026-10-05
2024-04-30,2024-04,J0008,R08,Closed - Unfilled,8,7,0,24,True,120,2026-10-05
2024-04-30,2024-04,J0009,R09,Closed - Unfilled,10,6,0,24,True,120,2026-10-05
2024-04-30,2024-04,J0010,R10,Closed - Unfilled,10,4,0,27,True,120,2026-10-05
2024-04-30,2024-04,J0011,R01,Filled,9,9,0,31,True,103,2026-10-05
2024-04-30,2024-04,J0012,R02,Open,9,8,1,34,True,103,2026-10-05
2024-04-30,2024-04,J0013,R03,Open,10,4,6,25,True,103,2026-10-05
2024-04-30,2024-04,J0014,R04,Open,10,3,7,30,True,103,2026-10-05
2024-04-30,2024-04,J0015,R05,Filled,7,7,0,34,True,103,2026-10-05
2024-04-30,2024-04,J0016,R06,Filled,9,9,0,35,True,103,2026-10-05
2024-04-30,2024-04,J0017,R07,Filled,8,8,0,23,True,103,2026-10-05
2024-04-30,2024-04,J0018,R08,Open,9,7,2,35,True,103,2026-10-05
2024-04-30,2024-04,J0019,R09,Open,10,4,6,29,True,103,2026-10-05
2024-04-30,2024-04,J0020,R10,Filled,7,7,0,25,True,103,2026-10-05
2024-04-30,2024-04,J0021,R01,Open,5,1,4,20,True,74,2026-10-05
2024-04-30,2024-04,J0022,R02,Filled,6,6,0,31,True,74,2026-10-05
2024-04-30,2024-04,J0023,R03,Open,8,5,3,28,True,74,2026-10-05
2024-04-30,2024-04,J0024,R04,Open,6,5,1,29,True,74,2026-10-05
2024-04-30,2024-04,J0025,R05,Open,8,7,1,28,True,74,2026-10-05
2024-04-30,2024-04,J0026,R06,Open,9,5,4,37,True,74,2026-10-05
2024-04-30,2024-04,J0027,R07,Open,10,8,2,26,True,74,2026-10-05
2024-04-30,2024-04,J0028,R08,Open,7,6,1,27,True,74,2026-10-05
2024-04-30,2024-04,J0029,R09,Open,9,4,5,24,True,74,2026-10-05
2024-04-30,2024-04,J0030,R10,Open,8,2,6,23,True,74,2026-10-05
2024-04-30,2024-04,J0031,R01,Open,9,0,9,17,True,43,2026-10-05
2024-04-30,2024-04,J0032,R02,Open,10,0,10,27,True,43,2026-10-05
2024-04-30,2024-04,J0033,R03,Open,5,0,5,19,True,43,2026-10-05
2024-04-30,2024-04,J0034,R04,Open,10,2,8,18,True,43,2026-10-05
2024-04-30,2024-04,J0035,R05,Open,8,1,7,18,True,43,2026-10-05
2024-04-30,2024-04,J0036,R06,Open,10,1,9,27,True,43,2026-10-05
2024-04-30,2024-04,J0037,R07,Open,8,0,8,16,True,43,2026-10-05
2024-04-30,2024-04,J0038,R08,Open,7,0,7,23,True,43,2026-10-05
2024-04-30,2024-04,J0039,R09,Open,7,1,6,21,True,43,2026-10-05
2024-04-30,2024-04,J0040,R10,Open,6,0,6,23,True,43,2026-10-05
2024-04-30,2024-04,J0041,R01,Open,5,0,5,0,False,13,2026-10-05
2024-04-30,2024-04,J0042,R02,Open,5,0,5,0,False,13,2026-10-05
2024-04-30,2024-04,J0043,R03,Open,7,0,7,0,False,13,2026-10-05
2024-04-30,2024-04,J0044,R04,Open,7,0,7,0,False,13,2026-10-05
2024-04-30,2024-04,J0045,R05,Open,9,0,9,0,False,13,2026-10-05
2024-04-30,2024-04,J0046,R06,Open,7,0,7,0,False,13,2026-10-05
2024-04-30,2024-04,J0047,R07,Open,8,0,8,0,False,13,2026-10-05
2024-04-30,2024-04,J0048,R08,Open,9,0,9,0,False,13,2026-10-05
2024-04-30,2024-04,J0049,R09,Open,6,0,6,0,False,13,2026-10-05
2024-04-30,2024-04,J0050,R10,Open,10,0,10,0,False,13,2026-10-05
2024-05-31,2024-05,J0001,R01,Closed - Unfilled,7,4,0,27,True,151,2026-10-05
2024-05-31,2024-05,J0002,R02,Filled,5,5,0,24,True,151,2026-10-05
2024-05-31,2024-05,J0003,R03,Closed - Unfilled,10,5,0,30,True,151,2026-10-05
2024-05-31,2024-05,J0004,R04,Filled,8,8,0,35,True,151,2026-10-05
2024-05-31,2024-05,J0005,R05,Filled,8,8,0,32,True,151,2026-10-05
2024-05-31,2024-05,J0006,R06,Closed - Unfilled,9,3,0,23,True,151,2026-10-05
2024-05-31,2024-05,J0007,R07,Closed - Unfilled,10,4,0,25,True,151,2026-10-05
2024-05-31,2024-05,J0008,R08,Closed - Unfilled,8,7,0,24,True,151,2026-10-05
2024-05-31,2024-05,J0009,R09,Closed - Unfilled,10,6,0,24,True,151,2026-10-05
2024-05-31,2024-05,J0010,R10,Closed - Unfilled,10,4,0,27,True,151,2026-10-05
2024-05-31,2024-05,J0011,R01,Filled,9,9,0,31,True,134,2026-10-05
2024-05-31,2024-05,J0012,R02,Closed - Unfilled,9,8,0,34,True,134,2026-10-05
2024-05-31,2024-05,J0013,R03,Closed - Unfilled,10,4,0,25,True,134,2026-10-05
2024-05-31,2024-05,J0014,R04,Closed - Unfilled,10,3,0,30,True,134,2026-10-05
2024-05-31,2024-05,J0015,R05,Filled,7,7,0,34,True,134,2026-10-05
2024-05-31,2024-05,J0016,R06,Filled,9,9,0,35,True,134,2026-10-05
2024-05-31,2024-05,J0017,R07,Filled,8,8,0,23,True,134,2026-10-05
2024-05-31,2024-05,J0018,R08,Closed - Unfilled,9,7,0,35,True,134,2026-10-05
2024-05-31,2024-05,J0019,R09,Closed - Unfilled,10,4,0,29,True,134,2026-10-05
2024-05-31,2024-05,J0020,R10,Filled,7,7,0,25,True,134,2026-10-05
2024-05-31,2024-05,J0021,R01,Open,5,1,4,20,True,105,2026-10-05
2024-05-31,2024-05,J0022,R02,Filled,6,6,0,31,True,105,2026-10-05
2024-05-31,2024-05,J0023,R03,Open,8,5,3,28,True,105,2026-10-05
2024-05-31,2024-05,J0024,R04,Filled,6,6,0,29,True,105,2026-10-05
2024-05-31,2024-05,J0025,R05,Open,8,7,1,28,True,105,2026-10-05
2024-05-31,2024-05,J0026,R06,Open,9,6,3,37,True,105,2026-10-05
2024-05-31,2024-05,J0027,R07,Open,10,8,2,26,True,105,2026-10-05
2024-05-31,2024-05,J0028,R08,Filled,7,7,0,27,True,105,2026-10-05
2024-05-31,2024-05,J0029,R09,Open,9,4,5,24,True,105,2026-10-05
2024-05-31,2024-05,J0030,R10,Open,8,3,5,23,True,105,2026-10-05
2024-05-31,2024-05,J0031,R01,Open,9,5,4,30,True,74,2026-10-05
2024-05-31,2024-05,J0032,R02,Open,10,6,4,37,True,74,2026-10-05
2024-05-31,2024-05,J0033,R03,Open,5,4,1,30,True,74,2026-10-05
2024-05-31,2024-05,J0034,R04,Open,10,7,3,27,True,74,2026-10-05
2024-05-31,2024-05,J0035,R05,Open,8,3,5,30,True,74,2026-10-05
2024-05-31,2024-05,J0036,R06,Open,10,9,1,41,True,74,2026-10-05
2024-05-31,2024-05,J0037,R07,Open,8,6,2,24,True,74,2026-10-05
2024-05-31,2024-05,J0038,R08,Filled,7,7,0,32,True,74,2026-10-05
2024-05-31,2024-05,J0039,R09,Open,7,5,2,26,True,74,2026-10-05
2024-05-31,2024-05,J0040,R10,Filled,6,6,0,28,True,74,2026-10-05
2024-05-31,2024-05,J0041,R01,Open,5,0,5,21,True,44,2026-10-05
2024-05-31,2024-05,J0042,R02,Open,5,1,4,23,True,44,2026-10-05
2024-05-31,2024-05,J0043,R03,Open,7,1,6,25,True,44,2026-10-05
2024-05-31,2024-05,J0044,R04,Open,7,3,4,22,True,44,2026-10-05
2024-05-31,2024-05,J0045,R05,Open,9,0,9,20,True,44,2026-10-05
2024-05-31,2024-05,J0046,R06,Open,7,0,7,25,True,44,2026-10-05
2024-05-31,2024-05,J0047,R07,Open,8,0,8,16,True,44,2026-10-05
2024-05-31,2024-05,J0048,R08,Open,9,2,7,25,True,44,2026-10-05
2024-05-31,2024-05,J0049,R09,Open,6,1,5,16,True,44,2026-10-05
2024-05-31,2024-05,J0050,R10,Open,10,0,10,25,True,44,2026-10-05
2024-05-31,2024-05,J0051,R01,Open,10,0,10,0,False,13,2026-10-05
2024-05-31,2024-05,J0052,R02,Open,9,0,9,0,False,13,2026-10-05
2024-05-31,2024-05,J0053,R03,Open,10,0,10,0,False,13,2026-10-05
2024-05-31,2024-05,J0054,R04,Open,6,0,6,0,False,13,2026-10-05
2024-05-31,2024-05,J0055,R05,Open,5,0,5,0,False,13,2026-10-05
2024-05-31,2024-05,J0056,R06,Open,8,0,8,0,False,13,2026-10-05
2024-05-31,2024-05,J0057,R07,Open,6,0,6,0,False,13,2026-10-05
2024-05-31,2024-05,J0058,R08,Open,10,0,10,0,False,13,2026-10-05
2024-05-31,2024-05,J0059,R09,Open,6,0,6,0,False,13,2026-10-05
2024-05-31,2024-05,J0060,R10,Open,8,0,8,0,False,13,2026-10-05
2024-06-30,2024-06,J0001,R01,Closed - Unfilled,7,4,0,27,True,181,2026-10-05
2024-06-30,2024-06,J0002,R02,Filled,5,5,0,24,True,181,2026-10-05
2024-06-30,2024-06,J0003,R03,Closed - Unfilled,10,5,0,30,True,181,2026-10-05
2024-06-30,2024-06,J0004,R04,Filled,8,8,0,35,True,181,2026-10-05
2024-06-30,2024-06,J0005,R05,Filled,8,8,0,32,True,181,2026-10-05
2024-06-30,2024-06,J0006,R06,Closed - Unfilled,9,3,0,23,True,181,2026-10-05
2024-06-30,2024-06,J0007,R07,Closed - Unfilled,10,4,0,25,True,181,2026-10-05
2024-06-30,2024-06,J0008,R08,Closed - Unfilled,8,7,0,24,True,181,2026-10-05
2024-06-30,2024-06,J0009,R09,Closed - Unfilled,10,6,0,24,True,181,2026-10-05
2024-06-30,2024-06,J0010,R10,Closed - Unfilled,10,4,0,27,True,181,2026-10-05
2024-06-30,2024-06,J0011,R01,Filled,9,9,0,31,True,164,2026-10-05
2024-06-30,2024-06,J0012,R02,Closed - Unfilled,9,8,0,34,True,164,2026-10-05
2024-06-30,2024-06,J0013,R03,Closed - Unfilled,10,4,0,25,True,164,2026-10-05
2024-06-30,2024-06,J0014,R04,Closed - Unfilled,10,3,0,30,True,164,2026-10-05
2024-06-30,2024-06,J0015,R05,Filled,7,7,0,34,True,164,2026-10-05
2024-06-30,2024-06,J0016,R06,Filled,9,9,0,35,True,164,2026-10-05
2024-06-30,2024-06,J0017,R07,Filled,8,8,0,23,True,164,2026-10-05
2024-06-30,2024-06,J0018,R08,Closed - Unfilled,9,7,0,35,True,164,2026-10-05
2024-06-30,2024-06,J0019,R09,Closed - Unfilled,10,4,0,29,True,164,2026-10-05
2024-06-30,2024-06,J0020,R10,Filled,7,7,0,25,True,164,2026-10-05
2024-06-30,2024-06,J0021,R01,Closed - Unfilled,5,1,0,20,True,135,2026-10-05
2024-06-30,2024-06,J0022,R02,Filled,6,6,0,31,True,135,2026-10-05
2024-06-30,2024-06,J0023,R03,Closed - Unfilled,8,5,0,28,True,135,2026-10-05
2024-06-30,2024-06,J0024,R04,Filled,6,6,0,29,True,135,2026-10-05
2024-06-30,2024-06,J0025,R05,Closed - Unfilled,8,7,0,28,True,135,2026-10-05
2024-06-30,2024-06,J0026,R06,Closed - Unfilled,9,6,0,37,True,135,2026-10-05
2024-06-30,2024-06,J0027,R07,Closed - Unfilled,10,8,0,26,True,135,2026-10-05
2024-06-30,2024-06,J0028,R08,Filled,7,7,0,27,True,135,2026-10-05
2024-06-30,2024-06,J0029,R09,Closed - Unfilled,9,4,0,24,True,135,2026-10-05
2024-06-30,2024-06,J0030,R10,Closed - Unfilled,8,3,0,23,True,135,2026-10-05
2024-06-30,2024-06,J0031,R01,Open,9,5,4,30,True,104,2026-10-05
2024-06-30,2024-06,J0032,R02,Open,10,6,4,37,True,104,2026-10-05
2024-06-30,2024-06,J0033,R03,Open,5,4,1,30,True,104,2026-10-05
2024-06-30,2024-06,J0034,R04,Open,10,8,2,27,True,104,2026-10-05
2024-06-30,2024-06,J0035,R05,Open,8,5,3,30,True,104,2026-10-05
2024-06-30,2024-06,J0036,R06,Open,10,9,1,41,True,104,2026-10-05
2024-06-30,2024-06,J0037,R07,Open,8,6,2,24,True,104,2026-10-05
2024-06-30,2024-06,J0038,R08,Filled,7,7,0,32,True,104,2026-10-05
2024-06-30,2024-06,J0039,R09,Open,7,5,2,26,True,104,2026-10-05
2024-06-30,2024-06,J0040,R10,Filled,6,6,0,28,True,104,2026-10-05
2024-06-30,2024-06,J0041,R01,Filled,5,5,0,34,True,74,2026-10-05
2024-06-30,2024-06,J0042,R02,Filled,5,5,0,33,True,74,2026-10-05
2024-06-30,2024-06,J0043,R03,Filled,7,7,0,32,True,74,2026-10-05
2024-06-30,2024-06,J0044,R04,Open,7,6,1,33,True,74,2026-10-05
2024-06-30,2024-06,J0045,R05,Open,9,3,6,31,True,74,2026-10-05
2024-06-30,2024-06,J0046,R06,Open,7,6,1,35,True,74,2026-10-05
2024-06-30,2024-06,J0047,R07,Open,8,6,2,26,True,74,2026-10-05
2024-06-30,2024-06,J0048,R08,Open,9,8,1,37,True,74,2026-10-05
2024-06-30,2024-06,J0049,R09,Open,6,4,2,21,True,74,2026-10-05
2024-06-30,2024-06,J0050,R10,Open,10,3,7,34,True,74,2026-10-05
2024-06-30,2024-06,J0051,R01,Open,10,0,10,19,True,43,2026-10-05
2024-06-30,2024-06,J0052,R02,Open,9,0,9,16,True,43,2026-10-05
2024-06-30,2024-06,J0053,R03,Open,10,1,9,24,True,43,2026-10-05
2024-06-30,2024-06,J0054,R04,Open,6,0,6,20,True,43,2026-10-05
2024-06-30,2024-06,J0055,R05,Open,5,2,3,22,True,43,2026-10-05
2024-06-30,2024-06,J0056,R06,Open,8,0,8,15,True,43,2026-10-05
2024-06-30,2024-06,J0057,R07,Open,6,0,6,13,True,43,2026-10-05
2024-06-30,2024-06,J0058,R08,Open,10,0,10,21,True,43,2026-10-05
2024-06-30,2024-06,J0059,R09,Open,6,0,6,19,True,43,2026-10-05
2024-06-30,2024-06,J0060,R10,Open,8,1,7,24,True,43,2026-10-05
2024-06-30,2024-06,J0061,R01,Open,7,0,7,0,False,13,2026-10-05
2024-06-30,2024-06,J0062,R02,Open,9,0,9,0,False,13,2026-10-05
2024-06-30,2024-06,J0063,R03,Open,10,0,10,0,False,13,2026-10-05
2024-06-30,2024-06,J0064,R04,Open,9,0,9,0,False,13,2026-10-05
2024-06-30,2024-06,J0065,R05,Open,9,0,9,0,False,13,2026-10-05
2024-06-30,2024-06,J0066,R06,Open,5,0,5,0,False,13,2026-10-05
2024-06-30,2024-06,J0067,R07,Open,7,0,7,0,False,13,2026-10-05
2024-06-30,2024-06,J0068,R08,Open,5,0,5,0,False,13,2026-10-05
2024-06-30,2024-06,J0069,R09,Open,8,0,8,0,False,13,2026-10-05
2024-06-30,2024-06,J0070,R10,Open,10,0,10,0,False,13,2026-10-05
2024-07-31,2024-07,J0001,R01,Closed - Unfilled,7,4,0,27,True,212,2026-10-05
2024-07-31,2024-07,J0002,R02,Filled,5,5,0,24,True,212,2026-10-05
2024-07-31,2024-07,J0003,R03,Closed - Unfilled,10,5,0,30,True,212,2026-10-05
2024-07-31,2024-07,J0004,R04,Filled,8,8,0,35,True,212,2026-10-05
2024-07-31,2024-07,J0005,R05,Filled,8,8,0,32,True,212,2026-10-05
2024-07-31,2024-07,J0006,R06,Closed - Unfilled,9,3,0,23,True,212,2026-10-05
2024-07-31,2024-07,J0007,R07,Closed - Unfilled,10,4,0,25,True,212,2026-10-05
2024-07-31,2024-07,J0008,R08,Closed - Unfilled,8,7,0,24,True,212,2026-10-05
2024-07-31,2024-07,J0009,R09,Closed - Unfilled,10,6,0,24,True,212,2026-10-05
2024-07-31,2024-07,J0010,R10,Closed - Unfilled,10,4,0,27,True,212,2026-10-05
2024-07-31,2024-07,J0011,R01,Filled,9,9,0,31,True,195,2026-10-05
2024-07-31,2024-07,J0012,R02,Closed - Unfilled,9,8,0,34,True,195,2026-10-05
2024-07-31,2024-07,J0013,R03,Closed - Unfilled,10,4,0,25,True,195,2026-10-05
2024-07-31,2024-07,J0014,R04,Closed - Unfilled,10,3,0,30,True,195,2026-10-05
2024-07-31,2024-07,J0015,R05,Filled,7,7,0,34,True,195,2026-10-05
2024-07-31,2024-07,J0016,R06,Filled,9,9,0,35,True,195,2026-10-05
2024-07-31,2024-07,J0017,R07,Filled,8,8,0,23,True,195,2026-10-05
2024-07-31,2024-07,J0018,R08,Closed - Unfilled,9,7,0,35,True,195,2026-10-05
2024-07-31,2024-07,J0019,R09,Closed - Unfilled,10,4,0,29,True,195,2026-10-05
2024-07-31,2024-07,J0020,R10,Filled,7,7,0,25,True,195,2026-10-05
2024-07-31,2024-07,J0021,R01,Closed - Unfilled,5,1,0,20,True,166,2026-10-05
2024-07-31,2024-07,J0022,R02,Filled,6,6,0,31,True,166,2026-10-05
2024-07-31,2024-07,J0023,R03,Closed - Unfilled,8,5,0,28,True,166,2026-10-05
2024-07-31,2024-07,J0024,R04,Filled,6,6,0,29,True,166,2026-10-05
2024-07-31,2024-07,J0025,R05,Closed - Unfilled,8,7,0,28,True,166,2026-10-05
2024-07-31,2024-07,J0026,R06,Closed - Unfilled,9,6,0,37,True,166,2026-10-05
2024-07-31,2024-07,J0027,R07,Closed - Unfilled,10,8,0,26,True,166,2026-10-05
2024-07-31,2024-07,J0028,R08,Filled,7,7,0,27,True,166,2026-10-05
2024-07-31,2024-07,J0029,R09,Closed - Unfilled,9,4,0,24,True,166,2026-10-05
2024-07-31,2024-07,J0030,R10,Closed - Unfilled,8,3,0,23,True,166,2026-10-05
2024-07-31,2024-07,J0031,R01,Closed - Unfilled,9,5,0,30,True,135,2026-10-05
2024-07-31,2024-07,J0032,R02,Closed - Unfilled,10,6,0,37,True,135,2026-10-05
2024-07-31,2024-07,J0033,R03,Closed - Unfilled,5,4,0,30,True,135,2026-10-05
2024-07-31,2024-07,J0034,R04,Closed - Unfilled,10,8,0,27,True,135,2026-10-05
2024-07-31,2024-07,J0035,R05,Closed - Unfilled,8,5,0,30,True,135,2026-10-05
2024-07-31,2024-07,J0036,R06,Closed - Unfilled,10,9,0,41,True,135,2026-10-05
2024-07-31,2024-07,J0037,R07,Closed - Unfilled,8,6,0,24,True,135,2026-10-05
2024-07-31,2024-07,J0038,R08,Filled,7,7,0,32,True,135,2026-10-05
2024-07-31,2024-07,J0039,R09,Closed - Unfilled,7,5,0,26,True,135,2026-10-05
2024-07-31,2024-07,J0040,R10,Filled,6,6,0,28,True,135,2026-10-05
2024-07-31,2024-07,J0041,R01,Filled,5,5,0,34,True,105,2026-10-05
2024-07-31,2024-07,J0042,R02,Filled,5,5,0,33,True,105,2026-10-05
2024-07-31,2024-07,J0043,R03,Filled,7,7,0,32,True,105,2026-10-05
2024-07-31,2024-07,J0044,R04,Open,7,6,1,33,True,105,2026-10-05
2024-07-31,2024-07,J0045,R05,Open,9,4,5,31,True,105,2026-10-05
2024-07-31,2024-07,J0046,R06,Filled,7,7,0,35,True,105,2026-10-05
2024-07-31,2024-07,J0047,R07,Open,8,7,1,26,True,105,2026-10-05
2024-07-31,2024-07,J0048,R08,Filled,9,9,0,37,True,105,2026-10-05
2024-07-31,2024-07,J0049,R09,Open,6,4,2,21,True,105,2026-10-05
2024-07-31,2024-07,J0050,R10,Open,10,3,7,34,True,105,2026-10-05
2024-07-31,2024-07,J0051,R01,Open,10,3,7,26,True,74,2026-10-05
2024-07-31,2024-07,J0052,R02,Open,9,4,5,24,True,74,2026-10-05
2024-07-31,2024-07,J0053,R03,Open,10,9,1,36,True,74,2026-10-05
2024-07-31,2024-07,J0054,R04,Filled,6,6,0,28,True,74,2026-10-05
2024-07-31,2024-07,J0055,R05,Filled,5,5,0,33,True,74,2026-10-05
2024-07-31,2024-07,J0056,R06,Open,8,5,3,27,True,74,2026-10-05
2024-07-31,2024-07,J0057,R07,Open,6,3,3,19,True,74,2026-10-05
2024-07-31,2024-07,J0058,R08,Open,10,2,8,30,True,74,2026-10-05
2024-07-31,2024-07,J0059,R09,Filled,6,6,0,29,True,74,2026-10-05
2024-07-31,2024-07,J0060,R10,Open,8,6,2,33,True,74,2026-10-05
2024-07-31,2024-07,J0061,R01,Open,7,0,7,16,True,44,2026-10-05
2024-07-31,2024-07,J0062,R02,Open,9,0,9,13,True,44,2026-10-05
2024-07-31,2024-07,J0063,R03,Open,10,3,7,22,True,44,2026-10-05
2024-07-31,2024-07,J0064,R04,Open,9,0,9,20,True,44,2026-10-05
2024-07-31,2024-07,J0065,R05,Open,9,0,9,21,True,44,2026-10-05
2024-07-31,2024-07,J0066,R06,Open,5,0,5,23,True,44,2026-10-05
2024-07-31,2024-07,J0067,R07,Open,7,0,7,16,True,44,2026-10-05
2024-07-31,2024-07,J0068,R08,Open,5,1,4,17,True,44,2026-10-05
2024-07-31,2024-07,J0069,R09,Open,8,1,7,16,True,44,2026-10-05
2024-07-31,2024-07,J0070,R10,Open,10,0,10,26,True,44,2026-10-05
2024-07-31,2024-07,J0071,R01,Open,10,0,10,0,False,13,2026-10-05
2024-07-31,2024-07,J0072,R02,Open,6,0,6,0,False,13,2026-10-05
2024-07-31,2024-07,J0073,R03,Open,7,0,7,0,False,13,2026-10-05
2024-07-31,2024-07,J0074,R04,Open,7,0,7,0,False,13,2026-10-05
2024-07-31,2024-07,J0075,R05,Open,10,0,10,0,False,13,2026-10-05
2024-07-31,2024-07,J0076,R06,Open,6,0,6,0,False,13,2026-10-05
2024-07-31,2024-07,J0077,R07,Open,10,0,10,0,False,13,2026-10-05
2024-07-31,2024-07,J0078,R08,Open,5,0,5,0,False,13,2026-10-05
2024-07-31,2024-07,J0079,R09,Open,10,0,10,0,False,13,2026-10-05
2024-07-31,2024-07,J0080,R10,Open,8,0,8,0,False,13,2026-10-05
2024-08-31,2024-08,J0001,R01,Closed - Unfilled,7,4,0,27,True,243,2026-10-05
2024-08-31,2024-08,J0002,R02,Filled,5,5,0,24,True,243,2026-10-05
2024-08-31,2024-08,J0003,R03,Closed - Unfilled,10,5,0,30,True,243,2026-10-05
2024-08-31,2024-08,J0004,R04,Filled,8,8,0,35,True,243,2026-10-05
2024-08-31,2024-08,J0005,R05,Filled,8,8,0,32,True,243,2026-10-05
2024-08-31,2024-08,J0006,R06,Closed - Unfilled,9,3,0,23,True,243,2026-10-05
2024-08-31,2024-08,J0007,R07,Closed - Unfilled,10,4,0,25,True,243,2026-10-05
2024-08-31,2024-08,J0008,R08,Closed - Unfilled,8,7,0,24,True,243,2026-10-05
2024-08-31,2024-08,J0009,R09,Closed - Unfilled,10,6,0,24,True,243,2026-10-05
2024-08-31,2024-08,J0010,R10,Closed - Unfilled,10,4,0,27,True,243,2026-10-05
2024-08-31,2024-08,J0011,R01,Filled,9,9,0,31,True,226,2026-10-05
2024-08-31,2024-08,J0012,R02,Closed - Unfilled,9,8,0,34,True,226,2026-10-05
2024-08-31,2024-08,J0013,R03,Closed - Unfilled,10,4,0,25,True,226,2026-10-05
2024-08-31,2024-08,J0014,R04,Closed - Unfilled,10,3,0,30,True,226,2026-10-05
2024-08-31,2024-08,J0015,R05,Filled,7,7,0,34,True,226,2026-10-05
2024-08-31,2024-08,J0016,R06,Filled,9,9,0,35,True,226,2026-10-05
2024-08-31,2024-08,J0017,R07,Filled,8,8,0,23,True,226,2026-10-05
2024-08-31,2024-08,J0018,R08,Closed - Unfilled,9,7,0,35,True,226,2026-10-05
2024-08-31,2024-08,J0019,R09,Closed - Unfilled,10,4,0,29,True,226,2026-10-05
2024-08-31,2024-08,J0020,R10,Filled,7,7,0,25,True,226,2026-10-05
2024-08-31,2024-08,J0021,R01,Closed - Unfilled,5,1,0,20,True,197,2026-10-05
2024-08-31,2024-08,J0022,R02,Filled,6,6,0,31,True,197,2026-10-05
2024-08-31,2024-08,J0023,R03,Closed - Unfilled,8,5,0,28,True,197,2026-10-05
2024-08-31,2024-08,J0024,R04,Filled,6,6,0,29,True,197,2026-10-05
2024-08-31,2024-08,J0025,R05,Closed - Unfilled,8,7,0,28,True,197,2026-10-05
2024-08-31,2024-08,J0026,R06,Closed - Unfilled,9,6,0,37,True,197,2026-10-05
2024-08-31,2024-08,J0027,R07,Closed - Unfilled,10,8,0,26,True,197,2026-10-05
2024-08-31,2024-08,J0028,R08,Filled,7,7,0,27,True,197,2026-10-05
2024-08-31,2024-08,J0029,R09,Closed - Unfilled,9,4,0,24,True,197,2026-10-05
2024-08-31,2024-08,J0030,R10,Closed - Unfilled,8,3,0,23,True,197,2026-10-05
2024-08-31,2024-08,J0031,R01,Closed - Unfilled,9,5,0,30,True,166,2026-10-05
2024-08-31,2024-08,J0032,R02,Closed - Unfilled,10,6,0,37,True,166,2026-10-05
2024-08-31,2024-08,J0033,R03,Closed - Unfilled,5,4,0,30,True,166,2026-10-05
2024-08-31,2024-08,J0034,R04,Closed - Unfilled,10,8,0,27,True,166,2026-10-05
2024-08-31,2024-08,J0035,R05,Closed - Unfilled,8,5,0,30,True,166,2026-10-05
2024-08-31,2024-08,J0036,R06,Closed - Unfilled,10,9,0,41,True,166,2026-10-05
2024-08-31,2024-08,J0037,R07,Closed - Unfilled,8,6,0,24,True,166,2026-10-05
2024-08-31,2024-08,J0038,R08,Filled,7,7,0,32,True,166,2026-10-05
2024-08-31,2024-08,J0039,R09,Closed - Unfilled,7,5,0,26,True,166,2026-10-05
2024-08-31,2024-08,J0040,R10,Filled,6,6,0,28,True,166,2026-10-05
2024-08-31,2024-08,J0041,R01,Filled,5,5,0,34,True,136,2026-10-05
2024-08-31,2024-08,J0042,R02,Filled,5,5,0,33,True,136,2026-10-05
2024-08-31,2024-08,J0043,R03,Filled,7,7,0,32,True,136,2026-10-05
2024-08-31,2024-08,J0044,R04,Closed - Unfilled,7,6,0,33,True,136,2026-10-05
2024-08-31,2024-08,J0045,R05,Closed - Unfilled,9,4,0,31,True,136,2026-10-05
2024-08-31,2024-08,J0046,R06,Filled,7,7,0,35,True,136,2026-10-05
2024-08-31,2024-08,J0047,R07,Closed - Unfilled,8,7,0,26,True,136,2026-10-05
2024-08-31,2024-08,J0048,R08,Filled,9,9,0,37,True,136,2026-10-05
2024-08-31,2024-08,J0049,R09,Closed - Unfilled,6,4,0,21,True,136,2026-10-05
2024-08-31,2024-08,J0050,R10,Closed - Unfilled,10,3,0,34,True,136,2026-10-05
2024-08-31,2024-08,J0051,R01,Open,10,6,4,26,True,105,2026-10-05
2024-08-31,2024-08,J0052,R02,Open,9,4,5,24,True,105,2026-10-05
2024-08-31,2024-08,J0053,R03,Open,10,9,1,36,True,105,2026-10-05
2024-08-31,2024-08,J0054,R04,Filled,6,6,0,28,True,105,2026-10-05
2024-08-31,2024-08,J0055,R05,Filled,5,5,0,33,True,105,2026-10-05
2024-08-31,2024-08,J0056,R06,Open,8,5,3,27,True,105,2026-10-05
2024-08-31,2024-08,J0057,R07,Open,6,3,3,19,True,105,2026-10-05
2024-08-31,2024-08,J0058,R08,Open,10,2,8,30,True,105,2026-10-05
2024-08-31,2024-08,J0059,R09,Filled,6,6,0,29,True,105,2026-10-05
2024-08-31,2024-08,J0060,R10,Open,8,6,2,33,True,105,2026-10-05
2024-08-31,2024-08,J0061,R01,Open,7,3,4,27,True,75,2026-10-05
2024-08-31,2024-08,J0062,R02,Open,9,5,4,23,True,75,2026-10-05
2024-08-31,2024-08,J0063,R03,Open,10,8,2,33,True,75,2026-10-05
2024-08-31,2024-08,J0064,R04,Open,9,4,5,29,True,75,2026-10-05
2024-08-31,2024-08,J0065,R05,Open,9,8,1,31,True,75,2026-10-05
2024-08-31,2024-08,J0066,R06,Open,5,4,1,35,True,75,2026-10-05
2024-08-31,2024-08,J0067,R07,Open,7,3,4,26,True,75,2026-10-05
2024-08-31,2024-08,J0068,R08,Open,5,5,0,26,True,75,2026-10-05
2024-08-31,2024-08,J0069,R09,Open,8,6,2,27,True,75,2026-10-05
2024-08-31,2024-08,J0070,R10,Open,10,5,5,33,True,75,2026-10-05
2024-08-31,2024-08,J0071,R01,Open,10,1,9,21,True,44,2026-10-05
2024-08-31,2024-08,J0072,R02,Open,6,1,5,24,True,44,2026-10-05
2024-08-31,2024-08,J0073,R03,Open,7,0,7,16,True,44,2026-10-05
2024-08-31,2024-08,J0074,R04,Open,7,1,6,23,True,44,2026-10-05
2024-08-31,2024-08,J0075,R05,Open,10,1,9,27,True,44,2026-10-05
2024-08-31,2024-08,J0076,R06,Open,6,1,5,24,True,44,2026-10-05
2024-08-31,2024-08,J0077,R07,Open,10,1,9,20,True,44,2026-10-05
2024-08-31,2024-08,J0078,R08,Open,5,0,5,20,True,44,2026-10-05
2024-08-31,2024-08,J0079,R09,Open,10,1,9,16,True,44,2026-10-05
2024-08-31,2024-08,J0080,R10,Open,8,1,7,22,True,44,2026-10-05
2024-08-31,2024-08,J0081,R01,Open,5,0,5,0,False,13,2026-10-05
2024-08-31,2024-08,J0082,R02,Open,7,0,7,0,False,13,2026-10-05
2024-08-31,2024-08,J0083,R03,Open,5,0,5,0,False,13,2026-10-05
2024-08-31,2024-08,J0084,R04,Open,6,0,6,0,False,13,2026-10-05
2024-08-31,2024-08,J0085,R05,Open,7,0,7,0,False,13,2026-10-05
2024-08-31,2024-08,J0086,R06,Open,5,0,5,0,False,13,2026-10-05
2024-08-31,2024-08,J0087,R07,Open,7,0,7,0,False,13,2026-10-05
2024-08-31,2024-08,J0088,R08,Open,8,0,8,0,False,13,2026-10-05
2024-08-31,2024-08,J0089,R09,Open,6,0,6,0,False,13,2026-10-05
2024-08-31,2024-08,J0090,R10,Open,8,0,8,0,False,13,2026-10-05
2024-09-30,2024-09,J0001,R01,Closed - Unfilled,7,4,0,27,True,273,2026-10-05
2024-09-30,2024-09,J0002,R02,Filled,5,5,0,24,True,273,2026-10-05
2024-09-30,2024-09,J0003,R03,Closed - Unfilled,10,5,0,30,True,273,2026-10-05
2024-09-30,2024-09,J0004,R04,Filled,8,8,0,35,True,273,2026-10-05
2024-09-30,2024-09,J0005,R05,Filled,8,8,0,32,True,273,2026-10-05
2024-09-30,2024-09,J0006,R06,Closed - Unfilled,9,3,0,23,True,273,2026-10-05
2024-09-30,2024-09,J0007,R07,Closed - Unfilled,10,4,0,25,True,273,2026-10-05
2024-09-30,2024-09,J0008,R08,Closed - Unfilled,8,7,0,24,True,273,2026-10-05
2024-09-30,2024-09,J0009,R09,Closed - Unfilled,10,6,0,24,True,273,2026-10-05
2024-09-30,2024-09,J0010,R10,Closed - Unfilled,10,4,0,27,True,273,2026-10-05
2024-09-30,2024-09,J0011,R01,Filled,9,9,0,31,True,256,2026-10-05
2024-09-30,2024-09,J0012,R02,Closed - Unfilled,9,8,0,34,True,256,2026-10-05
2024-09-30,2024-09,J0013,R03,Closed - Unfilled,10,4,0,25,True,256,2026-10-05
2024-09-30,2024-09,J0014,R04,Closed - Unfilled,10,3,0,30,True,256,2026-10-05
2024-09-30,2024-09,J0015,R05,Filled,7,7,0,34,True,256,2026-10-05
2024-09-30,2024-09,J0016,R06,Filled,9,9,0,35,True,256,2026-10-05
2024-09-30,2024-09,J0017,R07,Filled,8,8,0,23,True,256,2026-10-05
2024-09-30,2024-09,J0018,R08,Closed - Unfilled,9,7,0,35,True,256,2026-10-05
2024-09-30,2024-09,J0019,R09,Closed - Unfilled,10,4,0,29,True,256,2026-10-05
2024-09-30,2024-09,J0020,R10,Filled,7,7,0,25,True,256,2026-10-05
2024-09-30,2024-09,J0021,R01,Closed - Unfilled,5,1,0,20,True,227,2026-10-05
2024-09-30,2024-09,J0022,R02,Filled,6,6,0,31,True,227,2026-10-05
2024-09-30,2024-09,J0023,R03,Closed - Unfilled,8,5,0,28,True,227,2026-10-05
2024-09-30,2024-09,J0024,R04,Filled,6,6,0,29,True,227,2026-10-05
2024-09-30,2024-09,J0025,R05,Closed - Unfilled,8,7,0,28,True,227,2026-10-05
2024-09-30,2024-09,J0026,R06,Closed - Unfilled,9,6,0,37,True,227,2026-10-05
2024-09-30,2024-09,J0027,R07,Closed - Unfilled,10,8,0,26,True,227,2026-10-05
2024-09-30,2024-09,J0028,R08,Filled,7,7,0,27,True,227,2026-10-05
2024-09-30,2024-09,J0029,R09,Closed - Unfilled,9,4,0,24,True,227,2026-10-05
2024-09-30,2024-09,J0030,R10,Closed - Unfilled,8,3,0,23,True,227,2026-10-05
2024-09-30,2024-09,J0031,R01,Closed - Unfilled,9,5,0,30,True,196,2026-10-05
2024-09-30,2024-09,J0032,R02,Closed - Unfilled,10,6,0,37,True,196,2026-10-05
2024-09-30,2024-09,J0033,R03,Closed - Unfilled,5,4,0,30,True,196,2026-10-05
2024-09-30,2024-09,J0034,R04,Closed - Unfilled,10,8,0,27,True,196,2026-10-05
2024-09-30,2024-09,J0035,R05,Closed - Unfilled,8,5,0,30,True,196,2026-10-05
2024-09-30,2024-09,J0036,R06,Closed - Unfilled,10,9,0,41,True,196,2026-10-05
2024-09-30,2024-09,J0037,R07,Closed - Unfilled,8,6,0,24,True,196,2026-10-05
2024-09-30,2024-09,J0038,R08,Filled,7,7,0,32,True,196,2026-10-05
2024-09-30,2024-09,J0039,R09,Closed - Unfilled,7,5,0,26,True,196,2026-10-05
2024-09-30,2024-09,J0040,R10,Filled,6,6,0,28,True,196,2026-10-05
2024-09-30,2024-09,J0041,R01,Filled,5,5,0,34,True,166,2026-10-05
2024-09-30,2024-09,J0042,R02,Filled,5,5,0,33,True,166,2026-10-05
2024-09-30,2024-09,J0043,R03,Filled,7,7,0,32,True,166,2026-10-05
2024-09-30,2024-09,J0044,R04,Closed - Unfilled,7,6,0,33,True,166,2026-10-05
2024-09-30,2024-09,J0045,R05,Closed - Unfilled,9,4,0,31,True,166,2026-10-05
2024-09-30,2024-09,J0046,R06,Filled,7,7,0,35,True,166,2026-10-05
2024-09-30,2024-09,J0047,R07,Closed - Unfilled,8,7,0,26,True,166,2026-10-05
2024-09-30,2024-09,J0048,R08,Filled,9,9,0,37,True,166,2026-10-05
2024-09-30,2024-09,J0049,R09,Closed - Unfilled,6,4,0,21,True,166,2026-10-05
2024-09-30,2024-09,J0050,R10,Closed - Unfilled,10,3,0,34,True,166,2026-10-05
2024-09-30,2024-09,J0051,R01,Closed - Unfilled,10,6,0,26,True,135,2026-10-05
2024-09-30,2024-09,J0052,R02,Closed - Unfilled,9,4,0,24,True,135,2026-10-05
2024-09-30,2024-09,J0053,R03,Closed - Unfilled,10,9,0,36,True,135,2026-10-05
2024-09-30,2024-09,J0054,R04,Filled,6,6,0,28,True,135,2026-10-05
2024-09-30,2024-09,J0055,R05,Filled,5,5,0,33,True,135,2026-10-05
2024-09-30,2024-09,J0056,R06,Closed - Unfilled,8,5,0,27,True,135,2026-10-05
2024-09-30,2024-09,J0057,R07,Closed - Unfilled,6,3,0,19,True,135,2026-10-05
2024-09-30,2024-09,J0058,R08,Closed - Unfilled,10,2,0,30,True,135,2026-10-05
2024-09-30,2024-09,J0059,R09,Filled,6,6,0,29,True,135,2026-10-05
2024-09-30,2024-09,J0060,R10,Closed - Unfilled,8,6,0,33,True,135,2026-10-05
2024-09-30,2024-09,J0061,R01,Open,7,3,4,27,True,105,2026-10-05
2024-09-30,2024-09,J0062,R02,Open,9,5,4,23,True,105,2026-10-05
2024-09-30,2024-09,J0063,R03,Open,10,8,2,33,True,105,2026-10-05
2024-09-30,2024-09,J0064,R04,Open,9,5,4,29,True,105,2026-10-05
2024-09-30,2024-09,J0065,R05,Filled,9,9,0,31,True,105,2026-10-05
2024-09-30,2024-09,J0066,R06,Open,5,4,1,35,True,105,2026-10-05
2024-09-30,2024-09,J0067,R07,Open,7,3,4,26,True,105,2026-10-05
2024-09-30,2024-09,J0068,R08,Filled,5,5,0,26,True,105,2026-10-05
2024-09-30,2024-09,J0069,R09,Filled,8,8,0,27,True,105,2026-10-05
2024-09-30,2024-09,J0070,R10,Open,10,5,5,33,True,105,2026-10-05
2024-09-30,2024-09,J0071,R01,Open,10,1,9,30,True,74,2026-10-05
2024-09-30,2024-09,J0072,R02,Open,6,5,1,34,True,74,2026-10-05
2024-09-30,2024-09,J0073,R03,Open,7,6,1,28,True,74,2026-10-05
2024-09-30,2024-09,J0074,R04,Filled,7,7,0,34,True,74,2026-10-05
2024-09-30,2024-09,J0075,R05,Open,10,7,3,38,True,74,2026-10-05
2024-09-30,2024-09,J0076,R06,Filled,6,6,0,32,True,74,2026-10-05
2024-09-30,2024-09,J0077,R07,Open,10,8,2,29,True,74,2026-10-05
2024-09-30,2024-09,J0078,R08,Filled,5,5,0,27,True,74,2026-10-05
2024-09-30,2024-09,J0079,R09,Open,10,5,5,27,True,74,2026-10-05
2024-09-30,2024-09,J0080,R10,Open,8,4,4,29,True,74,2026-10-05
2024-09-30,2024-09,J0081,R01,Open,5,1,4,19,True,43,2026-10-05
2024-09-30,2024-09,J0082,R02,Open,7,2,5,24,True,43,2026-10-05
2024-09-30,2024-09,J0083,R03,Open,5,1,4,18,True,43,2026-10-05
2024-09-30,2024-09,J0084,R04,Open,6,2,4,19,True,43,2026-10-05
2024-09-30,2024-09,J0085,R05,Open,7,2,5,17,True,43,2026-10-05
2024-09-30,2024-09,J0086,R06,Open,5,0,5,28,True,43,2026-10-05
2024-09-30,2024-09,J0087,R07,Open,7,0,7,16,True,43,2026-10-05
2024-09-30,2024-09,J0088,R08,Open,8,0,8,19,True,43,2026-10-05
2024-09-30,2024-09,J0089,R09,Open,6,0,6,22,True,43,2026-10-05
2024-09-30,2024-09,J0090,R10,Open,8,1,7,19,True,43,2026-10-05
2024-09-30,2024-09,J0091,R01,Open,10,0,10,0,False,13,2026-10-05
2024-09-30,2024-09,J0092,R02,Open,9,0,9,0,False,13,2026-10-05
2024-09-30,2024-09,J0093,R03,Open,10,0,10,0,False,13,2026-10-05
2024-09-30,2024-09,J0094,R04,Open,7,0,7,0,False,13,2026-10-05
2024-09-30,2024-09,J0095,R05,Open,9,0,9,0,False,13,2026-10-05
2024-09-30,2024-09,J0096,R06,Open,7,0,7,0,False,13,2026-10-05
2024-09-30,2024-09,J0097,R07,Open,6,0,6,0,False,13,2026-10-05
2024-09-30,2024-09,J0098,R08,Open,6,0,6,0,False,13,2026-10-05
2024-09-30,2024-09,J0099,R09,Open,6,0,6,0,False,13,2026-10-05
2024-09-30,2024-09,J0100,R10,Open,9,0,9,0,False,13,2026-10-05
2024-10-31,2024-10,J0001,R01,Closed - Unfilled,7,4,0,27,True,304,2026-10-05
2024-10-31,2024-10,J0002,R02,Filled,5,5,0,24,True,304,2026-10-05
2024-10-31,2024-10,J0003,R03,Closed - Unfilled,10,5,0,30,True,304,2026-10-05
2024-10-31,2024-10,J0004,R04,Filled,8,8,0,35,True,304,2026-10-05
2024-10-31,2024-10,J0005,R05,Filled,8,8,0,32,True,304,2026-10-05
2024-10-31,2024-10,J0006,R06,Closed - Unfilled,9,3,0,23,True,304,2026-10-05
2024-10-31,2024-10,J0007,R07,Closed - Unfilled,10,4,0,25,True,304,2026-10-05
2024-10-31,2024-10,J0008,R08,Closed - Unfilled,8,7,0,24,True,304,2026-10-05
2024-10-31,2024-10,J0009,R09,Closed - Unfilled,10,6,0,24,True,304,2026-10-05
2024-10-31,2024-10,J0010,R10,Closed - Unfilled,10,4,0,27,True,304,2026-10-05
2024-10-31,2024-10,J0011,R01,Filled,9,9,0,31,True,287,2026-10-05
2024-10-31,2024-10,J0012,R02,Closed - Unfilled,9,8,0,34,True,287,2026-10-05
2024-10-31,2024-10,J0013,R03,Closed - Unfilled,10,4,0,25,True,287,2026-10-05
2024-10-31,2024-10,J0014,R04,Closed - Unfilled,10,3,0,30,True,287,2026-10-05
2024-10-31,2024-10,J0015,R05,Filled,7,7,0,34,True,287,2026-10-05
2024-10-31,2024-10,J0016,R06,Filled,9,9,0,35,True,287,2026-10-05
2024-10-31,2024-10,J0017,R07,Filled,8,8,0,23,True,287,2026-10-05
2024-10-31,2024-10,J0018,R08,Closed - Unfilled,9,7,0,35,True,287,2026-10-05
2024-10-31,2024-10,J0019,R09,Closed - Unfilled,10,4,0,29,True,287,2026-10-05
2024-10-31,2024-10,J0020,R10,Filled,7,7,0,25,True,287,2026-10-05
2024-10-31,2024-10,J0021,R01,Closed - Unfilled,5,1,0,20,True,258,2026-10-05
2024-10-31,2024-10,J0022,R02,Filled,6,6,0,31,True,258,2026-10-05
2024-10-31,2024-10,J0023,R03,Closed - Unfilled,8,5,0,28,True,258,2026-10-05
2024-10-31,2024-10,J0024,R04,Filled,6,6,0,29,True,258,2026-10-05
2024-10-31,2024-10,J0025,R05,Closed - Unfilled,8,7,0,28,True,258,2026-10-05
2024-10-31,2024-10,J0026,R06,Closed - Unfilled,9,6,0,37,True,258,2026-10-05
2024-10-31,2024-10,J0027,R07,Closed - Unfilled,10,8,0,26,True,258,2026-10-05
2024-10-31,2024-10,J0028,R08,Filled,7,7,0,27,True,258,2026-10-05
2024-10-31,2024-10,J0029,R09,Closed - Unfilled,9,4,0,24,True,258,2026-10-05
2024-10-31,2024-10,J0030,R10,Closed - Unfilled,8,3,0,23,True,258,2026-10-05
2024-10-31,2024-10,J0031,R01,Closed - Unfilled,9,5,0,30,True,227,2026-10-05
2024-10-31,2024-10,J0032,R02,Closed - Unfilled,10,6,0,37,True,227,2026-10-05
2024-10-31,2024-10,J0033,R03,Closed - Unfilled,5,4,0,30,True,227,2026-10-05
2024-10-31,2024-10,J0034,R04,Closed - Unfilled,10,8,0,27,True,227,2026-10-05
2024-10-31,2024-10,J0035,R05,Closed - Unfilled,8,5,0,30,True,227,2026-10-05
2024-10-31,2024-10,J0036,R06,Closed - Unfilled,10,9,0,41,True,227,2026-10-05
2024-10-31,2024-10,J0037,R07,Closed - Unfilled,8,6,0,24,True,227,2026-10-05
2024-10-31,2024-10,J0038,R08,Filled,7,7,0,32,True,227,2026-10-05
2024-10-31,2024-10,J0039,R09,Closed - Unfilled,7,5,0,26,True,227,2026-10-05
2024-10-31,2024-10,J0040,R10,Filled,6,6,0,28,True,227,2026-10-05
2024-10-31,2024-10,J0041,R01,Filled,5,5,0,34,True,197,2026-10-05
2024-10-31,2024-10,J0042,R02,Filled,5,5,0,33,True,197,2026-10-05
2024-10-31,2024-10,J0043,R03,Filled,7,7,0,32,True,197,2026-10-05
2024-10-31,2024-10,J0044,R04,Closed - Unfilled,7,6,0,33,True,197,2026-10-05
2024-10-31,2024-10,J0045,R05,Closed - Unfilled,9,4,0,31,True,197,2026-10-05
2024-10-31,2024-10,J0046,R06,Filled,7,7,0,35,True,197,2026-10-05
2024-10-31,2024-10,J0047,R07,Closed - Unfilled,8,7,0,26,True,197,2026-10-05
2024-10-31,2024-10,J0048,R08,Filled,9,9,0,37,True,197,2026-10-05
2024-10-31,2024-10,J0049,R09,Closed - Unfilled,6,4,0,21,True,197,2026-10-05
2024-10-31,2024-10,J0050,R10,Closed - Unfilled,10,3,0,34,True,197,2026-10-05
2024-10-31,2024-10,J0051,R01,Closed - Unfilled,10,6,0,26,True,166,2026-10-05
2024-10-31,2024-10,J0052,R02,Closed - Unfilled,9,4,0,24,True,166,2026-10-05
2024-10-31,2024-10,J0053,R03,Closed - Unfilled,10,9,0,36,True,166,2026-10-05
2024-10-31,2024-10,J0054,R04,Filled,6,6,0,28,True,166,2026-10-05
2024-10-31,2024-10,J0055,R05,Filled,5,5,0,33,True,166,2026-10-05
2024-10-31,2024-10,J0056,R06,Closed - Unfilled,8,5,0,27,True,166,2026-10-05
2024-10-31,2024-10,J0057,R07,Closed - Unfilled,6,3,0,19,True,166,2026-10-05
2024-10-31,2024-10,J0058,R08,Closed - Unfilled,10,2,0,30,True,166,2026-10-05
2024-10-31,2024-10,J0059,R09,Filled,6,6,0,29,True,166,2026-10-05
2024-10-31,2024-10,J0060,R10,Closed - Unfilled,8,6,0,33,True,166,2026-10-05
2024-10-31,2024-10,J0061,R01,Closed - Unfilled,7,3,0,27,True,136,2026-10-05
2024-10-31,2024-10,J0062,R02,Closed - Unfilled,9,5,0,23,True,136,2026-10-05
2024-10-31,2024-10,J0063,R03,Closed - Unfilled,10,8,0,33,True,136,2026-10-05
2024-10-31,2024-10,J0064,R04,Closed - Unfilled,9,5,0,29,True,136,2026-10-05
2024-10-31,2024-10,J0065,R05,Filled,9,9,0,31,True,136,2026-10-05
2024-10-31,2024-10,J0066,R06,Closed - Unfilled,5,4,0,35,True,136,2026-10-05
2024-10-31,2024-10,J0067,R07,Closed - Unfilled,7,3,0,26,True,136,2026-10-05
2024-10-31,2024-10,J0068,R08,Filled,5,5,0,26,True,136,2026-10-05
2024-10-31,2024-10,J0069,R09,Filled,8,8,0,27,True,136,2026-10-05
2024-10-31,2024-10,J0070,R10,Closed - Unfilled,10,5,0,33,True,136,2026-10-05
2024-10-31,2024-10,J0071,R01,Open,10,1,9,30,True,105,2026-10-05
2024-10-31,2024-10,J0072,R02,Filled,6,6,0,34,True,105,2026-10-05
2024-10-31,2024-10,J0073,R03,Filled,7,7,0,28,True,105,2026-10-05
2024-10-31,2024-10,J0074,R04,Filled,7,7,0,34,True,105,2026-10-05
2024-10-31,2024-10,J0075,R05,Open,10,7,3,38,True,105,2026-10-05
2024-10-31,2024-10,J0076,R06,Filled,6,6,0,32,True,105,2026-10-05
2024-10-31,2024-10,J0077,R07,Open,10,9,1,29,True,105,2026-10-05
2024-10-31,2024-10,J0078,R08,Filled,5,5,0,27,True,105,2026-10-05
2024-10-31,2024-10,J0079,R09,Open,10,7,3,27,True,105,2026-10-05
2024-10-31,2024-10,J0080,R10,Open,8,4,4,29,True,105,2026-10-05
2024-10-31,2024-10,J0081,R01,Filled,5,5,0,30,True,74,2026-10-05
2024-10-31,2024-10,J0082,R02,Filled,7,7,0,34,True,74,2026-10-05
2024-10-31,2024-10,J0083,R03,Filled,5,5,0,27,True,74,2026-10-05
2024-10-31,2024-10,J0084,R04,Filled,6,6,0,32,True,74,2026-10-05
2024-10-31,2024-10,J0085,R05,Filled,7,7,0,30,True,74,2026-10-05
2024-10-31,2024-10,J0086,R06,Filled,5,5,0,32,True,74,2026-10-05
2024-10-31,2024-10,J0087,R07,Filled,7,7,0,24,True,74,2026-10-05
2024-10-31,2024-10,J0088,R08,Open,8,4,4,31,True,74,2026-10-05
2024-10-31,2024-10,J0089,R09,Open,6,5,1,31,True,74,2026-10-05
2024-10-31,2024-10,J0090,R10,Filled,8,8,0,36,True,74,2026-10-05
2024-10-31,2024-10,J0091,R01,Open,10,0,10,13,True,44,2026-10-05
2024-10-31,2024-10,J0092,R02,Open,9,0,9,12,True,44,2026-10-05
2024-10-31,2024-10,J0093,R03,Open,10,1,9,22,True,44,2026-10-05
2024-10-31,2024-10,J0094,R04,Open,7,1,6,22,True,44,2026-10-05
2024-10-31,2024-10,J0095,R05,Open,9,0,9,16,True,44,2026-10-05
2024-10-31,2024-10,J0096,R06,Open,7,0,7,23,True,44,2026-10-05
2024-10-31,2024-10,J0097,R07,Open,6,1,5,29,True,44,2026-10-05
2024-10-31,2024-10,J0098,R08,Open,6,1,5,17,True,44,2026-10-05
2024-10-31,2024-10,J0099,R09,Open,6,3,3,21,True,44,2026-10-05
2024-10-31,2024-10,J0100,R10,Open,9,0,9,21,True,44,2026-10-05
2024-10-31,2024-10,J0101,R01,Open,7,0,7,0,False,13,2026-10-05
2024-10-31,2024-10,J0102,R02,Open,5,0,5,0,False,13,2026-10-05
2024-10-31,2024-10,J0103,R03,Open,8,0,8,0,False,13,2026-10-05
2024-10-31,2024-10,J0104,R04,Open,8,0,8,0,False,13,2026-10-05
2024-10-31,2024-10,J0105,R05,Open,5,0,5,0,False,13,2026-10-05
2024-10-31,2024-10,J0106,R06,Open,6,0,6,0,False,13,2026-10-05
2024-10-31,2024-10,J0107,R07,Open,10,0,10,0,False,13,2026-10-05
2024-10-31,2024-10,J0108,R08,Open,8,0,8,0,False,13,2026-10-05
2024-10-31,2024-10,J0109,R09,Open,9,0,9,0,False,13,2026-10-05
2024-10-31,2024-10,J0110,R10,Open,5,0,5,0,False,13,2026-10-05
2024-11-30,2024-11,J0001,R01,Closed - Unfilled,7,4,0,27,True,334,2026-10-05
2024-11-30,2024-11,J0002,R02,Filled,5,5,0,24,True,334,2026-10-05
2024-11-30,2024-11,J0003,R03,Closed - Unfilled,10,5,0,30,True,334,2026-10-05
2024-11-30,2024-11,J0004,R04,Filled,8,8,0,35,True,334,2026-10-05
2024-11-30,2024-11,J0005,R05,Filled,8,8,0,32,True,334,2026-10-05
2024-11-30,2024-11,J0006,R06,Closed - Unfilled,9,3,0,23,True,334,2026-10-05
2024-11-30,2024-11,J0007,R07,Closed - Unfilled,10,4,0,25,True,334,2026-10-05
2024-11-30,2024-11,J0008,R08,Closed - Unfilled,8,7,0,24,True,334,2026-10-05
2024-11-30,2024-11,J0009,R09,Closed - Unfilled,10,6,0,24,True,334,2026-10-05
2024-11-30,2024-11,J0010,R10,Closed - Unfilled,10,4,0,27,True,334,2026-10-05
2024-11-30,2024-11,J0011,R01,Filled,9,9,0,31,True,317,2026-10-05
2024-11-30,2024-11,J0012,R02,Closed - Unfilled,9,8,0,34,True,317,2026-10-05
2024-11-30,2024-11,J0013,R03,Closed - Unfilled,10,4,0,25,True,317,2026-10-05
2024-11-30,2024-11,J0014,R04,Closed - Unfilled,10,3,0,30,True,317,2026-10-05
2024-11-30,2024-11,J0015,R05,Filled,7,7,0,34,True,317,2026-10-05
2024-11-30,2024-11,J0016,R06,Filled,9,9,0,35,True,317,2026-10-05
2024-11-30,2024-11,J0017,R07,Filled,8,8,0,23,True,317,2026-10-05
2024-11-30,2024-11,J0018,R08,Closed - Unfilled,9,7,0,35,True,317,2026-10-05
2024-11-30,2024-11,J0019,R09,Closed - Unfilled,10,4,0,29,True,317,2026-10-05
2024-11-30,2024-11,J0020,R10,Filled,7,7,0,25,True,317,2026-10-05
2024-11-30,2024-11,J0021,R01,Closed - Unfilled,5,1,0,20,True,288,2026-10-05
2024-11-30,2024-11,J0022,R02,Filled,6,6,0,31,True,288,2026-10-05
2024-11-30,2024-11,J0023,R03,Closed - Unfilled,8,5,0,28,True,288,2026-10-05
2024-11-30,2024-11,J0024,R04,Filled,6,6,0,29,True,288,2026-10-05
2024-11-30,2024-11,J0025,R05,Closed - Unfilled,8,7,0,28,True,288,2026-10-05
2024-11-30,2024-11,J0026,R06,Closed - Unfilled,9,6,0,37,True,288,2026-10-05
2024-11-30,2024-11,J0027,R07,Closed - Unfilled,10,8,0,26,True,288,2026-10-05
2024-11-30,2024-11,J0028,R08,Filled,7,7,0,27,True,288,2026-10-05
2024-11-30,2024-11,J0029,R09,Closed - Unfilled,9,4,0,24,True,288,2026-10-05
2024-11-30,2024-11,J0030,R10,Closed - Unfilled,8,3,0,23,True,288,2026-10-05
2024-11-30,2024-11,J0031,R01,Closed - Unfilled,9,5,0,30,True,257,2026-10-05
2024-11-30,2024-11,J0032,R02,Closed - Unfilled,10,6,0,37,True,257,2026-10-05
2024-11-30,2024-11,J0033,R03,Closed - Unfilled,5,4,0,30,True,257,2026-10-05
2024-11-30,2024-11,J0034,R04,Closed - Unfilled,10,8,0,27,True,257,2026-10-05
2024-11-30,2024-11,J0035,R05,Closed - Unfilled,8,5,0,30,True,257,2026-10-05
2024-11-30,2024-11,J0036,R06,Closed - Unfilled,10,9,0,41,True,257,2026-10-05
2024-11-30,2024-11,J0037,R07,Closed - Unfilled,8,6,0,24,True,257,2026-10-05
2024-11-30,2024-11,J0038,R08,Filled,7,7,0,32,True,257,2026-10-05
2024-11-30,2024-11,J0039,R09,Closed - Unfilled,7,5,0,26,True,257,2026-10-05
2024-11-30,2024-11,J0040,R10,Filled,6,6,0,28,True,257,2026-10-05
2024-11-30,2024-11,J0041,R01,Filled,5,5,0,34,True,227,2026-10-05
2024-11-30,2024-11,J0042,R02,Filled,5,5,0,33,True,227,2026-10-05
2024-11-30,2024-11,J0043,R03,Filled,7,7,0,32,True,227,2026-10-05
2024-11-30,2024-11,J0044,R04,Closed - Unfilled,7,6,0,33,True,227,2026-10-05
2024-11-30,2024-11,J0045,R05,Closed - Unfilled,9,4,0,31,True,227,2026-10-05
2024-11-30,2024-11,J0046,R06,Filled,7,7,0,35,True,227,2026-10-05
2024-11-30,2024-11,J0047,R07,Closed - Unfilled,8,7,0,26,True,227,2026-10-05
2024-11-30,2024-11,J0048,R08,Filled,9,9,0,37,True,227,2026-10-05
2024-11-30,2024-11,J0049,R09,Closed - Unfilled,6,4,0,21,True,227,2026-10-05
2024-11-30,2024-11,J0050,R10,Closed - Unfilled,10,3,0,34,True,227,2026-10-05
2024-11-30,2024-11,J0051,R01,Closed - Unfilled,10,6,0,26,True,196,2026-10-05
2024-11-30,2024-11,J0052,R02,Closed - Unfilled,9,4,0,24,True,196,2026-10-05
2024-11-30,2024-11,J0053,R03,Closed - Unfilled,10,9,0,36,True,196,2026-10-05
2024-11-30,2024-11,J0054,R04,Filled,6,6,0,28,True,196,2026-10-05
2024-11-30,2024-11,J0055,R05,Filled,5,5,0,33,True,196,2026-10-05
2024-11-30,2024-11,J0056,R06,Closed - Unfilled,8,5,0,27,True,196,2026-10-05
2024-11-30,2024-11,J0057,R07,Closed - Unfilled,6,3,0,19,True,196,2026-10-05
2024-11-30,2024-11,J0058,R08,Closed - Unfilled,10,2,0,30,True,196,2026-10-05
2024-11-30,2024-11,J0059,R09,Filled,6,6,0,29,True,196,2026-10-05
2024-11-30,2024-11,J0060,R10,Closed - Unfilled,8,6,0,33,True,196,2026-10-05
2024-11-30,2024-11,J0061,R01,Closed - Unfilled,7,3,0,27,True,166,2026-10-05
2024-11-30,2024-11,J0062,R02,Closed - Unfilled,9,5,0,23,True,166,2026-10-05
2024-11-30,2024-11,J0063,R03,Closed - Unfilled,10,8,0,33,True,166,2026-10-05
2024-11-30,2024-11,J0064,R04,Closed - Unfilled,9,5,0,29,True,166,2026-10-05
2024-11-30,2024-11,J0065,R05,Filled,9,9,0,31,True,166,2026-10-05
2024-11-30,2024-11,J0066,R06,Closed - Unfilled,5,4,0,35,True,166,2026-10-05
2024-11-30,2024-11,J0067,R07,Closed - Unfilled,7,3,0,26,True,166,2026-10-05
2024-11-30,2024-11,J0068,R08,Filled,5,5,0,26,True,166,2026-10-05
2024-11-30,2024-11,J0069,R09,Filled,8,8,0,27,True,166,2026-10-05
2024-11-30,2024-11,J0070,R10,Closed - Unfilled,10,5,0,33,True,166,2026-10-05
2024-11-30,2024-11,J0071,R01,Closed - Unfilled,10,1,0,30,True,135,2026-10-05
2024-11-30,2024-11,J0072,R02,Filled,6,6,0,34,True,135,2026-10-05
2024-11-30,2024-11,J0073,R03,Filled,7,7,0,28,True,135,2026-10-05
2024-11-30,2024-11,J0074,R04,Filled,7,7,0,34,True,135,2026-10-05
2024-11-30,2024-11,J0075,R05,Closed - Unfilled,10,7,0,38,True,135,2026-10-05
2024-11-30,2024-11,J0076,R06,Filled,6,6,0,32,True,135,2026-10-05
2024-11-30,2024-11,J0077,R07,Closed - Unfilled,10,9,0,29,True,135,2026-10-05
2024-11-30,2024-11,J0078,R08,Filled,5,5,0,27,True,135,2026-10-05
2024-11-30,2024-11,J0079,R09,Closed - Unfilled,10,7,0,27,True,135,2026-10-05
2024-11-30,2024-11,J0080,R10,Closed - Unfilled,8,4,0,29,True,135,2026-10-05
2024-11-30,2024-11,J0081,R01,Filled,5,5,0,30,True,104,2026-10-05
2024-11-30,2024-11,J0082,R02,Filled,7,7,0,34,True,104,2026-10-05
2024-11-30,2024-11,J0083,R03,Filled,5,5,0,27,True,104,2026-10-05
2024-11-30,2024-11,J0084,R04,Filled,6,6,0,32,True,104,2026-10-05
2024-11-30,2024-11,J0085,R05,Filled,7,7,0,30,True,104,2026-10-05
2024-11-30,2024-11,J0086,R06,Filled,5,5,0,32,True,104,2026-10-05
2024-11-30,2024-11,J0087,R07,Filled,7,7,0,24,True,104,2026-10-05
2024-11-30,2024-11,J0088,R08,Open,8,4,4,31,True,104,2026-10-05
2024-11-30,2024-11,J0089,R09,Filled,6,6,0,31,True,104,2026-10-05
2024-11-30,2024-11,J0090,R10,Filled,8,8,0,36,True,104,2026-10-05
2024-11-30,2024-11,J0091,R01,Open,10,3,7,22,True,74,2026-10-05
2024-11-30,2024-11,J0092,R02,Open,9,2,7,21,True,74,2026-10-05
2024-11-30,2024-11,J0093,R03,Open,10,6,4,31,True,74,2026-10-05
2024-11-30,2024-11,J0094,R04,Open,7,6,1,28,True,74,2026-10-05
2024-11-30,2024-11,J0095,R05,Open,9,2,7,31,True,74,2026-10-05
2024-11-30,2024-11,J0096,R06,Open,7,4,3,37,True,74,2026-10-05
2024-11-30,2024-11,J0097,R07,Filled,6,6,0,39,True,74,2026-10-05
2024-11-30,2024-11,J0098,R08,Open,6,5,1,23,True,74,2026-10-05
2024-11-30,2024-11,J0099,R09,Filled,6,6,0,30,True,74,2026-10-05
2024-11-30,2024-11,J0100,R10,Open,9,8,1,32,True,74,2026-10-05
2024-11-30,2024-11,J0101,R01,Open,7,0,7,21,True,43,2026-10-05
2024-11-30,2024-11,J0102,R02,Open,5,2,3,24,True,43,2026-10-05
2024-11-30,2024-11,J0103,R03,Open,8,3,5,18,True,43,2026-10-05
2024-11-30,2024-11,J0104,R04,Open,8,2,6,21,True,43,2026-10-05
2024-11-30,2024-11,J0105,R05,Open,5,0,5,26,True,43,2026-10-05
2024-11-30,2024-11,J0106,R06,Open,6,0,6,19,True,43,2026-10-05
2024-11-30,2024-11,J0107,R07,Open,10,0,10,18,True,43,2026-10-05
2024-11-30,2024-11,J0108,R08,Open,8,0,8,13,True,43,2026-10-05
2024-11-30,2024-11,J0109,R09,Open,9,0,9,13,True,43,2026-10-05
2024-11-30,2024-11,J0110,R10,Open,5,1,4,17,True,43,2026-10-05
2024-11-30,2024-11,J0111,R01,Open,8,0,8,0,False,13,2026-10-05
2024-11-30,2024-11,J0112,R02,Open,6,0,6,0,False,13,2026-10-05
2024-11-30,2024-11,J0113,R03,Open,8,0,8,0,False,13,2026-10-05
2024-11-30,2024-11,J0114,R04,Open,5,0,5,0,False,13,2026-10-05
2024-11-30,2024-11,J0115,R05,Open,10,0,10,0,False,13,2026-10-05
2024-11-30,2024-11,J0116,R06,Open,5,0,5,0,False,13,2026-10-05
2024-11-30,2024-11,J0117,R07,Open,8,0,8,0,False,13,2026-10-05
2024-11-30,2024-11,J0118,R08,Open,8,0,8,0,False,13,2026-10-05
2024-11-30,2024-11,J0119,R09,Open,8,0,8,0,False,13,2026-10-05
2024-11-30,2024-11,J0120,R10,Open,9,0,9,0,False,13,2026-10-05
2024-12-31,2024-12,J0001,R01,Closed - Unfilled,7,4,0,27,True,365,2026-10-05
2024-12-31,2024-12,J0002,R02,Filled,5,5,0,24,True,365,2026-10-05
2024-12-31,2024-12,J0003,R03,Closed - Unfilled,10,5,0,30,True,365,2026-10-05
2024-12-31,2024-12,J0004,R04,Filled,8,8,0,35,True,365,2026-10-05
2024-12-31,2024-12,J0005,R05,Filled,8,8,0,32,True,365,2026-10-05
2024-12-31,2024-12,J0006,R06,Closed - Unfilled,9,3,0,23,True,365,2026-10-05
2024-12-31,2024-12,J0007,R07,Closed - Unfilled,10,4,0,25,True,365,2026-10-05
2024-12-31,2024-12,J0008,R08,Closed - Unfilled,8,7,0,24,True,365,2026-10-05
2024-12-31,2024-12,J0009,R09,Closed - Unfilled,10,6,0,24,True,365,2026-10-05
2024-12-31,2024-12,J0010,R10,Closed - Unfilled,10,4,0,27,True,365,2026-10-05
2024-12-31,2024-12,J0011,R01,Filled,9,9,0,31,True,348,2026-10-05
2024-12-31,2024-12,J0012,R02,Closed - Unfilled,9,8,0,34,True,348,2026-10-05
2024-12-31,2024-12,J0013,R03,Closed - Unfilled,10,4,0,25,True,348,2026-10-05
2024-12-31,2024-12,J0014,R04,Closed - Unfilled,10,3,0,30,True,348,2026-10-05
2024-12-31,2024-12,J0015,R05,Filled,7,7,0,34,True,348,2026-10-05
2024-12-31,2024-12,J0016,R06,Filled,9,9,0,35,True,348,2026-10-05
2024-12-31,2024-12,J0017,R07,Filled,8,8,0,23,True,348,2026-10-05
2024-12-31,2024-12,J0018,R08,Closed - Unfilled,9,7,0,35,True,348,2026-10-05
2024-12-31,2024-12,J0019,R09,Closed - Unfilled,10,4,0,29,True,348,2026-10-05
2024-12-31,2024-12,J0020,R10,Filled,7,7,0,25,True,348,2026-10-05
2024-12-31,2024-12,J0021,R01,Closed - Unfilled,5,1,0,20,True,319,2026-10-05
2024-12-31,2024-12,J0022,R02,Filled,6,6,0,31,True,319,2026-10-05
2024-12-31,2024-12,J0023,R03,Closed - Unfilled,8,5,0,28,True,319,2026-10-05
2024-12-31,2024-12,J0024,R04,Filled,6,6,0,29,True,319,2026-10-05
2024-12-31,2024-12,J0025,R05,Closed - Unfilled,8,7,0,28,True,319,2026-10-05
2024-12-31,2024-12,J0026,R06,Closed - Unfilled,9,6,0,37,True,319,2026-10-05
2024-12-31,2024-12,J0027,R07,Closed - Unfilled,10,8,0,26,True,319,2026-10-05
2024-12-31,2024-12,J0028,R08,Filled,7,7,0,27,True,319,2026-10-05
2024-12-31,2024-12,J0029,R09,Closed - Unfilled,9,4,0,24,True,319,2026-10-05
2024-12-31,2024-12,J0030,R10,Closed - Unfilled,8,3,0,23,True,319,2026-10-05
2024-12-31,2024-12,J0031,R01,Closed - Unfilled,9,5,0,30,True,288,2026-10-05
2024-12-31,2024-12,J0032,R02,Closed - Unfilled,10,6,0,37,True,288,2026-10-05
2024-12-31,2024-12,J0033,R03,Closed - Unfilled,5,4,0,30,True,288,2026-10-05
2024-12-31,2024-12,J0034,R04,Closed - Unfilled,10,8,0,27,True,288,2026-10-05
2024-12-31,2024-12,J0035,R05,Closed - Unfilled,8,5,0,30,True,288,2026-10-05
2024-12-31,2024-12,J0036,R06,Closed - Unfilled,10,9,0,41,True,288,2026-10-05
2024-12-31,2024-12,J0037,R07,Closed - Unfilled,8,6,0,24,True,288,2026-10-05
2024-12-31,2024-12,J0038,R08,Filled,7,7,0,32,True,288,2026-10-05
2024-12-31,2024-12,J0039,R09,Closed - Unfilled,7,5,0,26,True,288,2026-10-05
2024-12-31,2024-12,J0040,R10,Filled,6,6,0,28,True,288,2026-10-05
2024-12-31,2024-12,J0041,R01,Filled,5,5,0,34,True,258,2026-10-05
2024-12-31,2024-12,J0042,R02,Filled,5,5,0,33,True,258,2026-10-05
2024-12-31,2024-12,J0043,R03,Filled,7,7,0,32,True,258,2026-10-05
2024-12-31,2024-12,J0044,R04,Closed - Unfilled,7,6,0,33,True,258,2026-10-05
2024-12-31,2024-12,J0045,R05,Closed - Unfilled,9,4,0,31,True,258,2026-10-05
2024-12-31,2024-12,J0046,R06,Filled,7,7,0,35,True,258,2026-10-05
2024-12-31,2024-12,J0047,R07,Closed - Unfilled,8,7,0,26,True,258,2026-10-05
2024-12-31,2024-12,J0048,R08,Filled,9,9,0,37,True,258,2026-10-05
2024-12-31,2024-12,J0049,R09,Closed - Unfilled,6,4,0,21,True,258,2026-10-05
2024-12-31,2024-12,J0050,R10,Closed - Unfilled,10,3,0,34,True,258,2026-10-05
2024-12-31,2024-12,J0051,R01,Closed - Unfilled,10,6,0,26,True,227,2026-10-05
2024-12-31,2024-12,J0052,R02,Closed - Unfilled,9,4,0,24,True,227,2026-10-05
2024-12-31,2024-12,J0053,R03,Closed - Unfilled,10,9,0,36,True,227,2026-10-05
2024-12-31,2024-12,J0054,R04,Filled,6,6,0,28,True,227,2026-10-05
2024-12-31,2024-12,J0055,R05,Filled,5,5,0,33,True,227,2026-10-05
2024-12-31,2024-12,J0056,R06,Closed - Unfilled,8,5,0,27,True,227,2026-10-05
2024-12-31,2024-12,J0057,R07,Closed - Unfilled,6,3,0,19,True,227,2026-10-05
2024-12-31,2024-12,J0058,R08,Closed - Unfilled,10,2,0,30,True,227,2026-10-05
2024-12-31,2024-12,J0059,R09,Filled,6,6,0,29,True,227,2026-10-05
2024-12-31,2024-12,J0060,R10,Closed - Unfilled,8,6,0,33,True,227,2026-10-05
2024-12-31,2024-12,J0061,R01,Closed - Unfilled,7,3,0,27,True,197,2026-10-05
2024-12-31,2024-12,J0062,R02,Closed - Unfilled,9,5,0,23,True,197,2026-10-05
2024-12-31,2024-12,J0063,R03,Closed - Unfilled,10,8,0,33,True,197,2026-10-05
2024-12-31,2024-12,J0064,R04,Closed - Unfilled,9,5,0,29,True,197,2026-10-05
2024-12-31,2024-12,J0065,R05,Filled,9,9,0,31,True,197,2026-10-05
2024-12-31,2024-12,J0066,R06,Closed - Unfilled,5,4,0,35,True,197,2026-10-05
2024-12-31,2024-12,J0067,R07,Closed - Unfilled,7,3,0,26,True,197,2026-10-05
2024-12-31,2024-12,J0068,R08,Filled,5,5,0,26,True,197,2026-10-05
2024-12-31,2024-12,J0069,R09,Filled,8,8,0,27,True,197,2026-10-05
2024-12-31,2024-12,J0070,R10,Closed - Unfilled,10,5,0,33,True,197,2026-10-05
2024-12-31,2024-12,J0071,R01,Closed - Unfilled,10,1,0,30,True,166,2026-10-05
2024-12-31,2024-12,J0072,R02,Filled,6,6,0,34,True,166,2026-10-05
2024-12-31,2024-12,J0073,R03,Filled,7,7,0,28,True,166,2026-10-05
2024-12-31,2024-12,J0074,R04,Filled,7,7,0,34,True,166,2026-10-05
2024-12-31,2024-12,J0075,R05,Closed - Unfilled,10,7,0,38,True,166,2026-10-05
2024-12-31,2024-12,J0076,R06,Filled,6,6,0,32,True,166,2026-10-05
2024-12-31,2024-12,J0077,R07,Closed - Unfilled,10,9,0,29,True,166,2026-10-05
2024-12-31,2024-12,J0078,R08,Filled,5,5,0,27,True,166,2026-10-05
2024-12-31,2024-12,J0079,R09,Closed - Unfilled,10,7,0,27,True,166,2026-10-05
2024-12-31,2024-12,J0080,R10,Closed - Unfilled,8,4,0,29,True,166,2026-10-05
2024-12-31,2024-12,J0081,R01,Filled,5,5,0,30,True,135,2026-10-05
2024-12-31,2024-12,J0082,R02,Filled,7,7,0,34,True,135,2026-10-05
2024-12-31,2024-12,J0083,R03,Filled,5,5,0,27,True,135,2026-10-05
2024-12-31,2024-12,J0084,R04,Filled,6,6,0,32,True,135,2026-10-05
2024-12-31,2024-12,J0085,R05,Filled,7,7,0,30,True,135,2026-10-05
2024-12-31,2024-12,J0086,R06,Filled,5,5,0,32,True,135,2026-10-05
2024-12-31,2024-12,J0087,R07,Filled,7,7,0,24,True,135,2026-10-05
2024-12-31,2024-12,J0088,R08,Closed - Unfilled,8,4,0,31,True,135,2026-10-05
2024-12-31,2024-12,J0089,R09,Filled,6,6,0,31,True,135,2026-10-05
2024-12-31,2024-12,J0090,R10,Filled,8,8,0,36,True,135,2026-10-05
2024-12-31,2024-12,J0091,R01,Open,10,4,6,22,True,105,2026-10-05
2024-12-31,2024-12,J0092,R02,Open,9,2,7,21,True,105,2026-10-05
2024-12-31,2024-12,J0093,R03,Open,10,6,4,31,True,105,2026-10-05
2024-12-31,2024-12,J0094,R04,Open,7,6,1,28,True,105,2026-10-05
2024-12-31,2024-12,J0095,R05,Open,9,4,5,31,True,105,2026-10-05
2024-12-31,2024-12,J0096,R06,Open,7,4,3,37,True,105,2026-10-05
2024-12-31,2024-12,J0097,R07,Filled,6,6,0,39,True,105,2026-10-05
2024-12-31,2024-12,J0098,R08,Filled,6,6,0,23,True,105,2026-10-05
2024-12-31,2024-12,J0099,R09,Filled,6,6,0,30,True,105,2026-10-05
2024-12-31,2024-12,J0100,R10,Filled,9,9,0,32,True,105,2026-10-05
2024-12-31,2024-12,J0101,R01,Open,7,3,4,30,True,74,2026-10-05
2024-12-31,2024-12,J0102,R02,Filled,5,5,0,33,True,74,2026-10-05
2024-12-31,2024-12,J0103,R03,Filled,8,8,0,32,True,74,2026-10-05
2024-12-31,2024-12,J0104,R04,Filled,8,8,0,28,True,74,2026-10-05
2024-12-31,2024-12,J0105,R05,Filled,5,5,0,36,True,74,2026-10-05
2024-12-31,2024-12,J0106,R06,Open,6,3,3,32,True,74,2026-10-05
2024-12-31,2024-12,J0107,R07,Open,10,6,4,28,True,74,2026-10-05
2024-12-31,2024-12,J0108,R08,Open,8,2,6,24,True,74,2026-10-05
2024-12-31,2024-12,J0109,R09,Open,9,3,6,22,True,74,2026-10-05
2024-12-31,2024-12,J0110,R10,Filled,5,5,0,27,True,74,2026-10-05
2024-12-31,2024-12,J0111,R01,Open,8,1,7,22,True,44,2026-10-05
2024-12-31,2024-12,J0112,R02,Open,6,0,6,18,True,44,2026-10-05
2024-12-31,2024-12,J0113,R03,Open,8,2,6,21,True,44,2026-10-05
2024-12-31,2024-12,J0114,R04,Open,5,0,5,23,True,44,2026-10-05
2024-12-31,2024-12,J0115,R05,Open,10,2,8,23,True,44,2026-10-05
2024-12-31,2024-12,J0116,R06,Open,5,1,4,21,True,44,2026-10-05
2024-12-31,2024-12,J0117,R07,Open,8,1,7,16,True,44,2026-10-05
2024-12-31,2024-12,J0118,R08,Open,8,1,7,14,True,44,2026-10-05
2024-12-31,2024-12,J0119,R09,Open,8,0,8,18,True,44,2026-10-05
2024-12-31,2024-12,J0120,R10,Open,9,1,8,22,True,44,2026-10-05
2024-12-31,2024-12,J0121,R01,Open,9,0,9,0,False,13,2026-10-05
2024-12-31,2024-12,J0122,R02,Open,10,0,10,0,False,13,2026-10-05
2024-12-31,2024-12,J0123,R03,Open,7,0,7,0,False,13,2026-10-05
2024-12-31,2024-12,J0124,R04,Open,8,0,8,0,False,13,2026-10-05
2024-12-31,2024-12,J0125,R05,Open,5,0,5,0,False,13,2026-10-05
2024-12-31,2024-12,J0126,R06,Open,8,0,8,0,False,13,2026-10-05
2024-12-31,2024-12,J0127,R07,Open,9,0,9,0,False,13,2026-10-05
2024-12-31,2024-12,J0128,R08,Open,10,0,10,0,False,13,2026-10-05
2024-12-31,2024-12,J0129,R09,Open,9,0,9,0,False,13,2026-10-05
2024-12-31,2024-12,J0130,R10,Open,7,0,7,0,False,13,2026-10-05
2025-01-31,2025-01,J0001,R01,Closed - Unfilled,7,4,0,27,True,396,2026-10-05
2025-01-31,2025-01,J0002,R02,Filled,5,5,0,24,True,396,2026-10-05
2025-01-31,2025-01,J0003,R03,Closed - Unfilled,10,5,0,30,True,396,2026-10-05
2025-01-31,2025-01,J0004,R04,Filled,8,8,0,35,True,396,2026-10-05
2025-01-31,2025-01,J0005,R05,Filled,8,8,0,32,True,396,2026-10-05
2025-01-31,2025-01,J0006,R06,Closed - Unfilled,9,3,0,23,True,396,2026-10-05
2025-01-31,2025-01,J0007,R07,Closed - Unfilled,10,4,0,25,True,396,2026-10-05
2025-01-31,2025-01,J0008,R08,Closed - Unfilled,8,7,0,24,True,396,2026-10-05
2025-01-31,2025-01,J0009,R09,Closed - Unfilled,10,6,0,24,True,396,2026-10-05
2025-01-31,2025-01,J0010,R10,Closed - Unfilled,10,4,0,27,True,396,2026-10-05
2025-01-31,2025-01,J0011,R01,Filled,9,9,0,31,True,379,2026-10-05
2025-01-31,2025-01,J0012,R02,Closed - Unfilled,9,8,0,34,True,379,2026-10-05
2025-01-31,2025-01,J0013,R03,Closed - Unfilled,10,4,0,25,True,379,2026-10-05
2025-01-31,2025-01,J0014,R04,Closed - Unfilled,10,3,0,30,True,379,2026-10-05
2025-01-31,2025-01,J0015,R05,Filled,7,7,0,34,True,379,2026-10-05
2025-01-31,2025-01,J0016,R06,Filled,9,9,0,35,True,379,2026-10-05
2025-01-31,2025-01,J0017,R07,Filled,8,8,0,23,True,379,2026-10-05
2025-01-31,2025-01,J0018,R08,Closed - Unfilled,9,7,0,35,True,379,2026-10-05
2025-01-31,2025-01,J0019,R09,Closed - Unfilled,10,4,0,29,True,379,2026-10-05
2025-01-31,2025-01,J0020,R10,Filled,7,7,0,25,True,379,2026-10-05
2025-01-31,2025-01,J0021,R01,Closed - Unfilled,5,1,0,20,True,350,2026-10-05
2025-01-31,2025-01,J0022,R02,Filled,6,6,0,31,True,350,2026-10-05
2025-01-31,2025-01,J0023,R03,Closed - Unfilled,8,5,0,28,True,350,2026-10-05
2025-01-31,2025-01,J0024,R04,Filled,6,6,0,29,True,350,2026-10-05
2025-01-31,2025-01,J0025,R05,Closed - Unfilled,8,7,0,28,True,350,2026-10-05
2025-01-31,2025-01,J0026,R06,Closed - Unfilled,9,6,0,37,True,350,2026-10-05
2025-01-31,2025-01,J0027,R07,Closed - Unfilled,10,8,0,26,True,350,2026-10-05
2025-01-31,2025-01,J0028,R08,Filled,7,7,0,27,True,350,2026-10-05
2025-01-31,2025-01,J0029,R09,Closed - Unfilled,9,4,0,24,True,350,2026-10-05
2025-01-31,2025-01,J0030,R10,Closed - Unfilled,8,3,0,23,True,350,2026-10-05
2025-01-31,2025-01,J0031,R01,Closed - Unfilled,9,5,0,30,True,319,2026-10-05
2025-01-31,2025-01,J0032,R02,Closed - Unfilled,10,6,0,37,True,319,2026-10-05
2025-01-31,2025-01,J0033,R03,Closed - Unfilled,5,4,0,30,True,319,2026-10-05
2025-01-31,2025-01,J0034,R04,Closed - Unfilled,10,8,0,27,True,319,2026-10-05
2025-01-31,2025-01,J0035,R05,Closed - Unfilled,8,5,0,30,True,319,2026-10-05
2025-01-31,2025-01,J0036,R06,Closed - Unfilled,10,9,0,41,True,319,2026-10-05
2025-01-31,2025-01,J0037,R07,Closed - Unfilled,8,6,0,24,True,319,2026-10-05
2025-01-31,2025-01,J0038,R08,Filled,7,7,0,32,True,319,2026-10-05
2025-01-31,2025-01,J0039,R09,Closed - Unfilled,7,5,0,26,True,319,2026-10-05
2025-01-31,2025-01,J0040,R10,Filled,6,6,0,28,True,319,2026-10-05
2025-01-31,2025-01,J0041,R01,Filled,5,5,0,34,True,289,2026-10-05
2025-01-31,2025-01,J0042,R02,Filled,5,5,0,33,True,289,2026-10-05
2025-01-31,2025-01,J0043,R03,Filled,7,7,0,32,True,289,2026-10-05
2025-01-31,2025-01,J0044,R04,Closed - Unfilled,7,6,0,33,True,289,2026-10-05
2025-01-31,2025-01,J0045,R05,Closed - Unfilled,9,4,0,31,True,289,2026-10-05
2025-01-31,2025-01,J0046,R06,Filled,7,7,0,35,True,289,2026-10-05
2025-01-31,2025-01,J0047,R07,Closed - Unfilled,8,7,0,26,True,289,2026-10-05
2025-01-31,2025-01,J0048,R08,Filled,9,9,0,37,True,289,2026-10-05
2025-01-31,2025-01,J0049,R09,Closed - Unfilled,6,4,0,21,True,289,2026-10-05
2025-01-31,2025-01,J0050,R10,Closed - Unfilled,10,3,0,34,True,289,2026-10-05
2025-01-31,2025-01,J0051,R01,Closed - Unfilled,10,6,0,26,True,258,2026-10-05
2025-01-31,2025-01,J0052,R02,Closed - Unfilled,9,4,0,24,True,258,2026-10-05
2025-01-31,2025-01,J0053,R03,Closed - Unfilled,10,9,0,36,True,258,2026-10-05
2025-01-31,2025-01,J0054,R04,Filled,6,6,0,28,True,258,2026-10-05
2025-01-31,2025-01,J0055,R05,Filled,5,5,0,33,True,258,2026-10-05
2025-01-31,2025-01,J0056,R06,Closed - Unfilled,8,5,0,27,True,258,2026-10-05
2025-01-31,2025-01,J0057,R07,Closed - Unfilled,6,3,0,19,True,258,2026-10-05
2025-01-31,2025-01,J0058,R08,Closed - Unfilled,10,2,0,30,True,258,2026-10-05
2025-01-31,2025-01,J0059,R09,Filled,6,6,0,29,True,258,2026-10-05
2025-01-31,2025-01,J0060,R10,Closed - Unfilled,8,6,0,33,True,258,2026-10-05
2025-01-31,2025-01,J0061,R01,Closed - Unfilled,7,3,0,27,True,228,2026-10-05
2025-01-31,2025-01,J0062,R02,Closed - Unfilled,9,5,0,23,True,228,2026-10-05
2025-01-31,2025-01,J0063,R03,Closed - Unfilled,10,8,0,33,True,228,2026-10-05
2025-01-31,2025-01,J0064,R04,Closed - Unfilled,9,5,0,29,True,228,2026-10-05
2025-01-31,2025-01,J0065,R05,Filled,9,9,0,31,True,228,2026-10-05
2025-01-31,2025-01,J0066,R06,Closed - Unfilled,5,4,0,35,True,228,2026-10-05
2025-01-31,2025-01,J0067,R07,Closed - Unfilled,7,3,0,26,True,228,2026-10-05
2025-01-31,2025-01,J0068,R08,Filled,5,5,0,26,True,228,2026-10-05
2025-01-31,2025-01,J0069,R09,Filled,8,8,0,27,True,228,2026-10-05
2025-01-31,2025-01,J0070,R10,Closed - Unfilled,10,5,0,33,True,228,2026-10-05
2025-01-31,2025-01,J0071,R01,Closed - Unfilled,10,1,0,30,True,197,2026-10-05
2025-01-31,2025-01,J0072,R02,Filled,6,6,0,34,True,197,2026-10-05
2025-01-31,2025-01,J0073,R03,Filled,7,7,0,28,True,197,2026-10-05
2025-01-31,2025-01,J0074,R04,Filled,7,7,0,34,True,197,2026-10-05
2025-01-31,2025-01,J0075,R05,Closed - Unfilled,10,7,0,38,True,197,2026-10-05
2025-01-31,2025-01,J0076,R06,Filled,6,6,0,32,True,197,2026-10-05
2025-01-31,2025-01,J0077,R07,Closed - Unfilled,10,9,0,29,True,197,2026-10-05
2025-01-31,2025-01,J0078,R08,Filled,5,5,0,27,True,197,2026-10-05
2025-01-31,2025-01,J0079,R09,Closed - Unfilled,10,7,0,27,True,197,2026-10-05
2025-01-31,2025-01,J0080,R10,Closed - Unfilled,8,4,0,29,True,197,2026-10-05
2025-01-31,2025-01,J0081,R01,Filled,5,5,0,30,True,166,2026-10-05
2025-01-31,2025-01,J0082,R02,Filled,7,7,0,34,True,166,2026-10-05
2025-01-31,2025-01,J0083,R03,Filled,5,5,0,27,True,166,2026-10-05
2025-01-31,2025-01,J0084,R04,Filled,6,6,0,32,True,166,2026-10-05
2025-01-31,2025-01,J0085,R05,Filled,7,7,0,30,True,166,2026-10-05
2025-01-31,2025-01,J0086,R06,Filled,5,5,0,32,True,166,2026-10-05
2025-01-31,2025-01,J0087,R07,Filled,7,7,0,24,True,166,2026-10-05
2025-01-31,2025-01,J0088,R08,Closed - Unfilled,8,4,0,31,True,166,2026-10-05
2025-01-31,2025-01,J0089,R09,Filled,6,6,0,31,True,166,2026-10-05
2025-01-31,2025-01,J0090,R10,Filled,8,8,0,36,True,166,2026-10-05
2025-01-31,2025-01,J0091,R01,Closed - Unfilled,10,4,0,22,True,136,2026-10-05
2025-01-31,2025-01,J0092,R02,Closed - Unfilled,9,2,0,21,True,136,2026-10-05
2025-01-31,2025-01,J0093,R03,Closed - Unfilled,10,6,0,31,True,136,2026-10-05
2025-01-31,2025-01,J0094,R04,Closed - Unfilled,7,6,0,28,True,136,2026-10-05
2025-01-31,2025-01,J0095,R05,Closed - Unfilled,9,4,0,31,True,136,2026-10-05
2025-01-31,2025-01,J0096,R06,Closed - Unfilled,7,4,0,37,True,136,2026-10-05
2025-01-31,2025-01,J0097,R07,Filled,6,6,0,39,True,136,2026-10-05
2025-01-31,2025-01,J0098,R08,Filled,6,6,0,23,True,136,2026-10-05
2025-01-31,2025-01,J0099,R09,Filled,6,6,0,30,True,136,2026-10-05
2025-01-31,2025-01,J0100,R10,Filled,9,9,0,32,True,136,2026-10-05
2025-01-31,2025-01,J0101,R01,Open,7,3,4,30,True,105,2026-10-05
2025-01-31,2025-01,J0102,R02,Filled,5,5,0,33,True,105,2026-10-05
2025-01-31,2025-01,J0103,R03,Filled,8,8,0,32,True,105,2026-10-05
2025-01-31,2025-01,J0104,R04,Filled,8,8,0,28,True,105,2026-10-05
2025-01-31,2025-01,J0105,R05,Filled,5,5,0,36,True,105,2026-10-05
2025-01-31,2025-01,J0106,R06,Open,6,3,3,32,True,105,2026-10-05
2025-01-31,2025-01,J0107,R07,Open,10,8,2,28,True,105,2026-10-05
2025-01-31,2025-01,J0108,R08,Open,8,2,6,24,True,105,2026-10-05
2025-01-31,2025-01,J0109,R09,Open,9,3,6,22,True,105,2026-10-05
2025-01-31,2025-01,J0110,R10,Filled,5,5,0,27,True,105,2026-10-05
2025-01-31,2025-01,J0111,R01,Open,8,6,2,32,True,75,2026-10-05
2025-01-31,2025-01,J0112,R02,Filled,6,6,0,27,True,75,2026-10-05
2025-01-31,2025-01,J0113,R03,Filled,8,8,0,29,True,75,2026-10-05
2025-01-31,2025-01,J0114,R04,Filled,5,5,0,35,True,75,2026-10-05
2025-01-31,2025-01,J0115,R05,Open,10,6,4,32,True,75,2026-10-05
2025-01-31,2025-01,J0116,R06,Filled,5,5,0,32,True,75,2026-10-05
2025-01-31,2025-01,J0117,R07,Filled,8,8,0,30,True,75,2026-10-05
2025-01-31,2025-01,J0118,R08,Open,8,6,2,22,True,75,2026-10-05
2025-01-31,2025-01,J0119,R09,Open,8,3,5,28,True,75,2026-10-05
2025-01-31,2025-01,J0120,R10,Filled,9,9,0,31,True,75,2026-10-05
2025-01-31,2025-01,J0121,R01,Open,9,0,9,15,True,44,2026-10-05
2025-01-31,2025-01,J0122,R02,Open,10,0,10,21,True,44,2026-10-05
2025-01-31,2025-01,J0123,R03,Open,7,1,6,16,True,44,2026-10-05
2025-01-31,2025-01,J0124,R04,Open,8,2,6,22,True,44,2026-10-05
2025-01-31,2025-01,J0125,R05,Open,5,0,5,20,True,44,2026-10-05
2025-01-31,2025-01,J0126,R06,Open,8,1,7,18,True,44,2026-10-05
2025-01-31,2025-01,J0127,R07,Open,9,1,8,18,True,44,2026-10-05
2025-01-31,2025-01,J0128,R08,Open,10,1,9,18,True,44,2026-10-05
2025-01-31,2025-01,J0129,R09,Open,9,0,9,19,True,44,2026-10-05
2025-01-31,2025-01,J0130,R10,Open,7,1,6,20,True,44,2026-10-05
2025-01-31,2025-01,J0131,R01,Open,6,0,6,0,False,13,2026-10-05
2025-01-31,2025-01,J0132,R02,Open,9,0,9,0,False,13,2026-10-05
2025-01-31,2025-01,J0133,R03,Open,6,0,6,0,False,13,2026-10-05
2025-01-31,2025-01,J0134,R04,Open,8,0,8,0,False,13,2026-10-05
2025-01-31,2025-01,J0135,R05,Open,10,0,10,0,False,13,2026-10-05
2025-01-31,2025-01,J0136,R06,Open,8,0,8,0,False,13,2026-10-05
2025-01-31,2025-01,J0137,R07,Open,10,0,10,0,False,13,2026-10-05
2025-01-31,2025-01,J0138,R08,Open,5,0,5,0,False,13,2026-10-05
2025-01-31,2025-01,J0139,R09,Open,6,0,6,0,False,13,2026-10-05
2025-01-31,2025-01,J0140,R10,Open,9,0,9,0,False,13,2026-10-05
2025-02-28,2025-02,J0001,R01,Closed - Unfilled,7,4,0,27,True,424,2026-10-05
2025-02-28,2025-02,J0002,R02,Filled,5,5,0,24,True,424,2026-10-05
2025-02-28,2025-02,J0003,R03,Closed - Unfilled,10,5,0,30,True,424,2026-10-05
2025-02-28,2025-02,J0004,R04,Filled,8,8,0,35,True,424,2026-10-05
2025-02-28,2025-02,J0005,R05,Filled,8,8,0,32,True,424,2026-10-05
2025-02-28,2025-02,J0006,R06,Closed - Unfilled,9,3,0,23,True,424,2026-10-05
2025-02-28,2025-02,J0007,R07,Closed - Unfilled,10,4,0,25,True,424,2026-10-05
2025-02-28,2025-02,J0008,R08,Closed - Unfilled,8,7,0,24,True,424,2026-10-05
2025-02-28,2025-02,J0009,R09,Closed - Unfilled,10,6,0,24,True,424,2026-10-05
2025-02-28,2025-02,J0010,R10,Closed - Unfilled,10,4,0,27,True,424,2026-10-05
2025-02-28,2025-02,J0011,R01,Filled,9,9,0,31,True,407,2026-10-05
2025-02-28,2025-02,J0012,R02,Closed - Unfilled,9,8,0,34,True,407,2026-10-05
2025-02-28,2025-02,J0013,R03,Closed - Unfilled,10,4,0,25,True,407,2026-10-05
2025-02-28,2025-02,J0014,R04,Closed - Unfilled,10,3,0,30,True,407,2026-10-05
2025-02-28,2025-02,J0015,R05,Filled,7,7,0,34,True,407,2026-10-05
2025-02-28,2025-02,J0016,R06,Filled,9,9,0,35,True,407,2026-10-05
2025-02-28,2025-02,J0017,R07,Filled,8,8,0,23,True,407,2026-10-05
2025-02-28,2025-02,J0018,R08,Closed - Unfilled,9,7,0,35,True,407,2026-10-05
2025-02-28,2025-02,J0019,R09,Closed - Unfilled,10,4,0,29,True,407,2026-10-05
2025-02-28,2025-02,J0020,R10,Filled,7,7,0,25,True,407,2026-10-05
2025-02-28,2025-02,J0021,R01,Closed - Unfilled,5,1,0,20,True,378,2026-10-05
2025-02-28,2025-02,J0022,R02,Filled,6,6,0,31,True,378,2026-10-05
2025-02-28,2025-02,J0023,R03,Closed - Unfilled,8,5,0,28,True,378,2026-10-05
2025-02-28,2025-02,J0024,R04,Filled,6,6,0,29,True,378,2026-10-05
2025-02-28,2025-02,J0025,R05,Closed - Unfilled,8,7,0,28,True,378,2026-10-05
2025-02-28,2025-02,J0026,R06,Closed - Unfilled,9,6,0,37,True,378,2026-10-05
2025-02-28,2025-02,J0027,R07,Closed - Unfilled,10,8,0,26,True,378,2026-10-05
2025-02-28,2025-02,J0028,R08,Filled,7,7,0,27,True,378,2026-10-05
2025-02-28,2025-02,J0029,R09,Closed - Unfilled,9,4,0,24,True,378,2026-10-05
2025-02-28,2025-02,J0030,R10,Closed - Unfilled,8,3,0,23,True,378,2026-10-05
2025-02-28,2025-02,J0031,R01,Closed - Unfilled,9,5,0,30,True,347,2026-10-05
2025-02-28,2025-02,J0032,R02,Closed - Unfilled,10,6,0,37,True,347,2026-10-05
2025-02-28,2025-02,J0033,R03,Closed - Unfilled,5,4,0,30,True,347,2026-10-05
2025-02-28,2025-02,J0034,R04,Closed - Unfilled,10,8,0,27,True,347,2026-10-05
2025-02-28,2025-02,J0035,R05,Closed - Unfilled,8,5,0,30,True,347,2026-10-05
2025-02-28,2025-02,J0036,R06,Closed - Unfilled,10,9,0,41,True,347,2026-10-05
2025-02-28,2025-02,J0037,R07,Closed - Unfilled,8,6,0,24,True,347,2026-10-05
2025-02-28,2025-02,J0038,R08,Filled,7,7,0,32,True,347,2026-10-05
2025-02-28,2025-02,J0039,R09,Closed - Unfilled,7,5,0,26,True,347,2026-10-05
2025-02-28,2025-02,J0040,R10,Filled,6,6,0,28,True,347,2026-10-05
2025-02-28,2025-02,J0041,R01,Filled,5,5,0,34,True,317,2026-10-05
2025-02-28,2025-02,J0042,R02,Filled,5,5,0,33,True,317,2026-10-05
2025-02-28,2025-02,J0043,R03,Filled,7,7,0,32,True,317,2026-10-05
2025-02-28,2025-02,J0044,R04,Closed - Unfilled,7,6,0,33,True,317,2026-10-05
2025-02-28,2025-02,J0045,R05,Closed - Unfilled,9,4,0,31,True,317,2026-10-05
2025-02-28,2025-02,J0046,R06,Filled,7,7,0,35,True,317,2026-10-05
2025-02-28,2025-02,J0047,R07,Closed - Unfilled,8,7,0,26,True,317,2026-10-05
2025-02-28,2025-02,J0048,R08,Filled,9,9,0,37,True,317,2026-10-05
2025-02-28,2025-02,J0049,R09,Closed - Unfilled,6,4,0,21,True,317,2026-10-05
2025-02-28,2025-02,J0050,R10,Closed - Unfilled,10,3,0,34,True,317,2026-10-05
2025-02-28,2025-02,J0051,R01,Closed - Unfilled,10,6,0,26,True,286,2026-10-05
2025-02-28,2025-02,J0052,R02,Closed - Unfilled,9,4,0,24,True,286,2026-10-05
2025-02-28,2025-02,J0053,R03,Closed - Unfilled,10,9,0,36,True,286,2026-10-05
2025-02-28,2025-02,J0054,R04,Filled,6,6,0,28,True,286,2026-10-05
2025-02-28,2025-02,J0055,R05,Filled,5,5,0,33,True,286,2026-10-05
2025-02-28,2025-02,J0056,R06,Closed - Unfilled,8,5,0,27,True,286,2026-10-05
2025-02-28,2025-02,J0057,R07,Closed - Unfilled,6,3,0,19,True,286,2026-10-05
2025-02-28,2025-02,J0058,R08,Closed - Unfilled,10,2,0,30,True,286,2026-10-05
2025-02-28,2025-02,J0059,R09,Filled,6,6,0,29,True,286,2026-10-05
2025-02-28,2025-02,J0060,R10,Closed - Unfilled,8,6,0,33,True,286,2026-10-05
2025-02-28,2025-02,J0061,R01,Closed - Unfilled,7,3,0,27,True,256,2026-10-05
2025-02-28,2025-02,J0062,R02,Closed - Unfilled,9,5,0,23,True,256,2026-10-05
2025-02-28,2025-02,J0063,R03,Closed - Unfilled,10,8,0,33,True,256,2026-10-05
2025-02-28,2025-02,J0064,R04,Closed - Unfilled,9,5,0,29,True,256,2026-10-05
2025-02-28,2025-02,J0065,R05,Filled,9,9,0,31,True,256,2026-10-05
2025-02-28,2025-02,J0066,R06,Closed - Unfilled,5,4,0,35,True,256,2026-10-05
2025-02-28,2025-02,J0067,R07,Closed - Unfilled,7,3,0,26,True,256,2026-10-05
2025-02-28,2025-02,J0068,R08,Filled,5,5,0,26,True,256,2026-10-05
2025-02-28,2025-02,J0069,R09,Filled,8,8,0,27,True,256,2026-10-05
2025-02-28,2025-02,J0070,R10,Closed - Unfilled,10,5,0,33,True,256,2026-10-05
2025-02-28,2025-02,J0071,R01,Closed - Unfilled,10,1,0,30,True,225,2026-10-05
2025-02-28,2025-02,J0072,R02,Filled,6,6,0,34,True,225,2026-10-05
2025-02-28,2025-02,J0073,R03,Filled,7,7,0,28,True,225,2026-10-05
2025-02-28,2025-02,J0074,R04,Filled,7,7,0,34,True,225,2026-10-05
2025-02-28,2025-02,J0075,R05,Closed - Unfilled,10,7,0,38,True,225,2026-10-05
2025-02-28,2025-02,J0076,R06,Filled,6,6,0,32,True,225,2026-10-05
2025-02-28,2025-02,J0077,R07,Closed - Unfilled,10,9,0,29,True,225,2026-10-05
2025-02-28,2025-02,J0078,R08,Filled,5,5,0,27,True,225,2026-10-05
2025-02-28,2025-02,J0079,R09,Closed - Unfilled,10,7,0,27,True,225,2026-10-05
2025-02-28,2025-02,J0080,R10,Closed - Unfilled,8,4,0,29,True,225,2026-10-05
2025-02-28,2025-02,J0081,R01,Filled,5,5,0,30,True,194,2026-10-05
2025-02-28,2025-02,J0082,R02,Filled,7,7,0,34,True,194,2026-10-05
2025-02-28,2025-02,J0083,R03,Filled,5,5,0,27,True,194,2026-10-05
2025-02-28,2025-02,J0084,R04,Filled,6,6,0,32,True,194,2026-10-05
2025-02-28,2025-02,J0085,R05,Filled,7,7,0,30,True,194,2026-10-05
2025-02-28,2025-02,J0086,R06,Filled,5,5,0,32,True,194,2026-10-05
2025-02-28,2025-02,J0087,R07,Filled,7,7,0,24,True,194,2026-10-05
2025-02-28,2025-02,J0088,R08,Closed - Unfilled,8,4,0,31,True,194,2026-10-05
2025-02-28,2025-02,J0089,R09,Filled,6,6,0,31,True,194,2026-10-05
2025-02-28,2025-02,J0090,R10,Filled,8,8,0,36,True,194,2026-10-05
2025-02-28,2025-02,J0091,R01,Closed - Unfilled,10,4,0,22,True,164,2026-10-05
2025-02-28,2025-02,J0092,R02,Closed - Unfilled,9,2,0,21,True,164,2026-10-05
2025-02-28,2025-02,J0093,R03,Closed - Unfilled,10,6,0,31,True,164,2026-10-05
2025-02-28,2025-02,J0094,R04,Closed - Unfilled,7,6,0,28,True,164,2026-10-05
2025-02-28,2025-02,J0095,R05,Closed - Unfilled,9,4,0,31,True,164,2026-10-05
2025-02-28,2025-02,J0096,R06,Closed - Unfilled,7,4,0,37,True,164,2026-10-05
2025-02-28,2025-02,J0097,R07,Filled,6,6,0,39,True,164,2026-10-05
2025-02-28,2025-02,J0098,R08,Filled,6,6,0,23,True,164,2026-10-05
2025-02-28,2025-02,J0099,R09,Filled,6,6,0,30,True,164,2026-10-05
2025-02-28,2025-02,J0100,R10,Filled,9,9,0,32,True,164,2026-10-05
2025-02-28,2025-02,J0101,R01,Closed - Unfilled,7,3,0,30,True,133,2026-10-05
2025-02-28,2025-02,J0102,R02,Filled,5,5,0,33,True,133,2026-10-05
2025-02-28,2025-02,J0103,R03,Filled,8,8,0,32,True,133,2026-10-05
2025-02-28,2025-02,J0104,R04,Filled,8,8,0,28,True,133,2026-10-05
2025-02-28,2025-02,J0105,R05,Filled,5,5,0,36,True,133,2026-10-05
2025-02-28,2025-02,J0106,R06,Closed - Unfilled,6,3,0,32,True,133,2026-10-05
2025-02-28,2025-02,J0107,R07,Closed - Unfilled,10,8,0,28,True,133,2026-10-05
2025-02-28,2025-02,J0108,R08,Closed - Unfilled,8,2,0,24,True,133,2026-10-05
2025-02-28,2025-02,J0109,R09,Closed - Unfilled,9,3,0,22,True,133,2026-10-05
2025-02-28,2025-02,J0110,R10,Filled,5,5,0,27,True,133,2026-10-05
2025-02-28,2025-02,J0111,R01,Open,8,7,1,32,True,103,2026-10-05
2025-02-28,2025-02,J0112,R02,Filled,6,6,0,27,True,103,2026-10-05
2025-02-28,2025-02,J0113,R03,Filled,8,8,0,29,True,103,2026-10-05
2025-02-28,2025-02,J0114,R04,Filled,5,5,0,35,True,103,2026-10-05
2025-02-28,2025-02,J0115,R05,Open,10,7,3,32,True,103,2026-10-05
2025-02-28,2025-02,J0116,R06,Filled,5,5,0,32,True,103,2026-10-05
2025-02-28,2025-02,J0117,R07,Filled,8,8,0,30,True,103,2026-10-05
2025-02-28,2025-02,J0118,R08,Open,8,7,1,22,True,103,2026-10-05
2025-02-28,2025-02,J0119,R09,Open,8,4,4,28,True,103,2026-10-05
2025-02-28,2025-02,J0120,R10,Filled,9,9,0,31,True,103,2026-10-05
2025-02-28,2025-02,J0121,R01,Open,9,4,5,23,True,72,2026-10-05
2025-02-28,2025-02,J0122,R02,Open,10,4,6,30,True,72,2026-10-05
2025-02-28,2025-02,J0123,R03,Open,7,5,2,27,True,72,2026-10-05
2025-02-28,2025-02,J0124,R04,Open,8,7,1,31,True,72,2026-10-05
2025-02-28,2025-02,J0125,R05,Open,5,5,0,32,True,72,2026-10-05
2025-02-28,2025-02,J0126,R06,Filled,8,8,0,33,True,72,2026-10-05
2025-02-28,2025-02,J0127,R07,Open,9,7,2,25,True,72,2026-10-05
2025-02-28,2025-02,J0128,R08,Open,10,10,0,27,True,72,2026-10-05
2025-02-28,2025-02,J0129,R09,Open,9,4,5,26,True,72,2026-10-05
2025-02-28,2025-02,J0130,R10,Open,7,4,3,26,True,72,2026-10-05
2025-02-28,2025-02,J0131,R01,Open,6,0,6,21,True,41,2026-10-05
2025-02-28,2025-02,J0132,R02,Open,9,0,9,14,True,41,2026-10-05
2025-02-28,2025-02,J0133,R03,Open,6,1,5,22,True,41,2026-10-05
2025-02-28,2025-02,J0134,R04,Open,8,1,7,23,True,41,2026-10-05
2025-02-28,2025-02,J0135,R05,Open,10,0,10,20,True,41,2026-10-05
2025-02-28,2025-02,J0136,R06,Open,8,1,7,25,True,41,2026-10-05
2025-02-28,2025-02,J0137,R07,Open,10,0,10,17,True,41,2026-10-05
2025-02-28,2025-02,J0138,R08,Open,5,0,5,16,True,41,2026-10-05
2025-02-28,2025-02,J0139,R09,Open,6,3,3,19,True,41,2026-10-05
2025-02-28,2025-02,J0140,R10,Open,9,0,9,14,True,41,2026-10-05
2025-02-28,2025-02,J0141,R01,Open,5,0,5,0,False,13,2026-10-05
2025-02-28,2025-02,J0142,R02,Open,8,0,8,0,False,13,2026-10-05
2025-02-28,2025-02,J0143,R03,Open,9,0,9,0,False,13,2026-10-05
2025-02-28,2025-02,J0144,R04,Open,8,0,8,0,False,13,2026-10-05
2025-02-28,2025-02,J0145,R05,Open,9,0,9,0,False,13,2026-10-05
2025-02-28,2025-02,J0146,R06,Open,5,0,5,0,False,13,2026-10-05
2025-02-28,2025-02,J0147,R07,Open,6,0,6,0,False,13,2026-10-05
2025-02-28,2025-02,J0148,R08,Open,7,0,7,0,False,13,2026-10-05
2025-02-28,2025-02,J0149,R09,Open,7,0,7,0,False,13,2026-10-05
2025-02-28,2025-02,J0150,R10,Open,8,0,8,0,False,13,2026-10-05
2025-03-31,2025-03,J0001,R01,Closed - Unfilled,7,4,0,27,True,455,2026-10-05
2025-03-31,2025-03,J0002,R02,Filled,5,5,0,24,True,455,2026-10-05
2025-03-31,2025-03,J0003,R03,Closed - Unfilled,10,5,0,30,True,455,2026-10-05
2025-03-31,2025-03,J0004,R04,Filled,8,8,0,35,True,455,2026-10-05
2025-03-31,2025-03,J0005,R05,Filled,8,8,0,32,True,455,2026-10-05
2025-03-31,2025-03,J0006,R06,Closed - Unfilled,9,3,0,23,True,455,2026-10-05
2025-03-31,2025-03,J0007,R07,Closed - Unfilled,10,4,0,25,True,455,2026-10-05
2025-03-31,2025-03,J0008,R08,Closed - Unfilled,8,7,0,24,True,455,2026-10-05
2025-03-31,2025-03,J0009,R09,Closed - Unfilled,10,6,0,24,True,455,2026-10-05
2025-03-31,2025-03,J0010,R10,Closed - Unfilled,10,4,0,27,True,455,2026-10-05
2025-03-31,2025-03,J0011,R01,Filled,9,9,0,31,True,438,2026-10-05
2025-03-31,2025-03,J0012,R02,Closed - Unfilled,9,8,0,34,True,438,2026-10-05
2025-03-31,2025-03,J0013,R03,Closed - Unfilled,10,4,0,25,True,438,2026-10-05
2025-03-31,2025-03,J0014,R04,Closed - Unfilled,10,3,0,30,True,438,2026-10-05
2025-03-31,2025-03,J0015,R05,Filled,7,7,0,34,True,438,2026-10-05
2025-03-31,2025-03,J0016,R06,Filled,9,9,0,35,True,438,2026-10-05
2025-03-31,2025-03,J0017,R07,Filled,8,8,0,23,True,438,2026-10-05
2025-03-31,2025-03,J0018,R08,Closed - Unfilled,9,7,0,35,True,438,2026-10-05
2025-03-31,2025-03,J0019,R09,Closed - Unfilled,10,4,0,29,True,438,2026-10-05
2025-03-31,2025-03,J0020,R10,Filled,7,7,0,25,True,438,2026-10-05
2025-03-31,2025-03,J0021,R01,Closed - Unfilled,5,1,0,20,True,409,2026-10-05
2025-03-31,2025-03,J0022,R02,Filled,6,6,0,31,True,409,2026-10-05
2025-03-31,2025-03,J0023,R03,Closed - Unfilled,8,5,0,28,True,409,2026-10-05
2025-03-31,2025-03,J0024,R04,Filled,6,6,0,29,True,409,2026-10-05
2025-03-31,2025-03,J0025,R05,Closed - Unfilled,8,7,0,28,True,409,2026-10-05
2025-03-31,2025-03,J0026,R06,Closed - Unfilled,9,6,0,37,True,409,2026-10-05
2025-03-31,2025-03,J0027,R07,Closed - Unfilled,10,8,0,26,True,409,2026-10-05
2025-03-31,2025-03,J0028,R08,Filled,7,7,0,27,True,409,2026-10-05
2025-03-31,2025-03,J0029,R09,Closed - Unfilled,9,4,0,24,True,409,2026-10-05
2025-03-31,2025-03,J0030,R10,Closed - Unfilled,8,3,0,23,True,409,2026-10-05
2025-03-31,2025-03,J0031,R01,Closed - Unfilled,9,5,0,30,True,378,2026-10-05
2025-03-31,2025-03,J0032,R02,Closed - Unfilled,10,6,0,37,True,378,2026-10-05
2025-03-31,2025-03,J0033,R03,Closed - Unfilled,5,4,0,30,True,378,2026-10-05
2025-03-31,2025-03,J0034,R04,Closed - Unfilled,10,8,0,27,True,378,2026-10-05
2025-03-31,2025-03,J0035,R05,Closed - Unfilled,8,5,0,30,True,378,2026-10-05
2025-03-31,2025-03,J0036,R06,Closed - Unfilled,10,9,0,41,True,378,2026-10-05
2025-03-31,2025-03,J0037,R07,Closed - Unfilled,8,6,0,24,True,378,2026-10-05
2025-03-31,2025-03,J0038,R08,Filled,7,7,0,32,True,378,2026-10-05
2025-03-31,2025-03,J0039,R09,Closed - Unfilled,7,5,0,26,True,378,2026-10-05
2025-03-31,2025-03,J0040,R10,Filled,6,6,0,28,True,378,2026-10-05
2025-03-31,2025-03,J0041,R01,Filled,5,5,0,34,True,348,2026-10-05
2025-03-31,2025-03,J0042,R02,Filled,5,5,0,33,True,348,2026-10-05
2025-03-31,2025-03,J0043,R03,Filled,7,7,0,32,True,348,2026-10-05
2025-03-31,2025-03,J0044,R04,Closed - Unfilled,7,6,0,33,True,348,2026-10-05
2025-03-31,2025-03,J0045,R05,Closed - Unfilled,9,4,0,31,True,348,2026-10-05
2025-03-31,2025-03,J0046,R06,Filled,7,7,0,35,True,348,2026-10-05
2025-03-31,2025-03,J0047,R07,Closed - Unfilled,8,7,0,26,True,348,2026-10-05
2025-03-31,2025-03,J0048,R08,Filled,9,9,0,37,True,348,2026-10-05
2025-03-31,2025-03,J0049,R09,Closed - Unfilled,6,4,0,21,True,348,2026-10-05
2025-03-31,2025-03,J0050,R10,Closed - Unfilled,10,3,0,34,True,348,2026-10-05
2025-03-31,2025-03,J0051,R01,Closed - Unfilled,10,6,0,26,True,317,2026-10-05
2025-03-31,2025-03,J0052,R02,Closed - Unfilled,9,4,0,24,True,317,2026-10-05
2025-03-31,2025-03,J0053,R03,Closed - Unfilled,10,9,0,36,True,317,2026-10-05
2025-03-31,2025-03,J0054,R04,Filled,6,6,0,28,True,317,2026-10-05
2025-03-31,2025-03,J0055,R05,Filled,5,5,0,33,True,317,2026-10-05
2025-03-31,2025-03,J0056,R06,Closed - Unfilled,8,5,0,27,True,317,2026-10-05
2025-03-31,2025-03,J0057,R07,Closed - Unfilled,6,3,0,19,True,317,2026-10-05
2025-03-31,2025-03,J0058,R08,Closed - Unfilled,10,2,0,30,True,317,2026-10-05
2025-03-31,2025-03,J0059,R09,Filled,6,6,0,29,True,317,2026-10-05
2025-03-31,2025-03,J0060,R10,Closed - Unfilled,8,6,0,33,True,317,2026-10-05
2025-03-31,2025-03,J0061,R01,Closed - Unfilled,7,3,0,27,True,287,2026-10-05
2025-03-31,2025-03,J0062,R02,Closed - Unfilled,9,5,0,23,True,287,2026-10-05
2025-03-31,2025-03,J0063,R03,Closed - Unfilled,10,8,0,33,True,287,2026-10-05
2025-03-31,2025-03,J0064,R04,Closed - Unfilled,9,5,0,29,True,287,2026-10-05
2025-03-31,2025-03,J0065,R05,Filled,9,9,0,31,True,287,2026-10-05
2025-03-31,2025-03,J0066,R06,Closed - Unfilled,5,4,0,35,True,287,2026-10-05
2025-03-31,2025-03,J0067,R07,Closed - Unfilled,7,3,0,26,True,287,2026-10-05
2025-03-31,2025-03,J0068,R08,Filled,5,5,0,26,True,287,2026-10-05
2025-03-31,2025-03,J0069,R09,Filled,8,8,0,27,True,287,2026-10-05
2025-03-31,2025-03,J0070,R10,Closed - Unfilled,10,5,0,33,True,287,2026-10-05
2025-03-31,2025-03,J0071,R01,Closed - Unfilled,10,1,0,30,True,256,2026-10-05
2025-03-31,2025-03,J0072,R02,Filled,6,6,0,34,True,256,2026-10-05
2025-03-31,2025-03,J0073,R03,Filled,7,7,0,28,True,256,2026-10-05
2025-03-31,2025-03,J0074,R04,Filled,7,7,0,34,True,256,2026-10-05
2025-03-31,2025-03,J0075,R05,Closed - Unfilled,10,7,0,38,True,256,2026-10-05
2025-03-31,2025-03,J0076,R06,Filled,6,6,0,32,True,256,2026-10-05
2025-03-31,2025-03,J0077,R07,Closed - Unfilled,10,9,0,29,True,256,2026-10-05
2025-03-31,2025-03,J0078,R08,Filled,5,5,0,27,True,256,2026-10-05
2025-03-31,2025-03,J0079,R09,Closed - Unfilled,10,7,0,27,True,256,2026-10-05
2025-03-31,2025-03,J0080,R10,Closed - Unfilled,8,4,0,29,True,256,2026-10-05
2025-03-31,2025-03,J0081,R01,Filled,5,5,0,30,True,225,2026-10-05
2025-03-31,2025-03,J0082,R02,Filled,7,7,0,34,True,225,2026-10-05
2025-03-31,2025-03,J0083,R03,Filled,5,5,0,27,True,225,2026-10-05
2025-03-31,2025-03,J0084,R04,Filled,6,6,0,32,True,225,2026-10-05
2025-03-31,2025-03,J0085,R05,Filled,7,7,0,30,True,225,2026-10-05
2025-03-31,2025-03,J0086,R06,Filled,5,5,0,32,True,225,2026-10-05
2025-03-31,2025-03,J0087,R07,Filled,7,7,0,24,True,225,2026-10-05
2025-03-31,2025-03,J0088,R08,Closed - Unfilled,8,4,0,31,True,225,2026-10-05
2025-03-31,2025-03,J0089,R09,Filled,6,6,0,31,True,225,2026-10-05
2025-03-31,2025-03,J0090,R10,Filled,8,8,0,36,True,225,2026-10-05
2025-03-31,2025-03,J0091,R01,Closed - Unfilled,10,4,0,22,True,195,2026-10-05
2025-03-31,2025-03,J0092,R02,Closed - Unfilled,9,2,0,21,True,195,2026-10-05
2025-03-31,2025-03,J0093,R03,Closed - Unfilled,10,6,0,31,True,195,2026-10-05
2025-03-31,2025-03,J0094,R04,Closed - Unfilled,7,6,0,28,True,195,2026-10-05
2025-03-31,2025-03,J0095,R05,Closed - Unfilled,9,4,0,31,True,195,2026-10-05
2025-03-31,2025-03,J0096,R06,Closed - Unfilled,7,4,0,37,True,195,2026-10-05
2025-03-31,2025-03,J0097,R07,Filled,6,6,0,39,True,195,2026-10-05
2025-03-31,2025-03,J0098,R08,Filled,6,6,0,23,True,195,2026-10-05
2025-03-31,2025-03,J0099,R09,Filled,6,6,0,30,True,195,2026-10-05
2025-03-31,2025-03,J0100,R10,Filled,9,9,0,32,True,195,2026-10-05
2025-03-31,2025-03,J0101,R01,Closed - Unfilled,7,3,0,30,True,164,2026-10-05
2025-03-31,2025-03,J0102,R02,Filled,5,5,0,33,True,164,2026-10-05
2025-03-31,2025-03,J0103,R03,Filled,8,8,0,32,True,164,2026-10-05
2025-03-31,2025-03,J0104,R04,Filled,8,8,0,28,True,164,2026-10-05
2025-03-31,2025-03,J0105,R05,Filled,5,5,0,36,True,164,2026-10-05
2025-03-31,2025-03,J0106,R06,Closed - Unfilled,6,3,0,32,True,164,2026-10-05
2025-03-31,2025-03,J0107,R07,Closed - Unfilled,10,8,0,28,True,164,2026-10-05
2025-03-31,2025-03,J0108,R08,Closed - Unfilled,8,2,0,24,True,164,2026-10-05
2025-03-31,2025-03,J0109,R09,Closed - Unfilled,9,3,0,22,True,164,2026-10-05
2025-03-31,2025-03,J0110,R10,Filled,5,5,0,27,True,164,2026-10-05
2025-03-31,2025-03,J0111,R01,Closed - Unfilled,8,7,0,32,True,134,2026-10-05
2025-03-31,2025-03,J0112,R02,Filled,6,6,0,27,True,134,2026-10-05
2025-03-31,2025-03,J0113,R03,Filled,8,8,0,29,True,134,2026-10-05
2025-03-31,2025-03,J0114,R04,Filled,5,5,0,35,True,134,2026-10-05
2025-03-31,2025-03,J0115,R05,Closed - Unfilled,10,7,0,32,True,134,2026-10-05
2025-03-31,2025-03,J0116,R06,Filled,5,5,0,32,True,134,2026-10-05
2025-03-31,2025-03,J0117,R07,Filled,8,8,0,30,True,134,2026-10-05
2025-03-31,2025-03,J0118,R08,Closed - Unfilled,8,7,0,22,True,134,2026-10-05
2025-03-31,2025-03,J0119,R09,Closed - Unfilled,8,4,0,28,True,134,2026-10-05
2025-03-31,2025-03,J0120,R10,Filled,9,9,0,31,True,134,2026-10-05
2025-03-31,2025-03,J0121,R01,Open,9,5,4,23,True,103,2026-10-05
2025-03-31,2025-03,J0122,R02,Open,10,5,5,30,True,103,2026-10-05
2025-03-31,2025-03,J0123,R03,Open,7,6,1,27,True,103,2026-10-05
2025-03-31,2025-03,J0124,R04,Open,8,7,1,31,True,103,2026-10-05
2025-03-31,2025-03,J0125,R05,Filled,5,5,0,32,True,103,2026-10-05
2025-03-31,2025-03,J0126,R06,Filled,8,8,0,33,True,103,2026-10-05
2025-03-31,2025-03,J0127,R07,Open,9,7,2,25,True,103,2026-10-05
2025-03-31,2025-03,J0128,R08,Filled,10,10,0,27,True,103,2026-10-05
2025-03-31,2025-03,J0129,R09,Open,9,5,4,26,True,103,2026-10-05
2025-03-31,2025-03,J0130,R10,Open,7,5,2,26,True,103,2026-10-05
2025-03-31,2025-03,J0131,R01,Open,6,5,1,34,True,72,2026-10-05
2025-03-31,2025-03,J0132,R02,Open,9,4,5,22,True,72,2026-10-05
2025-03-31,2025-03,J0133,R03,Filled,6,6,0,35,True,72,2026-10-05
2025-03-31,2025-03,J0134,R04,Filled,8,8,0,39,True,72,2026-10-05
2025-03-31,2025-03,J0135,R05,Open,10,7,3,36,True,72,2026-10-05
2025-03-31,2025-03,J0136,R06,Filled,8,8,0,30,True,72,2026-10-05
2025-03-31,2025-03,J0137,R07,Open,10,9,1,27,True,72,2026-10-05
2025-03-31,2025-03,J0138,R08,Filled,5,5,0,28,True,72,2026-10-05
2025-03-31,2025-03,J0139,R09,Filled,6,6,0,31,True,72,2026-10-05
2025-03-31,2025-03,J0140,R10,Open,9,3,6,21,True,72,2026-10-05
2025-03-31,2025-03,J0141,R01,Open,5,0,5,18,True,44,2026-10-05
2025-03-31,2025-03,J0142,R02,Open,8,2,6,20,True,44,2026-10-05
2025-03-31,2025-03,J0143,R03,Open,9,1,8,25,True,44,2026-10-05
2025-03-31,2025-03,J0144,R04,Open,8,1,7,23,True,44,2026-10-05
2025-03-31,2025-03,J0145,R05,Open,9,0,9,16,True,44,2026-10-05
2025-03-31,2025-03,J0146,R06,Open,5,0,5,21,True,44,2026-10-05
2025-03-31,2025-03,J0147,R07,Open,6,0,6,10,True,44,2026-10-05
2025-03-31,2025-03,J0148,R08,Open,7,0,7,20,True,44,2026-10-05
2025-03-31,2025-03,J0149,R09,Open,7,0,7,15,True,44,2026-10-05
2025-03-31,2025-03,J0150,R10,Open,8,0,8,21,True,44,2026-10-05
2025-03-31,2025-03,J0151,R01,Open,6,0,6,0,False,13,2026-10-05
2025-03-31,2025-03,J0152,R02,Open,8,0,8,0,False,13,2026-10-05
2025-03-31,2025-03,J0153,R03,Open,10,0,10,0,False,13,2026-10-05
2025-03-31,2025-03,J0154,R04,Open,6,0,6,0,False,13,2026-10-05
2025-03-31,2025-03,J0155,R05,Open,9,0,9,0,False,13,2026-10-05
2025-03-31,2025-03,J0156,R06,Open,6,0,6,0,False,13,2026-10-05
2025-03-31,2025-03,J0157,R07,Open,5,0,5,0,False,13,2026-10-05
2025-03-31,2025-03,J0158,R08,Open,7,0,7,0,False,13,2026-10-05
2025-03-31,2025-03,J0159,R09,Open,6,0,6,0,False,13,2026-10-05
2025-03-31,2025-03,J0160,R10,Open,8,0,8,0,False,13,2026-10-05
2025-04-30,2025-04,J0001,R01,Closed - Unfilled,7,4,0,27,True,485,2026-10-05
2025-04-30,2025-04,J0002,R02,Filled,5,5,0,24,True,485,2026-10-05
2025-04-30,2025-04,J0003,R03,Closed - Unfilled,10,5,0,30,True,485,2026-10-05
2025-04-30,2025-04,J0004,R04,Filled,8,8,0,35,True,485,2026-10-05
2025-04-30,2025-04,J0005,R05,Filled,8,8,0,32,True,485,2026-10-05
2025-04-30,2025-04,J0006,R06,Closed - Unfilled,9,3,0,23,True,485,2026-10-05
2025-04-30,2025-04,J0007,R07,Closed - Unfilled,10,4,0,25,True,485,2026-10-05
2025-04-30,2025-04,J0008,R08,Closed - Unfilled,8,7,0,24,True,485,2026-10-05
2025-04-30,2025-04,J0009,R09,Closed - Unfilled,10,6,0,24,True,485,2026-10-05
2025-04-30,2025-04,J0010,R10,Closed - Unfilled,10,4,0,27,True,485,2026-10-05
2025-04-30,2025-04,J0011,R01,Filled,9,9,0,31,True,468,2026-10-05
2025-04-30,2025-04,J0012,R02,Closed - Unfilled,9,8,0,34,True,468,2026-10-05
2025-04-30,2025-04,J0013,R03,Closed - Unfilled,10,4,0,25,True,468,2026-10-05
2025-04-30,2025-04,J0014,R04,Closed - Unfilled,10,3,0,30,True,468,2026-10-05
2025-04-30,2025-04,J0015,R05,Filled,7,7,0,34,True,468,2026-10-05
2025-04-30,2025-04,J0016,R06,Filled,9,9,0,35,True,468,2026-10-05
2025-04-30,2025-04,J0017,R07,Filled,8,8,0,23,True,468,2026-10-05
2025-04-30,2025-04,J0018,R08,Closed - Unfilled,9,7,0,35,True,468,2026-10-05
2025-04-30,2025-04,J0019,R09,Closed - Unfilled,10,4,0,29,True,468,2026-10-05
2025-04-30,2025-04,J0020,R10,Filled,7,7,0,25,True,468,2026-10-05
2025-04-30,2025-04,J0021,R01,Closed - Unfilled,5,1,0,20,True,439,2026-10-05
2025-04-30,2025-04,J0022,R02,Filled,6,6,0,31,True,439,2026-10-05
2025-04-30,2025-04,J0023,R03,Closed - Unfilled,8,5,0,28,True,439,2026-10-05
2025-04-30,2025-04,J0024,R04,Filled,6,6,0,29,True,439,2026-10-05
2025-04-30,2025-04,J0025,R05,Closed - Unfilled,8,7,0,28,True,439,2026-10-05
2025-04-30,2025-04,J0026,R06,Closed - Unfilled,9,6,0,37,True,439,2026-10-05
2025-04-30,2025-04,J0027,R07,Closed - Unfilled,10,8,0,26,True,439,2026-10-05
2025-04-30,2025-04,J0028,R08,Filled,7,7,0,27,True,439,2026-10-05
2025-04-30,2025-04,J0029,R09,Closed - Unfilled,9,4,0,24,True,439,2026-10-05
2025-04-30,2025-04,J0030,R10,Closed - Unfilled,8,3,0,23,True,439,2026-10-05
2025-04-30,2025-04,J0031,R01,Closed - Unfilled,9,5,0,30,True,408,2026-10-05
2025-04-30,2025-04,J0032,R02,Closed - Unfilled,10,6,0,37,True,408,2026-10-05
2025-04-30,2025-04,J0033,R03,Closed - Unfilled,5,4,0,30,True,408,2026-10-05
2025-04-30,2025-04,J0034,R04,Closed - Unfilled,10,8,0,27,True,408,2026-10-05
2025-04-30,2025-04,J0035,R05,Closed - Unfilled,8,5,0,30,True,408,2026-10-05
2025-04-30,2025-04,J0036,R06,Closed - Unfilled,10,9,0,41,True,408,2026-10-05
2025-04-30,2025-04,J0037,R07,Closed - Unfilled,8,6,0,24,True,408,2026-10-05
2025-04-30,2025-04,J0038,R08,Filled,7,7,0,32,True,408,2026-10-05
2025-04-30,2025-04,J0039,R09,Closed - Unfilled,7,5,0,26,True,408,2026-10-05
2025-04-30,2025-04,J0040,R10,Filled,6,6,0,28,True,408,2026-10-05
2025-04-30,2025-04,J0041,R01,Filled,5,5,0,34,True,378,2026-10-05
2025-04-30,2025-04,J0042,R02,Filled,5,5,0,33,True,378,2026-10-05
2025-04-30,2025-04,J0043,R03,Filled,7,7,0,32,True,378,2026-10-05
2025-04-30,2025-04,J0044,R04,Closed - Unfilled,7,6,0,33,True,378,2026-10-05
2025-04-30,2025-04,J0045,R05,Closed - Unfilled,9,4,0,31,True,378,2026-10-05
2025-04-30,2025-04,J0046,R06,Filled,7,7,0,35,True,378,2026-10-05
2025-04-30,2025-04,J0047,R07,Closed - Unfilled,8,7,0,26,True,378,2026-10-05
2025-04-30,2025-04,J0048,R08,Filled,9,9,0,37,True,378,2026-10-05
2025-04-30,2025-04,J0049,R09,Closed - Unfilled,6,4,0,21,True,378,2026-10-05
2025-04-30,2025-04,J0050,R10,Closed - Unfilled,10,3,0,34,True,378,2026-10-05
2025-04-30,2025-04,J0051,R01,Closed - Unfilled,10,6,0,26,True,347,2026-10-05
2025-04-30,2025-04,J0052,R02,Closed - Unfilled,9,4,0,24,True,347,2026-10-05
2025-04-30,2025-04,J0053,R03,Closed - Unfilled,10,9,0,36,True,347,2026-10-05
2025-04-30,2025-04,J0054,R04,Filled,6,6,0,28,True,347,2026-10-05
2025-04-30,2025-04,J0055,R05,Filled,5,5,0,33,True,347,2026-10-05
2025-04-30,2025-04,J0056,R06,Closed - Unfilled,8,5,0,27,True,347,2026-10-05
2025-04-30,2025-04,J0057,R07,Closed - Unfilled,6,3,0,19,True,347,2026-10-05
2025-04-30,2025-04,J0058,R08,Closed - Unfilled,10,2,0,30,True,347,2026-10-05
2025-04-30,2025-04,J0059,R09,Filled,6,6,0,29,True,347,2026-10-05
2025-04-30,2025-04,J0060,R10,Closed - Unfilled,8,6,0,33,True,347,2026-10-05
2025-04-30,2025-04,J0061,R01,Closed - Unfilled,7,3,0,27,True,317,2026-10-05
2025-04-30,2025-04,J0062,R02,Closed - Unfilled,9,5,0,23,True,317,2026-10-05
2025-04-30,2025-04,J0063,R03,Closed - Unfilled,10,8,0,33,True,317,2026-10-05
2025-04-30,2025-04,J0064,R04,Closed - Unfilled,9,5,0,29,True,317,2026-10-05
2025-04-30,2025-04,J0065,R05,Filled,9,9,0,31,True,317,2026-10-05
2025-04-30,2025-04,J0066,R06,Closed - Unfilled,5,4,0,35,True,317,2026-10-05
2025-04-30,2025-04,J0067,R07,Closed - Unfilled,7,3,0,26,True,317,2026-10-05
2025-04-30,2025-04,J0068,R08,Filled,5,5,0,26,True,317,2026-10-05
2025-04-30,2025-04,J0069,R09,Filled,8,8,0,27,True,317,2026-10-05
2025-04-30,2025-04,J0070,R10,Closed - Unfilled,10,5,0,33,True,317,2026-10-05
2025-04-30,2025-04,J0071,R01,Closed - Unfilled,10,1,0,30,True,286,2026-10-05
2025-04-30,2025-04,J0072,R02,Filled,6,6,0,34,True,286,2026-10-05
2025-04-30,2025-04,J0073,R03,Filled,7,7,0,28,True,286,2026-10-05
2025-04-30,2025-04,J0074,R04,Filled,7,7,0,34,True,286,2026-10-05
2025-04-30,2025-04,J0075,R05,Closed - Unfilled,10,7,0,38,True,286,2026-10-05
2025-04-30,2025-04,J0076,R06,Filled,6,6,0,32,True,286,2026-10-05
2025-04-30,2025-04,J0077,R07,Closed - Unfilled,10,9,0,29,True,286,2026-10-05
2025-04-30,2025-04,J0078,R08,Filled,5,5,0,27,True,286,2026-10-05
2025-04-30,2025-04,J0079,R09,Closed - Unfilled,10,7,0,27,True,286,2026-10-05
2025-04-30,2025-04,J0080,R10,Closed - Unfilled,8,4,0,29,True,286,2026-10-05
2025-04-30,2025-04,J0081,R01,Filled,5,5,0,30,True,255,2026-10-05
2025-04-30,2025-04,J0082,R02,Filled,7,7,0,34,True,255,2026-10-05
2025-04-30,2025-04,J0083,R03,Filled,5,5,0,27,True,255,2026-10-05
2025-04-30,2025-04,J0084,R04,Filled,6,6,0,32,True,255,2026-10-05
2025-04-30,2025-04,J0085,R05,Filled,7,7,0,30,True,255,2026-10-05
2025-04-30,2025-04,J0086,R06,Filled,5,5,0,32,True,255,2026-10-05
2025-04-30,2025-04,J0087,R07,Filled,7,7,0,24,True,255,2026-10-05
2025-04-30,2025-04,J0088,R08,Closed - Unfilled,8,4,0,31,True,255,2026-10-05
2025-04-30,2025-04,J0089,R09,Filled,6,6,0,31,True,255,2026-10-05
2025-04-30,2025-04,J0090,R10,Filled,8,8,0,36,True,255,2026-10-05
2025-04-30,2025-04,J0091,R01,Closed - Unfilled,10,4,0,22,True,225,2026-10-05
2025-04-30,2025-04,J0092,R02,Closed - Unfilled,9,2,0,21,True,225,2026-10-05
2025-04-30,2025-04,J0093,R03,Closed - Unfilled,10,6,0,31,True,225,2026-10-05
2025-04-30,2025-04,J0094,R04,Closed - Unfilled,7,6,0,28,True,225,2026-10-05
2025-04-30,2025-04,J0095,R05,Closed - Unfilled,9,4,0,31,True,225,2026-10-05
2025-04-30,2025-04,J0096,R06,Closed - Unfilled,7,4,0,37,True,225,2026-10-05
2025-04-30,2025-04,J0097,R07,Filled,6,6,0,39,True,225,2026-10-05
2025-04-30,2025-04,J0098,R08,Filled,6,6,0,23,True,225,2026-10-05
2025-04-30,2025-04,J0099,R09,Filled,6,6,0,30,True,225,2026-10-05
2025-04-30,2025-04,J0100,R10,Filled,9,9,0,32,True,225,2026-10-05
2025-04-30,2025-04,J0101,R01,Closed - Unfilled,7,3,0,30,True,194,2026-10-05
2025-04-30,2025-04,J0102,R02,Filled,5,5,0,33,True,194,2026-10-05
2025-04-30,2025-04,J0103,R03,Filled,8,8,0,32,True,194,2026-10-05
2025-04-30,2025-04,J0104,R04,Filled,8,8,0,28,True,194,2026-10-05
2025-04-30,2025-04,J0105,R05,Filled,5,5,0,36,True,194,2026-10-05
2025-04-30,2025-04,J0106,R06,Closed - Unfilled,6,3,0,32,True,194,2026-10-05
2025-04-30,2025-04,J0107,R07,Closed - Unfilled,10,8,0,28,True,194,2026-10-05
2025-04-30,2025-04,J0108,R08,Closed - Unfilled,8,2,0,24,True,194,2026-10-05
2025-04-30,2025-04,J0109,R09,Closed - Unfilled,9,3,0,22,True,194,2026-10-05
2025-04-30,2025-04,J0110,R10,Filled,5,5,0,27,True,194,2026-10-05
2025-04-30,2025-04,J0111,R01,Closed - Unfilled,8,7,0,32,True,164,2026-10-05
2025-04-30,2025-04,J0112,R02,Filled,6,6,0,27,True,164,2026-10-05
2025-04-30,2025-04,J0113,R03,Filled,8,8,0,29,True,164,2026-10-05
2025-04-30,2025-04,J0114,R04,Filled,5,5,0,35,True,164,2026-10-05
2025-04-30,2025-04,J0115,R05,Closed - Unfilled,10,7,0,32,True,164,2026-10-05
2025-04-30,2025-04,J0116,R06,Filled,5,5,0,32,True,164,2026-10-05
2025-04-30,2025-04,J0117,R07,Filled,8,8,0,30,True,164,2026-10-05
2025-04-30,2025-04,J0118,R08,Closed - Unfilled,8,7,0,22,True,164,2026-10-05
2025-04-30,2025-04,J0119,R09,Closed - Unfilled,8,4,0,28,True,164,2026-10-05
2025-04-30,2025-04,J0120,R10,Filled,9,9,0,31,True,164,2026-10-05
2025-04-30,2025-04,J0121,R01,Closed - Unfilled,9,5,0,23,True,133,2026-10-05
2025-04-30,2025-04,J0122,R02,Closed - Unfilled,10,5,0,30,True,133,2026-10-05
2025-04-30,2025-04,J0123,R03,Closed - Unfilled,7,6,0,27,True,133,2026-10-05
2025-04-30,2025-04,J0124,R04,Closed - Unfilled,8,7,0,31,True,133,2026-10-05
2025-04-30,2025-04,J0125,R05,Filled,5,5,0,32,True,133,2026-10-05
2025-04-30,2025-04,J0126,R06,Filled,8,8,0,33,True,133,2026-10-05
2025-04-30,2025-04,J0127,R07,Closed - Unfilled,9,7,0,25,True,133,2026-10-05
2025-04-30,2025-04,J0128,R08,Filled,10,10,0,27,True,133,2026-10-05
2025-04-30,2025-04,J0129,R09,Closed - Unfilled,9,5,0,26,True,133,2026-10-05
2025-04-30,2025-04,J0130,R10,Closed - Unfilled,7,5,0,26,True,133,2026-10-05
2025-04-30,2025-04,J0131,R01,Open,6,5,1,34,True,102,2026-10-05
2025-04-30,2025-04,J0132,R02,Open,9,4,5,22,True,102,2026-10-05
2025-04-30,2025-04,J0133,R03,Filled,6,6,0,35,True,102,2026-10-05
2025-04-30,2025-04,J0134,R04,Filled,8,8,0,39,True,102,2026-10-05
2025-04-30,2025-04,J0135,R05,Open,10,7,3,36,True,102,2026-10-05
2025-04-30,2025-04,J0136,R06,Filled,8,8,0,30,True,102,2026-10-05
2025-04-30,2025-04,J0137,R07,Open,10,9,1,27,True,102,2026-10-05
2025-04-30,2025-04,J0138,R08,Filled,5,5,0,28,True,102,2026-10-05
2025-04-30,2025-04,J0139,R09,Filled,6,6,0,31,True,102,2026-10-05
2025-04-30,2025-04,J0140,R10,Open,9,3,6,21,True,102,2026-10-05
2025-04-30,2025-04,J0141,R01,Filled,5,5,0,25,True,74,2026-10-05
2025-04-30,2025-04,J0142,R02,Open,8,6,2,28,True,74,2026-10-05
2025-04-30,2025-04,J0143,R03,Open,9,8,1,34,True,74,2026-10-05
2025-04-30,2025-04,J0144,R04,Open,8,4,4,31,True,74,2026-10-05
2025-04-30,2025-04,J0145,R05,Open,9,5,4,26,True,74,2026-10-05
2025-04-30,2025-04,J0146,R06,Filled,5,5,0,33,True,74,2026-10-05
2025-04-30,2025-04,J0147,R07,Open,6,2,4,19,True,74,2026-10-05
2025-04-30,2025-04,J0148,R08,Open,7,3,4,27,True,74,2026-10-05
2025-04-30,2025-04,J0149,R09,Filled,7,7,0,29,True,74,2026-10-05
2025-04-30,2025-04,J0150,R10,Open,8,4,4,30,True,74,2026-10-05
2025-04-30,2025-04,J0151,R01,Open,6,1,5,18,True,43,2026-10-05
2025-04-30,2025-04,J0152,R02,Open,8,1,7,17,True,43,2026-10-05
2025-04-30,2025-04,J0153,R03,Open,10,0,10,23,True,43,2026-10-05
2025-04-30,2025-04,J0154,R04,Open,6,0,6,19,True,43,2026-10-05
2025-04-30,2025-04,J0155,R05,Open,9,0,9,14,True,43,2026-10-05
2025-04-30,2025-04,J0156,R06,Open,6,0,6,23,True,43,2026-10-05
2025-04-30,2025-04,J0157,R07,Open,5,0,5,18,True,43,2026-10-05
2025-04-30,2025-04,J0158,R08,Open,7,1,6,14,True,43,2026-10-05
2025-04-30,2025-04,J0159,R09,Open,6,0,6,12,True,43,2026-10-05
2025-04-30,2025-04,J0160,R10,Open,8,1,7,19,True,43,2026-10-05
2025-04-30,2025-04,J0161,R01,Open,5,0,5,0,False,13,2026-10-05
2025-04-30,2025-04,J0162,R02,Open,9,0,9,0,False,13,2026-10-05
2025-04-30,2025-04,J0163,R03,Open,7,0,7,0,False,13,2026-10-05
2025-04-30,2025-04,J0164,R04,Open,9,0,9,0,False,13,2026-10-05
2025-04-30,2025-04,J0165,R05,Open,7,0,7,0,False,13,2026-10-05
2025-04-30,2025-04,J0166,R06,Open,8,0,8,0,False,13,2026-10-05
2025-04-30,2025-04,J0167,R07,Open,7,0,7,0,False,13,2026-10-05
2025-04-30,2025-04,J0168,R08,Open,10,0,10,0,False,13,2026-10-05
2025-04-30,2025-04,J0169,R09,Open,7,0,7,0,False,13,2026-10-05
2025-04-30,2025-04,J0170,R10,Open,9,0,9,0,False,13,2026-10-05
2025-05-31,2025-05,J0001,R01,Closed - Unfilled,7,4,0,27,True,516,2026-10-05
2025-05-31,2025-05,J0002,R02,Filled,5,5,0,24,True,516,2026-10-05
2025-05-31,2025-05,J0003,R03,Closed - Unfilled,10,5,0,30,True,516,2026-10-05
2025-05-31,2025-05,J0004,R04,Filled,8,8,0,35,True,516,2026-10-05
2025-05-31,2025-05,J0005,R05,Filled,8,8,0,32,True,516,2026-10-05
2025-05-31,2025-05,J0006,R06,Closed - Unfilled,9,3,0,23,True,516,2026-10-05
2025-05-31,2025-05,J0007,R07,Closed - Unfilled,10,4,0,25,True,516,2026-10-05
2025-05-31,2025-05,J0008,R08,Closed - Unfilled,8,7,0,24,True,516,2026-10-05
2025-05-31,2025-05,J0009,R09,Closed - Unfilled,10,6,0,24,True,516,2026-10-05
2025-05-31,2025-05,J0010,R10,Closed - Unfilled,10,4,0,27,True,516,2026-10-05
2025-05-31,2025-05,J0011,R01,Filled,9,9,0,31,True,499,2026-10-05
2025-05-31,2025-05,J0012,R02,Closed - Unfilled,9,8,0,34,True,499,2026-10-05
2025-05-31,2025-05,J0013,R03,Closed - Unfilled,10,4,0,25,True,499,2026-10-05
2025-05-31,2025-05,J0014,R04,Closed - Unfilled,10,3,0,30,True,499,2026-10-05
2025-05-31,2025-05,J0015,R05,Filled,7,7,0,34,True,499,2026-10-05
2025-05-31,2025-05,J0016,R06,Filled,9,9,0,35,True,499,2026-10-05
2025-05-31,2025-05,J0017,R07,Filled,8,8,0,23,True,499,2026-10-05
2025-05-31,2025-05,J0018,R08,Closed - Unfilled,9,7,0,35,True,499,2026-10-05
2025-05-31,2025-05,J0019,R09,Closed - Unfilled,10,4,0,29,True,499,2026-10-05
2025-05-31,2025-05,J0020,R10,Filled,7,7,0,25,True,499,2026-10-05
2025-05-31,2025-05,J0021,R01,Closed - Unfilled,5,1,0,20,True,470,2026-10-05
2025-05-31,2025-05,J0022,R02,Filled,6,6,0,31,True,470,2026-10-05
2025-05-31,2025-05,J0023,R03,Closed - Unfilled,8,5,0,28,True,470,2026-10-05
2025-05-31,2025-05,J0024,R04,Filled,6,6,0,29,True,470,2026-10-05
2025-05-31,2025-05,J0025,R05,Closed - Unfilled,8,7,0,28,True,470,2026-10-05
2025-05-31,2025-05,J0026,R06,Closed - Unfilled,9,6,0,37,True,470,2026-10-05
2025-05-31,2025-05,J0027,R07,Closed - Unfilled,10,8,0,26,True,470,2026-10-05
2025-05-31,2025-05,J0028,R08,Filled,7,7,0,27,True,470,2026-10-05
2025-05-31,2025-05,J0029,R09,Closed - Unfilled,9,4,0,24,True,470,2026-10-05
2025-05-31,2025-05,J0030,R10,Closed - Unfilled,8,3,0,23,True,470,2026-10-05
2025-05-31,2025-05,J0031,R01,Closed - Unfilled,9,5,0,30,True,439,2026-10-05
2025-05-31,2025-05,J0032,R02,Closed - Unfilled,10,6,0,37,True,439,2026-10-05
2025-05-31,2025-05,J0033,R03,Closed - Unfilled,5,4,0,30,True,439,2026-10-05
2025-05-31,2025-05,J0034,R04,Closed - Unfilled,10,8,0,27,True,439,2026-10-05
2025-05-31,2025-05,J0035,R05,Closed - Unfilled,8,5,0,30,True,439,2026-10-05
2025-05-31,2025-05,J0036,R06,Closed - Unfilled,10,9,0,41,True,439,2026-10-05
2025-05-31,2025-05,J0037,R07,Closed - Unfilled,8,6,0,24,True,439,2026-10-05
2025-05-31,2025-05,J0038,R08,Filled,7,7,0,32,True,439,2026-10-05
2025-05-31,2025-05,J0039,R09,Closed - Unfilled,7,5,0,26,True,439,2026-10-05
2025-05-31,2025-05,J0040,R10,Filled,6,6,0,28,True,439,2026-10-05
2025-05-31,2025-05,J0041,R01,Filled,5,5,0,34,True,409,2026-10-05
2025-05-31,2025-05,J0042,R02,Filled,5,5,0,33,True,409,2026-10-05
2025-05-31,2025-05,J0043,R03,Filled,7,7,0,32,True,409,2026-10-05
2025-05-31,2025-05,J0044,R04,Closed - Unfilled,7,6,0,33,True,409,2026-10-05
2025-05-31,2025-05,J0045,R05,Closed - Unfilled,9,4,0,31,True,409,2026-10-05
2025-05-31,2025-05,J0046,R06,Filled,7,7,0,35,True,409,2026-10-05
2025-05-31,2025-05,J0047,R07,Closed - Unfilled,8,7,0,26,True,409,2026-10-05
2025-05-31,2025-05,J0048,R08,Filled,9,9,0,37,True,409,2026-10-05
2025-05-31,2025-05,J0049,R09,Closed - Unfilled,6,4,0,21,True,409,2026-10-05
2025-05-31,2025-05,J0050,R10,Closed - Unfilled,10,3,0,34,True,409,2026-10-05
2025-05-31,2025-05,J0051,R01,Closed - Unfilled,10,6,0,26,True,378,2026-10-05
2025-05-31,2025-05,J0052,R02,Closed - Unfilled,9,4,0,24,True,378,2026-10-05
2025-05-31,2025-05,J0053,R03,Closed - Unfilled,10,9,0,36,True,378,2026-10-05
2025-05-31,2025-05,J0054,R04,Filled,6,6,0,28,True,378,2026-10-05
2025-05-31,2025-05,J0055,R05,Filled,5,5,0,33,True,378,2026-10-05
2025-05-31,2025-05,J0056,R06,Closed - Unfilled,8,5,0,27,True,378,2026-10-05
2025-05-31,2025-05,J0057,R07,Closed - Unfilled,6,3,0,19,True,378,2026-10-05
2025-05-31,2025-05,J0058,R08,Closed - Unfilled,10,2,0,30,True,378,2026-10-05
2025-05-31,2025-05,J0059,R09,Filled,6,6,0,29,True,378,2026-10-05
2025-05-31,2025-05,J0060,R10,Closed - Unfilled,8,6,0,33,True,378,2026-10-05
2025-05-31,2025-05,J0061,R01,Closed - Unfilled,7,3,0,27,True,348,2026-10-05
2025-05-31,2025-05,J0062,R02,Closed - Unfilled,9,5,0,23,True,348,2026-10-05
2025-05-31,2025-05,J0063,R03,Closed - Unfilled,10,8,0,33,True,348,2026-10-05
2025-05-31,2025-05,J0064,R04,Closed - Unfilled,9,5,0,29,True,348,2026-10-05
2025-05-31,2025-05,J0065,R05,Filled,9,9,0,31,True,348,2026-10-05
2025-05-31,2025-05,J0066,R06,Closed - Unfilled,5,4,0,35,True,348,2026-10-05
2025-05-31,2025-05,J0067,R07,Closed - Unfilled,7,3,0,26,True,348,2026-10-05
2025-05-31,2025-05,J0068,R08,Filled,5,5,0,26,True,348,2026-10-05
2025-05-31,2025-05,J0069,R09,Filled,8,8,0,27,True,348,2026-10-05
2025-05-31,2025-05,J0070,R10,Closed - Unfilled,10,5,0,33,True,348,2026-10-05
2025-05-31,2025-05,J0071,R01,Closed - Unfilled,10,1,0,30,True,317,2026-10-05
2025-05-31,2025-05,J0072,R02,Filled,6,6,0,34,True,317,2026-10-05
2025-05-31,2025-05,J0073,R03,Filled,7,7,0,28,True,317,2026-10-05
2025-05-31,2025-05,J0074,R04,Filled,7,7,0,34,True,317,2026-10-05
2025-05-31,2025-05,J0075,R05,Closed - Unfilled,10,7,0,38,True,317,2026-10-05
2025-05-31,2025-05,J0076,R06,Filled,6,6,0,32,True,317,2026-10-05
2025-05-31,2025-05,J0077,R07,Closed - Unfilled,10,9,0,29,True,317,2026-10-05
2025-05-31,2025-05,J0078,R08,Filled,5,5,0,27,True,317,2026-10-05
2025-05-31,2025-05,J0079,R09,Closed - Unfilled,10,7,0,27,True,317,2026-10-05
2025-05-31,2025-05,J0080,R10,Closed - Unfilled,8,4,0,29,True,317,2026-10-05
2025-05-31,2025-05,J0081,R01,Filled,5,5,0,30,True,286,2026-10-05
2025-05-31,2025-05,J0082,R02,Filled,7,7,0,34,True,286,2026-10-05
2025-05-31,2025-05,J0083,R03,Filled,5,5,0,27,True,286,2026-10-05
2025-05-31,2025-05,J0084,R04,Filled,6,6,0,32,True,286,2026-10-05
2025-05-31,2025-05,J0085,R05,Filled,7,7,0,30,True,286,2026-10-05
2025-05-31,2025-05,J0086,R06,Filled,5,5,0,32,True,286,2026-10-05
2025-05-31,2025-05,J0087,R07,Filled,7,7,0,24,True,286,2026-10-05
2025-05-31,2025-05,J0088,R08,Closed - Unfilled,8,4,0,31,True,286,2026-10-05
2025-05-31,2025-05,J0089,R09,Filled,6,6,0,31,True,286,2026-10-05
2025-05-31,2025-05,J0090,R10,Filled,8,8,0,36,True,286,2026-10-05
2025-05-31,2025-05,J0091,R01,Closed - Unfilled,10,4,0,22,True,256,2026-10-05
2025-05-31,2025-05,J0092,R02,Closed - Unfilled,9,2,0,21,True,256,2026-10-05
2025-05-31,2025-05,J0093,R03,Closed - Unfilled,10,6,0,31,True,256,2026-10-05
2025-05-31,2025-05,J0094,R04,Closed - Unfilled,7,6,0,28,True,256,2026-10-05
2025-05-31,2025-05,J0095,R05,Closed - Unfilled,9,4,0,31,True,256,2026-10-05
2025-05-31,2025-05,J0096,R06,Closed - Unfilled,7,4,0,37,True,256,2026-10-05
2025-05-31,2025-05,J0097,R07,Filled,6,6,0,39,True,256,2026-10-05
2025-05-31,2025-05,J0098,R08,Filled,6,6,0,23,True,256,2026-10-05
2025-05-31,2025-05,J0099,R09,Filled,6,6,0,30,True,256,2026-10-05
2025-05-31,2025-05,J0100,R10,Filled,9,9,0,32,True,256,2026-10-05
2025-05-31,2025-05,J0101,R01,Closed - Unfilled,7,3,0,30,True,225,2026-10-05
2025-05-31,2025-05,J0102,R02,Filled,5,5,0,33,True,225,2026-10-05
2025-05-31,2025-05,J0103,R03,Filled,8,8,0,32,True,225,2026-10-05
2025-05-31,2025-05,J0104,R04,Filled,8,8,0,28,True,225,2026-10-05
2025-05-31,2025-05,J0105,R05,Filled,5,5,0,36,True,225,2026-10-05
2025-05-31,2025-05,J0106,R06,Closed - Unfilled,6,3,0,32,True,225,2026-10-05
2025-05-31,2025-05,J0107,R07,Closed - Unfilled,10,8,0,28,True,225,2026-10-05
2025-05-31,2025-05,J0108,R08,Closed - Unfilled,8,2,0,24,True,225,2026-10-05
2025-05-31,2025-05,J0109,R09,Closed - Unfilled,9,3,0,22,True,225,2026-10-05
2025-05-31,2025-05,J0110,R10,Filled,5,5,0,27,True,225,2026-10-05
2025-05-31,2025-05,J0111,R01,Closed - Unfilled,8,7,0,32,True,195,2026-10-05
2025-05-31,2025-05,J0112,R02,Filled,6,6,0,27,True,195,2026-10-05
2025-05-31,2025-05,J0113,R03,Filled,8,8,0,29,True,195,2026-10-05
2025-05-31,2025-05,J0114,R04,Filled,5,5,0,35,True,195,2026-10-05
2025-05-31,2025-05,J0115,R05,Closed - Unfilled,10,7,0,32,True,195,2026-10-05
2025-05-31,2025-05,J0116,R06,Filled,5,5,0,32,True,195,2026-10-05
2025-05-31,2025-05,J0117,R07,Filled,8,8,0,30,True,195,2026-10-05
2025-05-31,2025-05,J0118,R08,Closed - Unfilled,8,7,0,22,True,195,2026-10-05
2025-05-31,2025-05,J0119,R09,Closed - Unfilled,8,4,0,28,True,195,2026-10-05
2025-05-31,2025-05,J0120,R10,Filled,9,9,0,31,True,195,2026-10-05
2025-05-31,2025-05,J0121,R01,Closed - Unfilled,9,5,0,23,True,164,2026-10-05
2025-05-31,2025-05,J0122,R02,Closed - Unfilled,10,5,0,30,True,164,2026-10-05
2025-05-31,2025-05,J0123,R03,Closed - Unfilled,7,6,0,27,True,164,2026-10-05
2025-05-31,2025-05,J0124,R04,Closed - Unfilled,8,7,0,31,True,164,2026-10-05
2025-05-31,2025-05,J0125,R05,Filled,5,5,0,32,True,164,2026-10-05
2025-05-31,2025-05,J0126,R06,Filled,8,8,0,33,True,164,2026-10-05
2025-05-31,2025-05,J0127,R07,Closed - Unfilled,9,7,0,25,True,164,2026-10-05
2025-05-31,2025-05,J0128,R08,Filled,10,10,0,27,True,164,2026-10-05
2025-05-31,2025-05,J0129,R09,Closed - Unfilled,9,5,0,26,True,164,2026-10-05
2025-05-31,2025-05,J0130,R10,Closed - Unfilled,7,5,0,26,True,164,2026-10-05
2025-05-31,2025-05,J0131,R01,Closed - Unfilled,6,5,0,34,True,133,2026-10-05
2025-05-31,2025-05,J0132,R02,Closed - Unfilled,9,4,0,22,True,133,2026-10-05
2025-05-31,2025-05,J0133,R03,Filled,6,6,0,35,True,133,2026-10-05
2025-05-31,2025-05,J0134,R04,Filled,8,8,0,39,True,133,2026-10-05
2025-05-31,2025-05,J0135,R05,Closed - Unfilled,10,7,0,36,True,133,2026-10-05
2025-05-31,2025-05,J0136,R06,Filled,8,8,0,30,True,133,2026-10-05
2025-05-31,2025-05,J0137,R07,Closed - Unfilled,10,9,0,27,True,133,2026-10-05
2025-05-31,2025-05,J0138,R08,Filled,5,5,0,28,True,133,2026-10-05
2025-05-31,2025-05,J0139,R09,Filled,6,6,0,31,True,133,2026-10-05
2025-05-31,2025-05,J0140,R10,Closed - Unfilled,9,3,0,21,True,133,2026-10-05
2025-05-31,2025-05,J0141,R01,Filled,5,5,0,25,True,105,2026-10-05
2025-05-31,2025-05,J0142,R02,Open,8,7,1,28,True,105,2026-10-05
2025-05-31,2025-05,J0143,R03,Open,9,8,1,34,True,105,2026-10-05
2025-05-31,2025-05,J0144,R04,Open,8,4,4,31,True,105,2026-10-05
2025-05-31,2025-05,J0145,R05,Open,9,5,4,26,True,105,2026-10-05
2025-05-31,2025-05,J0146,R06,Filled,5,5,0,33,True,105,2026-10-05
2025-05-31,2025-05,J0147,R07,Open,6,3,3,19,True,105,2026-10-05
2025-05-31,2025-05,J0148,R08,Open,7,3,4,27,True,105,2026-10-05
2025-05-31,2025-05,J0149,R09,Filled,7,7,0,29,True,105,2026-10-05
2025-05-31,2025-05,J0150,R10,Open,8,5,3,30,True,105,2026-10-05
2025-05-31,2025-05,J0151,R01,Open,6,3,3,28,True,74,2026-10-05
2025-05-31,2025-05,J0152,R02,Filled,8,8,0,31,True,74,2026-10-05
2025-05-31,2025-05,J0153,R03,Open,10,8,2,27,True,74,2026-10-05
2025-05-31,2025-05,J0154,R04,Open,6,5,1,31,True,74,2026-10-05
2025-05-31,2025-05,J0155,R05,Open,9,6,3,23,True,74,2026-10-05
2025-05-31,2025-05,J0156,R06,Filled,6,6,0,38,True,74,2026-10-05
2025-05-31,2025-05,J0157,R07,Filled,5,5,0,26,True,74,2026-10-05
2025-05-31,2025-05,J0158,R08,Open,7,4,3,22,True,74,2026-10-05
2025-05-31,2025-05,J0159,R09,Open,6,4,2,21,True,74,2026-10-05
2025-05-31,2025-05,J0160,R10,Open,8,4,4,30,True,74,2026-10-05
2025-05-31,2025-05,J0161,R01,Open,5,0,5,16,True,44,2026-10-05
2025-05-31,2025-05,J0162,R02,Open,9,0,9,23,True,44,2026-10-05
2025-05-31,2025-05,J0163,R03,Open,7,0,7,18,True,44,2026-10-05
2025-05-31,2025-05,J0164,R04,Open,9,1,8,20,True,44,2026-10-05
2025-05-31,2025-05,J0165,R05,Open,7,1,6,21,True,44,2026-10-05
2025-05-31,2025-05,J0166,R06,Open,8,1,7,27,True,44,2026-10-05
2025-05-31,2025-05,J0167,R07,Open,7,1,6,17,True,44,2026-10-05
2025-05-31,2025-05,J0168,R08,Open,10,0,10,14,True,44,2026-10-05
2025-05-31,2025-05,J0169,R09,Open,7,0,7,15,True,44,2026-10-05
2025-05-31,2025-05,J0170,R10,Open,9,2,7,24,True,44,2026-10-05
2025-05-31,2025-05,J0171,R01,Open,7,0,7,0,False,13,2026-10-05
2025-05-31,2025-05,J0172,R02,Open,7,0,7,0,False,13,2026-10-05
2025-05-31,2025-05,J0173,R03,Open,7,0,7,0,False,13,2026-10-05
2025-05-31,2025-05,J0174,R04,Open,7,0,7,0,False,13,2026-10-05
2025-05-31,2025-05,J0175,R05,Open,6,0,6,0,False,13,2026-10-05
2025-05-31,2025-05,J0176,R06,Open,8,0,8,0,False,13,2026-10-05
2025-05-31,2025-05,J0177,R07,Open,7,0,7,0,False,13,2026-10-05
2025-05-31,2025-05,J0178,R08,Open,8,0,8,0,False,13,2026-10-05
2025-05-31,2025-05,J0179,R09,Open,10,0,10,0,False,13,2026-10-05
2025-05-31,2025-05,J0180,R10,Open,8,0,8,0,False,13,2026-10-05
2025-06-30,2025-06,J0001,R01,Closed - Unfilled,7,4,0,27,True,546,2026-10-05
2025-06-30,2025-06,J0002,R02,Filled,5,5,0,24,True,546,2026-10-05
2025-06-30,2025-06,J0003,R03,Closed - Unfilled,10,5,0,30,True,546,2026-10-05
2025-06-30,2025-06,J0004,R04,Filled,8,8,0,35,True,546,2026-10-05
2025-06-30,2025-06,J0005,R05,Filled,8,8,0,32,True,546,2026-10-05
2025-06-30,2025-06,J0006,R06,Closed - Unfilled,9,3,0,23,True,546,2026-10-05
2025-06-30,2025-06,J0007,R07,Closed - Unfilled,10,4,0,25,True,546,2026-10-05
2025-06-30,2025-06,J0008,R08,Closed - Unfilled,8,7,0,24,True,546,2026-10-05
2025-06-30,2025-06,J0009,R09,Closed - Unfilled,10,6,0,24,True,546,2026-10-05
2025-06-30,2025-06,J0010,R10,Closed - Unfilled,10,4,0,27,True,546,2026-10-05
2025-06-30,2025-06,J0011,R01,Filled,9,9,0,31,True,529,2026-10-05
2025-06-30,2025-06,J0012,R02,Closed - Unfilled,9,8,0,34,True,529,2026-10-05
2025-06-30,2025-06,J0013,R03,Closed - Unfilled,10,4,0,25,True,529,2026-10-05
2025-06-30,2025-06,J0014,R04,Closed - Unfilled,10,3,0,30,True,529,2026-10-05
2025-06-30,2025-06,J0015,R05,Filled,7,7,0,34,True,529,2026-10-05
2025-06-30,2025-06,J0016,R06,Filled,9,9,0,35,True,529,2026-10-05
2025-06-30,2025-06,J0017,R07,Filled,8,8,0,23,True,529,2026-10-05
2025-06-30,2025-06,J0018,R08,Closed - Unfilled,9,7,0,35,True,529,2026-10-05
2025-06-30,2025-06,J0019,R09,Closed - Unfilled,10,4,0,29,True,529,2026-10-05
2025-06-30,2025-06,J0020,R10,Filled,7,7,0,25,True,529,2026-10-05
2025-06-30,2025-06,J0021,R01,Closed - Unfilled,5,1,0,20,True,500,2026-10-05
2025-06-30,2025-06,J0022,R02,Filled,6,6,0,31,True,500,2026-10-05
2025-06-30,2025-06,J0023,R03,Closed - Unfilled,8,5,0,28,True,500,2026-10-05
2025-06-30,2025-06,J0024,R04,Filled,6,6,0,29,True,500,2026-10-05
2025-06-30,2025-06,J0025,R05,Closed - Unfilled,8,7,0,28,True,500,2026-10-05
2025-06-30,2025-06,J0026,R06,Closed - Unfilled,9,6,0,37,True,500,2026-10-05
2025-06-30,2025-06,J0027,R07,Closed - Unfilled,10,8,0,26,True,500,2026-10-05
2025-06-30,2025-06,J0028,R08,Filled,7,7,0,27,True,500,2026-10-05
2025-06-30,2025-06,J0029,R09,Closed - Unfilled,9,4,0,24,True,500,2026-10-05
2025-06-30,2025-06,J0030,R10,Closed - Unfilled,8,3,0,23,True,500,2026-10-05
2025-06-30,2025-06,J0031,R01,Closed - Unfilled,9,5,0,30,True,469,2026-10-05
2025-06-30,2025-06,J0032,R02,Closed - Unfilled,10,6,0,37,True,469,2026-10-05
2025-06-30,2025-06,J0033,R03,Closed - Unfilled,5,4,0,30,True,469,2026-10-05
2025-06-30,2025-06,J0034,R04,Closed - Unfilled,10,8,0,27,True,469,2026-10-05
2025-06-30,2025-06,J0035,R05,Closed - Unfilled,8,5,0,30,True,469,2026-10-05
2025-06-30,2025-06,J0036,R06,Closed - Unfilled,10,9,0,41,True,469,2026-10-05
2025-06-30,2025-06,J0037,R07,Closed - Unfilled,8,6,0,24,True,469,2026-10-05
2025-06-30,2025-06,J0038,R08,Filled,7,7,0,32,True,469,2026-10-05
2025-06-30,2025-06,J0039,R09,Closed - Unfilled,7,5,0,26,True,469,2026-10-05
2025-06-30,2025-06,J0040,R10,Filled,6,6,0,28,True,469,2026-10-05
2025-06-30,2025-06,J0041,R01,Filled,5,5,0,34,True,439,2026-10-05
2025-06-30,2025-06,J0042,R02,Filled,5,5,0,33,True,439,2026-10-05
2025-06-30,2025-06,J0043,R03,Filled,7,7,0,32,True,439,2026-10-05
2025-06-30,2025-06,J0044,R04,Closed - Unfilled,7,6,0,33,True,439,2026-10-05
2025-06-30,2025-06,J0045,R05,Closed - Unfilled,9,4,0,31,True,439,2026-10-05
2025-06-30,2025-06,J0046,R06,Filled,7,7,0,35,True,439,2026-10-05
2025-06-30,2025-06,J0047,R07,Closed - Unfilled,8,7,0,26,True,439,2026-10-05
2025-06-30,2025-06,J0048,R08,Filled,9,9,0,37,True,439,2026-10-05
2025-06-30,2025-06,J0049,R09,Closed - Unfilled,6,4,0,21,True,439,2026-10-05
2025-06-30,2025-06,J0050,R10,Closed - Unfilled,10,3,0,34,True,439,2026-10-05
2025-06-30,2025-06,J0051,R01,Closed - Unfilled,10,6,0,26,True,408,2026-10-05
2025-06-30,2025-06,J0052,R02,Closed - Unfilled,9,4,0,24,True,408,2026-10-05
2025-06-30,2025-06,J0053,R03,Closed - Unfilled,10,9,0,36,True,408,2026-10-05
2025-06-30,2025-06,J0054,R04,Filled,6,6,0,28,True,408,2026-10-05
2025-06-30,2025-06,J0055,R05,Filled,5,5,0,33,True,408,2026-10-05
2025-06-30,2025-06,J0056,R06,Closed - Unfilled,8,5,0,27,True,408,2026-10-05
2025-06-30,2025-06,J0057,R07,Closed - Unfilled,6,3,0,19,True,408,2026-10-05
2025-06-30,2025-06,J0058,R08,Closed - Unfilled,10,2,0,30,True,408,2026-10-05
2025-06-30,2025-06,J0059,R09,Filled,6,6,0,29,True,408,2026-10-05
2025-06-30,2025-06,J0060,R10,Closed - Unfilled,8,6,0,33,True,408,2026-10-05
2025-06-30,2025-06,J0061,R01,Closed - Unfilled,7,3,0,27,True,378,2026-10-05
2025-06-30,2025-06,J0062,R02,Closed - Unfilled,9,5,0,23,True,378,2026-10-05
2025-06-30,2025-06,J0063,R03,Closed - Unfilled,10,8,0,33,True,378,2026-10-05
2025-06-30,2025-06,J0064,R04,Closed - Unfilled,9,5,0,29,True,378,2026-10-05
2025-06-30,2025-06,J0065,R05,Filled,9,9,0,31,True,378,2026-10-05
2025-06-30,2025-06,J0066,R06,Closed - Unfilled,5,4,0,35,True,378,2026-10-05
2025-06-30,2025-06,J0067,R07,Closed - Unfilled,7,3,0,26,True,378,2026-10-05
2025-06-30,2025-06,J0068,R08,Filled,5,5,0,26,True,378,2026-10-05
2025-06-30,2025-06,J0069,R09,Filled,8,8,0,27,True,378,2026-10-05
2025-06-30,2025-06,J0070,R10,Closed - Unfilled,10,5,0,33,True,378,2026-10-05
2025-06-30,2025-06,J0071,R01,Closed - Unfilled,10,1,0,30,True,347,2026-10-05
2025-06-30,2025-06,J0072,R02,Filled,6,6,0,34,True,347,2026-10-05
2025-06-30,2025-06,J0073,R03,Filled,7,7,0,28,True,347,2026-10-05
2025-06-30,2025-06,J0074,R04,Filled,7,7,0,34,True,347,2026-10-05
2025-06-30,2025-06,J0075,R05,Closed - Unfilled,10,7,0,38,True,347,2026-10-05
2025-06-30,2025-06,J0076,R06,Filled,6,6,0,32,True,347,2026-10-05
2025-06-30,2025-06,J0077,R07,Closed - Unfilled,10,9,0,29,True,347,2026-10-05
2025-06-30,2025-06,J0078,R08,Filled,5,5,0,27,True,347,2026-10-05
2025-06-30,2025-06,J0079,R09,Closed - Unfilled,10,7,0,27,True,347,2026-10-05
2025-06-30,2025-06,J0080,R10,Closed - Unfilled,8,4,0,29,True,347,2026-10-05
2025-06-30,2025-06,J0081,R01,Filled,5,5,0,30,True,316,2026-10-05
2025-06-30,2025-06,J0082,R02,Filled,7,7,0,34,True,316,2026-10-05
2025-06-30,2025-06,J0083,R03,Filled,5,5,0,27,True,316,2026-10-05
2025-06-30,2025-06,J0084,R04,Filled,6,6,0,32,True,316,2026-10-05
2025-06-30,2025-06,J0085,R05,Filled,7,7,0,30,True,316,2026-10-05
2025-06-30,2025-06,J0086,R06,Filled,5,5,0,32,True,316,2026-10-05
2025-06-30,2025-06,J0087,R07,Filled,7,7,0,24,True,316,2026-10-05
2025-06-30,2025-06,J0088,R08,Closed - Unfilled,8,4,0,31,True,316,2026-10-05
2025-06-30,2025-06,J0089,R09,Filled,6,6,0,31,True,316,2026-10-05
2025-06-30,2025-06,J0090,R10,Filled,8,8,0,36,True,316,2026-10-05
2025-06-30,2025-06,J0091,R01,Closed - Unfilled,10,4,0,22,True,286,2026-10-05
2025-06-30,2025-06,J0092,R02,Closed - Unfilled,9,2,0,21,True,286,2026-10-05
2025-06-30,2025-06,J0093,R03,Closed - Unfilled,10,6,0,31,True,286,2026-10-05
2025-06-30,2025-06,J0094,R04,Closed - Unfilled,7,6,0,28,True,286,2026-10-05
2025-06-30,2025-06,J0095,R05,Closed - Unfilled,9,4,0,31,True,286,2026-10-05
2025-06-30,2025-06,J0096,R06,Closed - Unfilled,7,4,0,37,True,286,2026-10-05
2025-06-30,2025-06,J0097,R07,Filled,6,6,0,39,True,286,2026-10-05
2025-06-30,2025-06,J0098,R08,Filled,6,6,0,23,True,286,2026-10-05
2025-06-30,2025-06,J0099,R09,Filled,6,6,0,30,True,286,2026-10-05
2025-06-30,2025-06,J0100,R10,Filled,9,9,0,32,True,286,2026-10-05
2025-06-30,2025-06,J0101,R01,Closed - Unfilled,7,3,0,30,True,255,2026-10-05
2025-06-30,2025-06,J0102,R02,Filled,5,5,0,33,True,255,2026-10-05
2025-06-30,2025-06,J0103,R03,Filled,8,8,0,32,True,255,2026-10-05
2025-06-30,2025-06,J0104,R04,Filled,8,8,0,28,True,255,2026-10-05
2025-06-30,2025-06,J0105,R05,Filled,5,5,0,36,True,255,2026-10-05
2025-06-30,2025-06,J0106,R06,Closed - Unfilled,6,3,0,32,True,255,2026-10-05
2025-06-30,2025-06,J0107,R07,Closed - Unfilled,10,8,0,28,True,255,2026-10-05
2025-06-30,2025-06,J0108,R08,Closed - Unfilled,8,2,0,24,True,255,2026-10-05
2025-06-30,2025-06,J0109,R09,Closed - Unfilled,9,3,0,22,True,255,2026-10-05
2025-06-30,2025-06,J0110,R10,Filled,5,5,0,27,True,255,2026-10-05
2025-06-30,2025-06,J0111,R01,Closed - Unfilled,8,7,0,32,True,225,2026-10-05
2025-06-30,2025-06,J0112,R02,Filled,6,6,0,27,True,225,2026-10-05
2025-06-30,2025-06,J0113,R03,Filled,8,8,0,29,True,225,2026-10-05
2025-06-30,2025-06,J0114,R04,Filled,5,5,0,35,True,225,2026-10-05
2025-06-30,2025-06,J0115,R05,Closed - Unfilled,10,7,0,32,True,225,2026-10-05
2025-06-30,2025-06,J0116,R06,Filled,5,5,0,32,True,225,2026-10-05
2025-06-30,2025-06,J0117,R07,Filled,8,8,0,30,True,225,2026-10-05
2025-06-30,2025-06,J0118,R08,Closed - Unfilled,8,7,0,22,True,225,2026-10-05
2025-06-30,2025-06,J0119,R09,Closed - Unfilled,8,4,0,28,True,225,2026-10-05
2025-06-30,2025-06,J0120,R10,Filled,9,9,0,31,True,225,2026-10-05
2025-06-30,2025-06,J0121,R01,Closed - Unfilled,9,5,0,23,True,194,2026-10-05
2025-06-30,2025-06,J0122,R02,Closed - Unfilled,10,5,0,30,True,194,2026-10-05
2025-06-30,2025-06,J0123,R03,Closed - Unfilled,7,6,0,27,True,194,2026-10-05
2025-06-30,2025-06,J0124,R04,Closed - Unfilled,8,7,0,31,True,194,2026-10-05
2025-06-30,2025-06,J0125,R05,Filled,5,5,0,32,True,194,2026-10-05
2025-06-30,2025-06,J0126,R06,Filled,8,8,0,33,True,194,2026-10-05
2025-06-30,2025-06,J0127,R07,Closed - Unfilled,9,7,0,25,True,194,2026-10-05
2025-06-30,2025-06,J0128,R08,Filled,10,10,0,27,True,194,2026-10-05
2025-06-30,2025-06,J0129,R09,Closed - Unfilled,9,5,0,26,True,194,2026-10-05
2025-06-30,2025-06,J0130,R10,Closed - Unfilled,7,5,0,26,True,194,2026-10-05
2025-06-30,2025-06,J0131,R01,Closed - Unfilled,6,5,0,34,True,163,2026-10-05
2025-06-30,2025-06,J0132,R02,Closed - Unfilled,9,4,0,22,True,163,2026-10-05
2025-06-30,2025-06,J0133,R03,Filled,6,6,0,35,True,163,2026-10-05
2025-06-30,2025-06,J0134,R04,Filled,8,8,0,39,True,163,2026-10-05
2025-06-30,2025-06,J0135,R05,Closed - Unfilled,10,7,0,36,True,163,2026-10-05
2025-06-30,2025-06,J0136,R06,Filled,8,8,0,30,True,163,2026-10-05
2025-06-30,2025-06,J0137,R07,Closed - Unfilled,10,9,0,27,True,163,2026-10-05
2025-06-30,2025-06,J0138,R08,Filled,5,5,0,28,True,163,2026-10-05
2025-06-30,2025-06,J0139,R09,Filled,6,6,0,31,True,163,2026-10-05
2025-06-30,2025-06,J0140,R10,Closed - Unfilled,9,3,0,21,True,163,2026-10-05
2025-06-30,2025-06,J0141,R01,Filled,5,5,0,25,True,135,2026-10-05
2025-06-30,2025-06,J0142,R02,Closed - Unfilled,8,7,0,28,True,135,2026-10-05
2025-06-30,2025-06,J0143,R03,Closed - Unfilled,9,8,0,34,True,135,2026-10-05
2025-06-30,2025-06,J0144,R04,Closed - Unfilled,8,4,0,31,True,135,2026-10-05
2025-06-30,2025-06,J0145,R05,Closed - Unfilled,9,5,0,26,True,135,2026-10-05
2025-06-30,2025-06,J0146,R06,Filled,5,5,0,33,True,135,2026-10-05
2025-06-30,2025-06,J0147,R07,Closed - Unfilled,6,3,0,19,True,135,2026-10-05
2025-06-30,2025-06,J0148,R08,Closed - Unfilled,7,3,0,27,True,135,2026-10-05
2025-06-30,2025-06,J0149,R09,Filled,7,7,0,29,True,135,2026-10-05
2025-06-30,2025-06,J0150,R10,Closed - Unfilled,8,5,0,30,True,135,2026-10-05
2025-06-30,2025-06,J0151,R01,Open,6,3,3,28,True,104,2026-10-05
2025-06-30,2025-06,J0152,R02,Filled,8,8,0,31,True,104,2026-10-05
2025-06-30,2025-06,J0153,R03,Open,10,8,2,27,True,104,2026-10-05
2025-06-30,2025-06,J0154,R04,Open,6,5,1,31,True,104,2026-10-05
2025-06-30,2025-06,J0155,R05,Open,9,6,3,23,True,104,2026-10-05
2025-06-30,2025-06,J0156,R06,Filled,6,6,0,38,True,104,2026-10-05
2025-06-30,2025-06,J0157,R07,Filled,5,5,0,26,True,104,2026-10-05
2025-06-30,2025-06,J0158,R08,Open,7,4,3,22,True,104,2026-10-05
2025-06-30,2025-06,J0159,R09,Open,6,4,2,21,True,104,2026-10-05
2025-06-30,2025-06,J0160,R10,Open,8,4,4,30,True,104,2026-10-05
2025-06-30,2025-06,J0161,R01,Open,5,4,1,21,True,74,2026-10-05
2025-06-30,2025-06,J0162,R02,Open,9,4,5,32,True,74,2026-10-05
2025-06-30,2025-06,J0163,R03,Open,7,1,6,32,True,74,2026-10-05
2025-06-30,2025-06,J0164,R04,Filled,9,9,0,28,True,74,2026-10-05
2025-06-30,2025-06,J0165,R05,Open,7,5,2,26,True,74,2026-10-05
2025-06-30,2025-06,J0166,R06,Open,8,7,1,39,True,74,2026-10-05
2025-06-30,2025-06,J0167,R07,Open,7,5,2,28,True,74,2026-10-05
2025-06-30,2025-06,J0168,R08,Open,10,1,9,22,True,74,2026-10-05
2025-06-30,2025-06,J0169,R09,Filled,7,7,0,28,True,74,2026-10-05
2025-06-30,2025-06,J0170,R10,Open,9,6,3,32,True,74,2026-10-05
2025-06-30,2025-06,J0171,R01,Open,7,0,7,21,True,43,2026-10-05
2025-06-30,2025-06,J0172,R02,Open,7,1,6,17,True,43,2026-10-05
2025-06-30,2025-06,J0173,R03,Open,7,0,7,21,True,43,2026-10-05
2025-06-30,2025-06,J0174,R04,Open,7,0,7,18,True,43,2026-10-05
2025-06-30,2025-06,J0175,R05,Open,6,1,5,23,True,43,2026-10-05
2025-06-30,2025-06,J0176,R06,Open,8,2,6,22,True,43,2026-10-05
2025-06-30,2025-06,J0177,R07,Open,7,1,6,13,True,43,2026-10-05
2025-06-30,2025-06,J0178,R08,Open,8,1,7,20,True,43,2026-10-05
2025-06-30,2025-06,J0179,R09,Open,10,0,10,20,True,43,2026-10-05
2025-06-30,2025-06,J0180,R10,Open,8,1,7,21,True,43,2026-10-05
2025-06-30,2025-06,J0181,R01,Open,7,0,7,0,False,13,2026-10-05
2025-06-30,2025-06,J0182,R02,Open,9,0,9,0,False,13,2026-10-05
2025-06-30,2025-06,J0183,R03,Open,5,0,5,0,False,13,2026-10-05
2025-06-30,2025-06,J0184,R04,Open,7,0,7,0,False,13,2026-10-05
2025-06-30,2025-06,J0185,R05,Open,9,0,9,0,False,13,2026-10-05
2025-06-30,2025-06,J0186,R06,Open,10,0,10,0,False,13,2026-10-05
2025-06-30,2025-06,J0187,R07,Open,9,0,9,0,False,13,2026-10-05
2025-06-30,2025-06,J0188,R08,Open,8,0,8,0,False,13,2026-10-05
2025-06-30,2025-06,J0189,R09,Open,5,0,5,0,False,13,2026-10-05
2025-06-30,2025-06,J0190,R10,Open,9,0,9,0,False,13,2026-10-05
2025-07-31,2025-07,J0001,R01,Closed - Unfilled,7,4,0,27,True,577,2026-10-05
2025-07-31,2025-07,J0002,R02,Filled,5,5,0,24,True,577,2026-10-05
2025-07-31,2025-07,J0003,R03,Closed - Unfilled,10,5,0,30,True,577,2026-10-05
2025-07-31,2025-07,J0004,R04,Filled,8,8,0,35,True,577,2026-10-05
2025-07-31,2025-07,J0005,R05,Filled,8,8,0,32,True,577,2026-10-05
2025-07-31,2025-07,J0006,R06,Closed - Unfilled,9,3,0,23,True,577,2026-10-05
2025-07-31,2025-07,J0007,R07,Closed - Unfilled,10,4,0,25,True,577,2026-10-05
2025-07-31,2025-07,J0008,R08,Closed - Unfilled,8,7,0,24,True,577,2026-10-05
2025-07-31,2025-07,J0009,R09,Closed - Unfilled,10,6,0,24,True,577,2026-10-05
2025-07-31,2025-07,J0010,R10,Closed - Unfilled,10,4,0,27,True,577,2026-10-05
2025-07-31,2025-07,J0011,R01,Filled,9,9,0,31,True,560,2026-10-05
2025-07-31,2025-07,J0012,R02,Closed - Unfilled,9,8,0,34,True,560,2026-10-05
2025-07-31,2025-07,J0013,R03,Closed - Unfilled,10,4,0,25,True,560,2026-10-05
2025-07-31,2025-07,J0014,R04,Closed - Unfilled,10,3,0,30,True,560,2026-10-05
2025-07-31,2025-07,J0015,R05,Filled,7,7,0,34,True,560,2026-10-05
2025-07-31,2025-07,J0016,R06,Filled,9,9,0,35,True,560,2026-10-05
2025-07-31,2025-07,J0017,R07,Filled,8,8,0,23,True,560,2026-10-05
2025-07-31,2025-07,J0018,R08,Closed - Unfilled,9,7,0,35,True,560,2026-10-05
2025-07-31,2025-07,J0019,R09,Closed - Unfilled,10,4,0,29,True,560,2026-10-05
2025-07-31,2025-07,J0020,R10,Filled,7,7,0,25,True,560,2026-10-05
2025-07-31,2025-07,J0021,R01,Closed - Unfilled,5,1,0,20,True,531,2026-10-05
2025-07-31,2025-07,J0022,R02,Filled,6,6,0,31,True,531,2026-10-05
2025-07-31,2025-07,J0023,R03,Closed - Unfilled,8,5,0,28,True,531,2026-10-05
2025-07-31,2025-07,J0024,R04,Filled,6,6,0,29,True,531,2026-10-05
2025-07-31,2025-07,J0025,R05,Closed - Unfilled,8,7,0,28,True,531,2026-10-05
2025-07-31,2025-07,J0026,R06,Closed - Unfilled,9,6,0,37,True,531,2026-10-05
2025-07-31,2025-07,J0027,R07,Closed - Unfilled,10,8,0,26,True,531,2026-10-05
2025-07-31,2025-07,J0028,R08,Filled,7,7,0,27,True,531,2026-10-05
2025-07-31,2025-07,J0029,R09,Closed - Unfilled,9,4,0,24,True,531,2026-10-05
2025-07-31,2025-07,J0030,R10,Closed - Unfilled,8,3,0,23,True,531,2026-10-05
2025-07-31,2025-07,J0031,R01,Closed - Unfilled,9,5,0,30,True,500,2026-10-05
2025-07-31,2025-07,J0032,R02,Closed - Unfilled,10,6,0,37,True,500,2026-10-05
2025-07-31,2025-07,J0033,R03,Closed - Unfilled,5,4,0,30,True,500,2026-10-05
2025-07-31,2025-07,J0034,R04,Closed - Unfilled,10,8,0,27,True,500,2026-10-05
2025-07-31,2025-07,J0035,R05,Closed - Unfilled,8,5,0,30,True,500,2026-10-05
2025-07-31,2025-07,J0036,R06,Closed - Unfilled,10,9,0,41,True,500,2026-10-05
2025-07-31,2025-07,J0037,R07,Closed - Unfilled,8,6,0,24,True,500,2026-10-05
2025-07-31,2025-07,J0038,R08,Filled,7,7,0,32,True,500,2026-10-05
2025-07-31,2025-07,J0039,R09,Closed - Unfilled,7,5,0,26,True,500,2026-10-05
2025-07-31,2025-07,J0040,R10,Filled,6,6,0,28,True,500,2026-10-05
2025-07-31,2025-07,J0041,R01,Filled,5,5,0,34,True,470,2026-10-05
2025-07-31,2025-07,J0042,R02,Filled,5,5,0,33,True,470,2026-10-05
2025-07-31,2025-07,J0043,R03,Filled,7,7,0,32,True,470,2026-10-05
2025-07-31,2025-07,J0044,R04,Closed - Unfilled,7,6,0,33,True,470,2026-10-05
2025-07-31,2025-07,J0045,R05,Closed - Unfilled,9,4,0,31,True,470,2026-10-05
2025-07-31,2025-07,J0046,R06,Filled,7,7,0,35,True,470,2026-10-05
2025-07-31,2025-07,J0047,R07,Closed - Unfilled,8,7,0,26,True,470,2026-10-05
2025-07-31,2025-07,J0048,R08,Filled,9,9,0,37,True,470,2026-10-05
2025-07-31,2025-07,J0049,R09,Closed - Unfilled,6,4,0,21,True,470,2026-10-05
2025-07-31,2025-07,J0050,R10,Closed - Unfilled,10,3,0,34,True,470,2026-10-05
2025-07-31,2025-07,J0051,R01,Closed - Unfilled,10,6,0,26,True,439,2026-10-05
2025-07-31,2025-07,J0052,R02,Closed - Unfilled,9,4,0,24,True,439,2026-10-05
2025-07-31,2025-07,J0053,R03,Closed - Unfilled,10,9,0,36,True,439,2026-10-05
2025-07-31,2025-07,J0054,R04,Filled,6,6,0,28,True,439,2026-10-05
2025-07-31,2025-07,J0055,R05,Filled,5,5,0,33,True,439,2026-10-05
2025-07-31,2025-07,J0056,R06,Closed - Unfilled,8,5,0,27,True,439,2026-10-05
2025-07-31,2025-07,J0057,R07,Closed - Unfilled,6,3,0,19,True,439,2026-10-05
2025-07-31,2025-07,J0058,R08,Closed - Unfilled,10,2,0,30,True,439,2026-10-05
2025-07-31,2025-07,J0059,R09,Filled,6,6,0,29,True,439,2026-10-05
2025-07-31,2025-07,J0060,R10,Closed - Unfilled,8,6,0,33,True,439,2026-10-05
2025-07-31,2025-07,J0061,R01,Closed - Unfilled,7,3,0,27,True,409,2026-10-05
2025-07-31,2025-07,J0062,R02,Closed - Unfilled,9,5,0,23,True,409,2026-10-05
2025-07-31,2025-07,J0063,R03,Closed - Unfilled,10,8,0,33,True,409,2026-10-05
2025-07-31,2025-07,J0064,R04,Closed - Unfilled,9,5,0,29,True,409,2026-10-05
2025-07-31,2025-07,J0065,R05,Filled,9,9,0,31,True,409,2026-10-05
2025-07-31,2025-07,J0066,R06,Closed - Unfilled,5,4,0,35,True,409,2026-10-05
2025-07-31,2025-07,J0067,R07,Closed - Unfilled,7,3,0,26,True,409,2026-10-05
2025-07-31,2025-07,J0068,R08,Filled,5,5,0,26,True,409,2026-10-05
2025-07-31,2025-07,J0069,R09,Filled,8,8,0,27,True,409,2026-10-05
2025-07-31,2025-07,J0070,R10,Closed - Unfilled,10,5,0,33,True,409,2026-10-05
2025-07-31,2025-07,J0071,R01,Closed - Unfilled,10,1,0,30,True,378,2026-10-05
2025-07-31,2025-07,J0072,R02,Filled,6,6,0,34,True,378,2026-10-05
2025-07-31,2025-07,J0073,R03,Filled,7,7,0,28,True,378,2026-10-05
2025-07-31,2025-07,J0074,R04,Filled,7,7,0,34,True,378,2026-10-05
2025-07-31,2025-07,J0075,R05,Closed - Unfilled,10,7,0,38,True,378,2026-10-05
2025-07-31,2025-07,J0076,R06,Filled,6,6,0,32,True,378,2026-10-05
2025-07-31,2025-07,J0077,R07,Closed - Unfilled,10,9,0,29,True,378,2026-10-05
2025-07-31,2025-07,J0078,R08,Filled,5,5,0,27,True,378,2026-10-05
2025-07-31,2025-07,J0079,R09,Closed - Unfilled,10,7,0,27,True,378,2026-10-05
2025-07-31,2025-07,J0080,R10,Closed - Unfilled,8,4,0,29,True,378,2026-10-05
2025-07-31,2025-07,J0081,R01,Filled,5,5,0,30,True,347,2026-10-05
2025-07-31,2025-07,J0082,R02,Filled,7,7,0,34,True,347,2026-10-05
2025-07-31,2025-07,J0083,R03,Filled,5,5,0,27,True,347,2026-10-05
2025-07-31,2025-07,J0084,R04,Filled,6,6,0,32,True,347,2026-10-05
2025-07-31,2025-07,J0085,R05,Filled,7,7,0,30,True,347,2026-10-05
2025-07-31,2025-07,J0086,R06,Filled,5,5,0,32,True,347,2026-10-05
2025-07-31,2025-07,J0087,R07,Filled,7,7,0,24,True,347,2026-10-05
2025-07-31,2025-07,J0088,R08,Closed - Unfilled,8,4,0,31,True,347,2026-10-05
2025-07-31,2025-07,J0089,R09,Filled,6,6,0,31,True,347,2026-10-05
2025-07-31,2025-07,J0090,R10,Filled,8,8,0,36,True,347,2026-10-05
2025-07-31,2025-07,J0091,R01,Closed - Unfilled,10,4,0,22,True,317,2026-10-05
2025-07-31,2025-07,J0092,R02,Closed - Unfilled,9,2,0,21,True,317,2026-10-05
2025-07-31,2025-07,J0093,R03,Closed - Unfilled,10,6,0,31,True,317,2026-10-05
2025-07-31,2025-07,J0094,R04,Closed - Unfilled,7,6,0,28,True,317,2026-10-05
2025-07-31,2025-07,J0095,R05,Closed - Unfilled,9,4,0,31,True,317,2026-10-05
2025-07-31,2025-07,J0096,R06,Closed - Unfilled,7,4,0,37,True,317,2026-10-05
2025-07-31,2025-07,J0097,R07,Filled,6,6,0,39,True,317,2026-10-05
2025-07-31,2025-07,J0098,R08,Filled,6,6,0,23,True,317,2026-10-05
2025-07-31,2025-07,J0099,R09,Filled,6,6,0,30,True,317,2026-10-05
2025-07-31,2025-07,J0100,R10,Filled,9,9,0,32,True,317,2026-10-05
2025-07-31,2025-07,J0101,R01,Closed - Unfilled,7,3,0,30,True,286,2026-10-05
2025-07-31,2025-07,J0102,R02,Filled,5,5,0,33,True,286,2026-10-05
2025-07-31,2025-07,J0103,R03,Filled,8,8,0,32,True,286,2026-10-05
2025-07-31,2025-07,J0104,R04,Filled,8,8,0,28,True,286,2026-10-05
2025-07-31,2025-07,J0105,R05,Filled,5,5,0,36,True,286,2026-10-05
2025-07-31,2025-07,J0106,R06,Closed - Unfilled,6,3,0,32,True,286,2026-10-05
2025-07-31,2025-07,J0107,R07,Closed - Unfilled,10,8,0,28,True,286,2026-10-05
2025-07-31,2025-07,J0108,R08,Closed - Unfilled,8,2,0,24,True,286,2026-10-05
2025-07-31,2025-07,J0109,R09,Closed - Unfilled,9,3,0,22,True,286,2026-10-05
2025-07-31,2025-07,J0110,R10,Filled,5,5,0,27,True,286,2026-10-05
2025-07-31,2025-07,J0111,R01,Closed - Unfilled,8,7,0,32,True,256,2026-10-05
2025-07-31,2025-07,J0112,R02,Filled,6,6,0,27,True,256,2026-10-05
2025-07-31,2025-07,J0113,R03,Filled,8,8,0,29,True,256,2026-10-05
2025-07-31,2025-07,J0114,R04,Filled,5,5,0,35,True,256,2026-10-05
2025-07-31,2025-07,J0115,R05,Closed - Unfilled,10,7,0,32,True,256,2026-10-05
2025-07-31,2025-07,J0116,R06,Filled,5,5,0,32,True,256,2026-10-05
2025-07-31,2025-07,J0117,R07,Filled,8,8,0,30,True,256,2026-10-05
2025-07-31,2025-07,J0118,R08,Closed - Unfilled,8,7,0,22,True,256,2026-10-05
2025-07-31,2025-07,J0119,R09,Closed - Unfilled,8,4,0,28,True,256,2026-10-05
2025-07-31,2025-07,J0120,R10,Filled,9,9,0,31,True,256,2026-10-05
2025-07-31,2025-07,J0121,R01,Closed - Unfilled,9,5,0,23,True,225,2026-10-05
2025-07-31,2025-07,J0122,R02,Closed - Unfilled,10,5,0,30,True,225,2026-10-05
2025-07-31,2025-07,J0123,R03,Closed - Unfilled,7,6,0,27,True,225,2026-10-05
2025-07-31,2025-07,J0124,R04,Closed - Unfilled,8,7,0,31,True,225,2026-10-05
2025-07-31,2025-07,J0125,R05,Filled,5,5,0,32,True,225,2026-10-05
2025-07-31,2025-07,J0126,R06,Filled,8,8,0,33,True,225,2026-10-05
2025-07-31,2025-07,J0127,R07,Closed - Unfilled,9,7,0,25,True,225,2026-10-05
2025-07-31,2025-07,J0128,R08,Filled,10,10,0,27,True,225,2026-10-05
2025-07-31,2025-07,J0129,R09,Closed - Unfilled,9,5,0,26,True,225,2026-10-05
2025-07-31,2025-07,J0130,R10,Closed - Unfilled,7,5,0,26,True,225,2026-10-05
2025-07-31,2025-07,J0131,R01,Closed - Unfilled,6,5,0,34,True,194,2026-10-05
2025-07-31,2025-07,J0132,R02,Closed - Unfilled,9,4,0,22,True,194,2026-10-05
2025-07-31,2025-07,J0133,R03,Filled,6,6,0,35,True,194,2026-10-05
2025-07-31,2025-07,J0134,R04,Filled,8,8,0,39,True,194,2026-10-05
2025-07-31,2025-07,J0135,R05,Closed - Unfilled,10,7,0,36,True,194,2026-10-05
2025-07-31,2025-07,J0136,R06,Filled,8,8,0,30,True,194,2026-10-05
2025-07-31,2025-07,J0137,R07,Closed - Unfilled,10,9,0,27,True,194,2026-10-05
2025-07-31,2025-07,J0138,R08,Filled,5,5,0,28,True,194,2026-10-05
2025-07-31,2025-07,J0139,R09,Filled,6,6,0,31,True,194,2026-10-05
2025-07-31,2025-07,J0140,R10,Closed - Unfilled,9,3,0,21,True,194,2026-10-05
2025-07-31,2025-07,J0141,R01,Filled,5,5,0,25,True,166,2026-10-05
2025-07-31,2025-07,J0142,R02,Closed - Unfilled,8,7,0,28,True,166,2026-10-05
2025-07-31,2025-07,J0143,R03,Closed - Unfilled,9,8,0,34,True,166,2026-10-05
2025-07-31,2025-07,J0144,R04,Closed - Unfilled,8,4,0,31,True,166,2026-10-05
2025-07-31,2025-07,J0145,R05,Closed - Unfilled,9,5,0,26,True,166,2026-10-05
2025-07-31,2025-07,J0146,R06,Filled,5,5,0,33,True,166,2026-10-05
2025-07-31,2025-07,J0147,R07,Closed - Unfilled,6,3,0,19,True,166,2026-10-05
2025-07-31,2025-07,J0148,R08,Closed - Unfilled,7,3,0,27,True,166,2026-10-05
2025-07-31,2025-07,J0149,R09,Filled,7,7,0,29,True,166,2026-10-05
2025-07-31,2025-07,J0150,R10,Closed - Unfilled,8,5,0,30,True,166,2026-10-05
2025-07-31,2025-07,J0151,R01,Closed - Unfilled,6,3,0,28,True,135,2026-10-05
2025-07-31,2025-07,J0152,R02,Filled,8,8,0,31,True,135,2026-10-05
2025-07-31,2025-07,J0153,R03,Closed - Unfilled,10,8,0,27,True,135,2026-10-05
2025-07-31,2025-07,J0154,R04,Closed - Unfilled,6,5,0,31,True,135,2026-10-05
2025-07-31,2025-07,J0155,R05,Closed - Unfilled,9,6,0,23,True,135,2026-10-05
2025-07-31,2025-07,J0156,R06,Filled,6,6,0,38,True,135,2026-10-05
2025-07-31,2025-07,J0157,R07,Filled,5,5,0,26,True,135,2026-10-05
2025-07-31,2025-07,J0158,R08,Closed - Unfilled,7,4,0,22,True,135,2026-10-05
2025-07-31,2025-07,J0159,R09,Closed - Unfilled,6,4,0,21,True,135,2026-10-05
2025-07-31,2025-07,J0160,R10,Closed - Unfilled,8,4,0,30,True,135,2026-10-05
2025-07-31,2025-07,J0161,R01,Open,5,4,1,21,True,105,2026-10-05
2025-07-31,2025-07,J0162,R02,Open,9,4,5,32,True,105,2026-10-05
2025-07-31,2025-07,J0163,R03,Open,7,1,6,32,True,105,2026-10-05
2025-07-31,2025-07,J0164,R04,Filled,9,9,0,28,True,105,2026-10-05
2025-07-31,2025-07,J0165,R05,Open,7,6,1,26,True,105,2026-10-05
2025-07-31,2025-07,J0166,R06,Filled,8,8,0,39,True,105,2026-10-05
2025-07-31,2025-07,J0167,R07,Filled,7,7,0,28,True,105,2026-10-05
2025-07-31,2025-07,J0168,R08,Open,10,1,9,22,True,105,2026-10-05
2025-07-31,2025-07,J0169,R09,Filled,7,7,0,28,True,105,2026-10-05
2025-07-31,2025-07,J0170,R10,Open,9,6,3,32,True,105,2026-10-05
2025-07-31,2025-07,J0171,R01,Open,7,6,1,31,True,74,2026-10-05
2025-07-31,2025-07,J0172,R02,Filled,7,7,0,28,True,74,2026-10-05
2025-07-31,2025-07,J0173,R03,Filled,7,7,0,30,True,74,2026-10-05
2025-07-31,2025-07,J0174,R04,Open,7,5,2,28,True,74,2026-10-05
2025-07-31,2025-07,J0175,R05,Filled,6,6,0,31,True,74,2026-10-05
2025-07-31,2025-07,J0176,R06,Open,8,7,1,30,True,74,2026-10-05
2025-07-31,2025-07,J0177,R07,Open,7,6,1,23,True,74,2026-10-05
2025-07-31,2025-07,J0178,R08,Open,8,4,4,28,True,74,2026-10-05
2025-07-31,2025-07,J0179,R09,Open,10,1,9,32,True,74,2026-10-05
2025-07-31,2025-07,J0180,R10,Filled,8,8,0,34,True,74,2026-10-05
2025-07-31,2025-07,J0181,R01,Open,7,0,7,17,True,44,2026-10-05
2025-07-31,2025-07,J0182,R02,Open,9,1,8,18,True,44,2026-10-05
2025-07-31,2025-07,J0183,R03,Open,5,0,5,19,True,44,2026-10-05
2025-07-31,2025-07,J0184,R04,Open,7,2,5,14,True,44,2026-10-05
2025-07-31,2025-07,J0185,R05,Open,9,2,7,25,True,44,2026-10-05
2025-07-31,2025-07,J0186,R06,Open,10,0,10,23,True,44,2026-10-05
2025-07-31,2025-07,J0187,R07,Open,9,0,9,18,True,44,2026-10-05
2025-07-31,2025-07,J0188,R08,Open,8,0,8,20,True,44,2026-10-05
2025-07-31,2025-07,J0189,R09,Open,5,3,2,20,True,44,2026-10-05
2025-07-31,2025-07,J0190,R10,Open,9,0,9,24,True,44,2026-10-05
2025-07-31,2025-07,J0191,R01,Open,7,0,7,0,False,13,2026-10-05
2025-07-31,2025-07,J0192,R02,Open,8,0,8,0,False,13,2026-10-05
2025-07-31,2025-07,J0193,R03,Open,5,0,5,0,False,13,2026-10-05
2025-07-31,2025-07,J0194,R04,Open,7,0,7,0,False,13,2026-10-05
2025-07-31,2025-07,J0195,R05,Open,8,0,8,0,False,13,2026-10-05
2025-07-31,2025-07,J0196,R06,Open,10,0,10,0,False,13,2026-10-05
2025-07-31,2025-07,J0197,R07,Open,5,0,5,0,False,13,2026-10-05
2025-07-31,2025-07,J0198,R08,Open,5,0,5,0,False,13,2026-10-05
2025-07-31,2025-07,J0199,R09,Open,5,0,5,0,False,13,2026-10-05
2025-07-31,2025-07,J0200,R10,Open,7,0,7,0,False,13,2026-10-05
2025-08-31,2025-08,J0001,R01,Closed - Unfilled,7,4,0,27,True,608,2026-10-05
2025-08-31,2025-08,J0002,R02,Filled,5,5,0,24,True,608,2026-10-05
2025-08-31,2025-08,J0003,R03,Closed - Unfilled,10,5,0,30,True,608,2026-10-05
2025-08-31,2025-08,J0004,R04,Filled,8,8,0,35,True,608,2026-10-05
2025-08-31,2025-08,J0005,R05,Filled,8,8,0,32,True,608,2026-10-05
2025-08-31,2025-08,J0006,R06,Closed - Unfilled,9,3,0,23,True,608,2026-10-05
2025-08-31,2025-08,J0007,R07,Closed - Unfilled,10,4,0,25,True,608,2026-10-05
2025-08-31,2025-08,J0008,R08,Closed - Unfilled,8,7,0,24,True,608,2026-10-05
2025-08-31,2025-08,J0009,R09,Closed - Unfilled,10,6,0,24,True,608,2026-10-05
2025-08-31,2025-08,J0010,R10,Closed - Unfilled,10,4,0,27,True,608,2026-10-05
2025-08-31,2025-08,J0011,R01,Filled,9,9,0,31,True,591,2026-10-05
2025-08-31,2025-08,J0012,R02,Closed - Unfilled,9,8,0,34,True,591,2026-10-05
2025-08-31,2025-08,J0013,R03,Closed - Unfilled,10,4,0,25,True,591,2026-10-05
2025-08-31,2025-08,J0014,R04,Closed - Unfilled,10,3,0,30,True,591,2026-10-05
2025-08-31,2025-08,J0015,R05,Filled,7,7,0,34,True,591,2026-10-05
2025-08-31,2025-08,J0016,R06,Filled,9,9,0,35,True,591,2026-10-05
2025-08-31,2025-08,J0017,R07,Filled,8,8,0,23,True,591,2026-10-05
2025-08-31,2025-08,J0018,R08,Closed - Unfilled,9,7,0,35,True,591,2026-10-05
2025-08-31,2025-08,J0019,R09,Closed - Unfilled,10,4,0,29,True,591,2026-10-05
2025-08-31,2025-08,J0020,R10,Filled,7,7,0,25,True,591,2026-10-05
2025-08-31,2025-08,J0021,R01,Closed - Unfilled,5,1,0,20,True,562,2026-10-05
2025-08-31,2025-08,J0022,R02,Filled,6,6,0,31,True,562,2026-10-05
2025-08-31,2025-08,J0023,R03,Closed - Unfilled,8,5,0,28,True,562,2026-10-05
2025-08-31,2025-08,J0024,R04,Filled,6,6,0,29,True,562,2026-10-05
2025-08-31,2025-08,J0025,R05,Closed - Unfilled,8,7,0,28,True,562,2026-10-05
2025-08-31,2025-08,J0026,R06,Closed - Unfilled,9,6,0,37,True,562,2026-10-05
2025-08-31,2025-08,J0027,R07,Closed - Unfilled,10,8,0,26,True,562,2026-10-05
2025-08-31,2025-08,J0028,R08,Filled,7,7,0,27,True,562,2026-10-05
2025-08-31,2025-08,J0029,R09,Closed - Unfilled,9,4,0,24,True,562,2026-10-05
2025-08-31,2025-08,J0030,R10,Closed - Unfilled,8,3,0,23,True,562,2026-10-05
2025-08-31,2025-08,J0031,R01,Closed - Unfilled,9,5,0,30,True,531,2026-10-05
2025-08-31,2025-08,J0032,R02,Closed - Unfilled,10,6,0,37,True,531,2026-10-05
2025-08-31,2025-08,J0033,R03,Closed - Unfilled,5,4,0,30,True,531,2026-10-05
2025-08-31,2025-08,J0034,R04,Closed - Unfilled,10,8,0,27,True,531,2026-10-05
2025-08-31,2025-08,J0035,R05,Closed - Unfilled,8,5,0,30,True,531,2026-10-05
2025-08-31,2025-08,J0036,R06,Closed - Unfilled,10,9,0,41,True,531,2026-10-05
2025-08-31,2025-08,J0037,R07,Closed - Unfilled,8,6,0,24,True,531,2026-10-05
2025-08-31,2025-08,J0038,R08,Filled,7,7,0,32,True,531,2026-10-05
2025-08-31,2025-08,J0039,R09,Closed - Unfilled,7,5,0,26,True,531,2026-10-05
2025-08-31,2025-08,J0040,R10,Filled,6,6,0,28,True,531,2026-10-05
2025-08-31,2025-08,J0041,R01,Filled,5,5,0,34,True,501,2026-10-05
2025-08-31,2025-08,J0042,R02,Filled,5,5,0,33,True,501,2026-10-05
2025-08-31,2025-08,J0043,R03,Filled,7,7,0,32,True,501,2026-10-05
2025-08-31,2025-08,J0044,R04,Closed - Unfilled,7,6,0,33,True,501,2026-10-05
2025-08-31,2025-08,J0045,R05,Closed - Unfilled,9,4,0,31,True,501,2026-10-05
2025-08-31,2025-08,J0046,R06,Filled,7,7,0,35,True,501,2026-10-05
2025-08-31,2025-08,J0047,R07,Closed - Unfilled,8,7,0,26,True,501,2026-10-05
2025-08-31,2025-08,J0048,R08,Filled,9,9,0,37,True,501,2026-10-05
2025-08-31,2025-08,J0049,R09,Closed - Unfilled,6,4,0,21,True,501,2026-10-05
2025-08-31,2025-08,J0050,R10,Closed - Unfilled,10,3,0,34,True,501,2026-10-05
2025-08-31,2025-08,J0051,R01,Closed - Unfilled,10,6,0,26,True,470,2026-10-05
2025-08-31,2025-08,J0052,R02,Closed - Unfilled,9,4,0,24,True,470,2026-10-05
2025-08-31,2025-08,J0053,R03,Closed - Unfilled,10,9,0,36,True,470,2026-10-05
2025-08-31,2025-08,J0054,R04,Filled,6,6,0,28,True,470,2026-10-05
2025-08-31,2025-08,J0055,R05,Filled,5,5,0,33,True,470,2026-10-05
2025-08-31,2025-08,J0056,R06,Closed - Unfilled,8,5,0,27,True,470,2026-10-05
2025-08-31,2025-08,J0057,R07,Closed - Unfilled,6,3,0,19,True,470,2026-10-05
2025-08-31,2025-08,J0058,R08,Closed - Unfilled,10,2,0,30,True,470,2026-10-05
2025-08-31,2025-08,J0059,R09,Filled,6,6,0,29,True,470,2026-10-05
2025-08-31,2025-08,J0060,R10,Closed - Unfilled,8,6,0,33,True,470,2026-10-05
2025-08-31,2025-08,J0061,R01,Closed - Unfilled,7,3,0,27,True,440,2026-10-05
2025-08-31,2025-08,J0062,R02,Closed - Unfilled,9,5,0,23,True,440,2026-10-05
2025-08-31,2025-08,J0063,R03,Closed - Unfilled,10,8,0,33,True,440,2026-10-05
2025-08-31,2025-08,J0064,R04,Closed - Unfilled,9,5,0,29,True,440,2026-10-05
2025-08-31,2025-08,J0065,R05,Filled,9,9,0,31,True,440,2026-10-05
2025-08-31,2025-08,J0066,R06,Closed - Unfilled,5,4,0,35,True,440,2026-10-05
2025-08-31,2025-08,J0067,R07,Closed - Unfilled,7,3,0,26,True,440,2026-10-05
2025-08-31,2025-08,J0068,R08,Filled,5,5,0,26,True,440,2026-10-05
2025-08-31,2025-08,J0069,R09,Filled,8,8,0,27,True,440,2026-10-05
2025-08-31,2025-08,J0070,R10,Closed - Unfilled,10,5,0,33,True,440,2026-10-05
2025-08-31,2025-08,J0071,R01,Closed - Unfilled,10,1,0,30,True,409,2026-10-05
2025-08-31,2025-08,J0072,R02,Filled,6,6,0,34,True,409,2026-10-05
2025-08-31,2025-08,J0073,R03,Filled,7,7,0,28,True,409,2026-10-05
2025-08-31,2025-08,J0074,R04,Filled,7,7,0,34,True,409,2026-10-05
2025-08-31,2025-08,J0075,R05,Closed - Unfilled,10,7,0,38,True,409,2026-10-05
2025-08-31,2025-08,J0076,R06,Filled,6,6,0,32,True,409,2026-10-05
2025-08-31,2025-08,J0077,R07,Closed - Unfilled,10,9,0,29,True,409,2026-10-05
2025-08-31,2025-08,J0078,R08,Filled,5,5,0,27,True,409,2026-10-05
2025-08-31,2025-08,J0079,R09,Closed - Unfilled,10,7,0,27,True,409,2026-10-05
2025-08-31,2025-08,J0080,R10,Closed - Unfilled,8,4,0,29,True,409,2026-10-05
2025-08-31,2025-08,J0081,R01,Filled,5,5,0,30,True,378,2026-10-05
2025-08-31,2025-08,J0082,R02,Filled,7,7,0,34,True,378,2026-10-05
2025-08-31,2025-08,J0083,R03,Filled,5,5,0,27,True,378,2026-10-05
2025-08-31,2025-08,J0084,R04,Filled,6,6,0,32,True,378,2026-10-05
2025-08-31,2025-08,J0085,R05,Filled,7,7,0,30,True,378,2026-10-05
2025-08-31,2025-08,J0086,R06,Filled,5,5,0,32,True,378,2026-10-05
2025-08-31,2025-08,J0087,R07,Filled,7,7,0,24,True,378,2026-10-05
2025-08-31,2025-08,J0088,R08,Closed - Unfilled,8,4,0,31,True,378,2026-10-05
2025-08-31,2025-08,J0089,R09,Filled,6,6,0,31,True,378,2026-10-05
2025-08-31,2025-08,J0090,R10,Filled,8,8,0,36,True,378,2026-10-05
2025-08-31,2025-08,J0091,R01,Closed - Unfilled,10,4,0,22,True,348,2026-10-05
2025-08-31,2025-08,J0092,R02,Closed - Unfilled,9,2,0,21,True,348,2026-10-05
2025-08-31,2025-08,J0093,R03,Closed - Unfilled,10,6,0,31,True,348,2026-10-05
2025-08-31,2025-08,J0094,R04,Closed - Unfilled,7,6,0,28,True,348,2026-10-05
2025-08-31,2025-08,J0095,R05,Closed - Unfilled,9,4,0,31,True,348,2026-10-05
2025-08-31,2025-08,J0096,R06,Closed - Unfilled,7,4,0,37,True,348,2026-10-05
2025-08-31,2025-08,J0097,R07,Filled,6,6,0,39,True,348,2026-10-05
2025-08-31,2025-08,J0098,R08,Filled,6,6,0,23,True,348,2026-10-05
2025-08-31,2025-08,J0099,R09,Filled,6,6,0,30,True,348,2026-10-05
2025-08-31,2025-08,J0100,R10,Filled,9,9,0,32,True,348,2026-10-05
2025-08-31,2025-08,J0101,R01,Closed - Unfilled,7,3,0,30,True,317,2026-10-05
2025-08-31,2025-08,J0102,R02,Filled,5,5,0,33,True,317,2026-10-05
2025-08-31,2025-08,J0103,R03,Filled,8,8,0,32,True,317,2026-10-05
2025-08-31,2025-08,J0104,R04,Filled,8,8,0,28,True,317,2026-10-05
2025-08-31,2025-08,J0105,R05,Filled,5,5,0,36,True,317,2026-10-05
2025-08-31,2025-08,J0106,R06,Closed - Unfilled,6,3,0,32,True,317,2026-10-05
2025-08-31,2025-08,J0107,R07,Closed - Unfilled,10,8,0,28,True,317,2026-10-05
2025-08-31,2025-08,J0108,R08,Closed - Unfilled,8,2,0,24,True,317,2026-10-05
2025-08-31,2025-08,J0109,R09,Closed - Unfilled,9,3,0,22,True,317,2026-10-05
2025-08-31,2025-08,J0110,R10,Filled,5,5,0,27,True,317,2026-10-05
2025-08-31,2025-08,J0111,R01,Closed - Unfilled,8,7,0,32,True,287,2026-10-05
2025-08-31,2025-08,J0112,R02,Filled,6,6,0,27,True,287,2026-10-05
2025-08-31,2025-08,J0113,R03,Filled,8,8,0,29,True,287,2026-10-05
2025-08-31,2025-08,J0114,R04,Filled,5,5,0,35,True,287,2026-10-05
2025-08-31,2025-08,J0115,R05,Closed - Unfilled,10,7,0,32,True,287,2026-10-05
2025-08-31,2025-08,J0116,R06,Filled,5,5,0,32,True,287,2026-10-05
2025-08-31,2025-08,J0117,R07,Filled,8,8,0,30,True,287,2026-10-05
2025-08-31,2025-08,J0118,R08,Closed - Unfilled,8,7,0,22,True,287,2026-10-05
2025-08-31,2025-08,J0119,R09,Closed - Unfilled,8,4,0,28,True,287,2026-10-05
2025-08-31,2025-08,J0120,R10,Filled,9,9,0,31,True,287,2026-10-05
2025-08-31,2025-08,J0121,R01,Closed - Unfilled,9,5,0,23,True,256,2026-10-05
2025-08-31,2025-08,J0122,R02,Closed - Unfilled,10,5,0,30,True,256,2026-10-05
2025-08-31,2025-08,J0123,R03,Closed - Unfilled,7,6,0,27,True,256,2026-10-05
2025-08-31,2025-08,J0124,R04,Closed - Unfilled,8,7,0,31,True,256,2026-10-05
2025-08-31,2025-08,J0125,R05,Filled,5,5,0,32,True,256,2026-10-05
2025-08-31,2025-08,J0126,R06,Filled,8,8,0,33,True,256,2026-10-05
2025-08-31,2025-08,J0127,R07,Closed - Unfilled,9,7,0,25,True,256,2026-10-05
2025-08-31,2025-08,J0128,R08,Filled,10,10,0,27,True,256,2026-10-05
2025-08-31,2025-08,J0129,R09,Closed - Unfilled,9,5,0,26,True,256,2026-10-05
2025-08-31,2025-08,J0130,R10,Closed - Unfilled,7,5,0,26,True,256,2026-10-05
2025-08-31,2025-08,J0131,R01,Closed - Unfilled,6,5,0,34,True,225,2026-10-05
2025-08-31,2025-08,J0132,R02,Closed - Unfilled,9,4,0,22,True,225,2026-10-05
2025-08-31,2025-08,J0133,R03,Filled,6,6,0,35,True,225,2026-10-05
2025-08-31,2025-08,J0134,R04,Filled,8,8,0,39,True,225,2026-10-05
2025-08-31,2025-08,J0135,R05,Closed - Unfilled,10,7,0,36,True,225,2026-10-05
2025-08-31,2025-08,J0136,R06,Filled,8,8,0,30,True,225,2026-10-05
2025-08-31,2025-08,J0137,R07,Closed - Unfilled,10,9,0,27,True,225,2026-10-05
2025-08-31,2025-08,J0138,R08,Filled,5,5,0,28,True,225,2026-10-05
2025-08-31,2025-08,J0139,R09,Filled,6,6,0,31,True,225,2026-10-05
2025-08-31,2025-08,J0140,R10,Closed - Unfilled,9,3,0,21,True,225,2026-10-05
2025-08-31,2025-08,J0141,R01,Filled,5,5,0,25,True,197,2026-10-05
2025-08-31,2025-08,J0142,R02,Closed - Unfilled,8,7,0,28,True,197,2026-10-05
2025-08-31,2025-08,J0143,R03,Closed - Unfilled,9,8,0,34,True,197,2026-10-05
2025-08-31,2025-08,J0144,R04,Closed - Unfilled,8,4,0,31,True,197,2026-10-05
2025-08-31,2025-08,J0145,R05,Closed - Unfilled,9,5,0,26,True,197,2026-10-05
2025-08-31,2025-08,J0146,R06,Filled,5,5,0,33,True,197,2026-10-05
2025-08-31,2025-08,J0147,R07,Closed - Unfilled,6,3,0,19,True,197,2026-10-05
2025-08-31,2025-08,J0148,R08,Closed - Unfilled,7,3,0,27,True,197,2026-10-05
2025-08-31,2025-08,J0149,R09,Filled,7,7,0,29,True,197,2026-10-05
2025-08-31,2025-08,J0150,R10,Closed - Unfilled,8,5,0,30,True,197,2026-10-05
2025-08-31,2025-08,J0151,R01,Closed - Unfilled,6,3,0,28,True,166,2026-10-05
2025-08-31,2025-08,J0152,R02,Filled,8,8,0,31,True,166,2026-10-05
2025-08-31,2025-08,J0153,R03,Closed - Unfilled,10,8,0,27,True,166,2026-10-05
2025-08-31,2025-08,J0154,R04,Closed - Unfilled,6,5,0,31,True,166,2026-10-05
2025-08-31,2025-08,J0155,R05,Closed - Unfilled,9,6,0,23,True,166,2026-10-05
2025-08-31,2025-08,J0156,R06,Filled,6,6,0,38,True,166,2026-10-05
2025-08-31,2025-08,J0157,R07,Filled,5,5,0,26,True,166,2026-10-05
2025-08-31,2025-08,J0158,R08,Closed - Unfilled,7,4,0,22,True,166,2026-10-05
2025-08-31,2025-08,J0159,R09,Closed - Unfilled,6,4,0,21,True,166,2026-10-05
2025-08-31,2025-08,J0160,R10,Closed - Unfilled,8,4,0,30,True,166,2026-10-05
2025-08-31,2025-08,J0161,R01,Closed - Unfilled,5,4,0,21,True,136,2026-10-05
2025-08-31,2025-08,J0162,R02,Closed - Unfilled,9,4,0,32,True,136,2026-10-05
2025-08-31,2025-08,J0163,R03,Closed - Unfilled,7,1,0,32,True,136,2026-10-05
2025-08-31,2025-08,J0164,R04,Filled,9,9,0,28,True,136,2026-10-05
2025-08-31,2025-08,J0165,R05,Closed - Unfilled,7,6,0,26,True,136,2026-10-05
2025-08-31,2025-08,J0166,R06,Filled,8,8,0,39,True,136,2026-10-05
2025-08-31,2025-08,J0167,R07,Filled,7,7,0,28,True,136,2026-10-05
2025-08-31,2025-08,J0168,R08,Closed - Unfilled,10,1,0,22,True,136,2026-10-05
2025-08-31,2025-08,J0169,R09,Filled,7,7,0,28,True,136,2026-10-05
2025-08-31,2025-08,J0170,R10,Closed - Unfilled,9,6,0,32,True,136,2026-10-05
2025-08-31,2025-08,J0171,R01,Filled,7,7,0,31,True,105,2026-10-05
2025-08-31,2025-08,J0172,R02,Filled,7,7,0,28,True,105,2026-10-05
2025-08-31,2025-08,J0173,R03,Filled,7,7,0,30,True,105,2026-10-05
2025-08-31,2025-08,J0174,R04,Open,7,5,2,28,True,105,2026-10-05
2025-08-31,2025-08,J0175,R05,Filled,6,6,0,31,True,105,2026-10-05
2025-08-31,2025-08,J0176,R06,Open,8,7,1,30,True,105,2026-10-05
2025-08-31,2025-08,J0177,R07,Open,7,6,1,23,True,105,2026-10-05
2025-08-31,2025-08,J0178,R08,Open,8,5,3,28,True,105,2026-10-05
2025-08-31,2025-08,J0179,R09,Open,10,4,6,32,True,105,2026-10-05
2025-08-31,2025-08,J0180,R10,Filled,8,8,0,34,True,105,2026-10-05
2025-08-31,2025-08,J0181,R01,Open,7,4,3,27,True,75,2026-10-05
2025-08-31,2025-08,J0182,R02,Open,9,5,4,29,True,75,2026-10-05
2025-08-31,2025-08,J0183,R03,Open,5,5,0,32,True,75,2026-10-05
2025-08-31,2025-08,J0184,R04,Open,7,5,2,23,True,75,2026-10-05
2025-08-31,2025-08,J0185,R05,Open,9,8,1,35,True,75,2026-10-05
2025-08-31,2025-08,J0186,R06,Open,10,3,7,36,True,75,2026-10-05
2025-08-31,2025-08,J0187,R07,Open,9,4,5,25,True,75,2026-10-05
2025-08-31,2025-08,J0188,R08,Open,8,6,2,32,True,75,2026-10-05
2025-08-31,2025-08,J0189,R09,Open,5,5,0,29,True,75,2026-10-05
2025-08-31,2025-08,J0190,R10,Open,9,6,3,36,True,75,2026-10-05
2025-08-31,2025-08,J0191,R01,Open,7,1,6,19,True,44,2026-10-05
2025-08-31,2025-08,J0192,R02,Open,8,1,7,16,True,44,2026-10-05
2025-08-31,2025-08,J0193,R03,Open,5,0,5,20,True,44,2026-10-05
2025-08-31,2025-08,J0194,R04,Open,7,0,7,20,True,44,2026-10-05
2025-08-31,2025-08,J0195,R05,Open,8,2,6,23,True,44,2026-10-05
2025-08-31,2025-08,J0196,R06,Open,10,0,10,23,True,44,2026-10-05
2025-08-31,2025-08,J0197,R07,Open,5,1,4,22,True,44,2026-10-05
2025-08-31,2025-08,J0198,R08,Open,5,0,5,16,True,44,2026-10-05
2025-08-31,2025-08,J0199,R09,Open,5,1,4,19,True,44,2026-10-05
2025-08-31,2025-08,J0200,R10,Open,7,2,5,21,True,44,2026-10-05
2025-08-31,2025-08,J0201,R01,Open,10,0,10,0,False,13,2026-10-05
2025-08-31,2025-08,J0202,R02,Open,9,0,9,0,False,13,2026-10-05
2025-08-31,2025-08,J0203,R03,Open,6,0,6,0,False,13,2026-10-05
2025-08-31,2025-08,J0204,R04,Open,10,0,10,0,False,13,2026-10-05
2025-08-31,2025-08,J0205,R05,Open,9,0,9,0,False,13,2026-10-05
2025-08-31,2025-08,J0206,R06,Open,9,0,9,0,False,13,2026-10-05
2025-08-31,2025-08,J0207,R07,Open,10,0,10,0,False,13,2026-10-05
2025-08-31,2025-08,J0208,R08,Open,6,0,6,0,False,13,2026-10-05
2025-08-31,2025-08,J0209,R09,Open,5,0,5,0,False,13,2026-10-05
2025-08-31,2025-08,J0210,R10,Open,7,0,7,0,False,13,2026-10-05
2025-09-30,2025-09,J0001,R01,Closed - Unfilled,7,4,0,27,True,638,2026-10-05
2025-09-30,2025-09,J0002,R02,Filled,5,5,0,24,True,638,2026-10-05
2025-09-30,2025-09,J0003,R03,Closed - Unfilled,10,5,0,30,True,638,2026-10-05
2025-09-30,2025-09,J0004,R04,Filled,8,8,0,35,True,638,2026-10-05
2025-09-30,2025-09,J0005,R05,Filled,8,8,0,32,True,638,2026-10-05
2025-09-30,2025-09,J0006,R06,Closed - Unfilled,9,3,0,23,True,638,2026-10-05
2025-09-30,2025-09,J0007,R07,Closed - Unfilled,10,4,0,25,True,638,2026-10-05
2025-09-30,2025-09,J0008,R08,Closed - Unfilled,8,7,0,24,True,638,2026-10-05
2025-09-30,2025-09,J0009,R09,Closed - Unfilled,10,6,0,24,True,638,2026-10-05
2025-09-30,2025-09,J0010,R10,Closed - Unfilled,10,4,0,27,True,638,2026-10-05
2025-09-30,2025-09,J0011,R01,Filled,9,9,0,31,True,621,2026-10-05
2025-09-30,2025-09,J0012,R02,Closed - Unfilled,9,8,0,34,True,621,2026-10-05
2025-09-30,2025-09,J0013,R03,Closed - Unfilled,10,4,0,25,True,621,2026-10-05
2025-09-30,2025-09,J0014,R04,Closed - Unfilled,10,3,0,30,True,621,2026-10-05
2025-09-30,2025-09,J0015,R05,Filled,7,7,0,34,True,621,2026-10-05
2025-09-30,2025-09,J0016,R06,Filled,9,9,0,35,True,621,2026-10-05
2025-09-30,2025-09,J0017,R07,Filled,8,8,0,23,True,621,2026-10-05
2025-09-30,2025-09,J0018,R08,Closed - Unfilled,9,7,0,35,True,621,2026-10-05
2025-09-30,2025-09,J0019,R09,Closed - Unfilled,10,4,0,29,True,621,2026-10-05
2025-09-30,2025-09,J0020,R10,Filled,7,7,0,25,True,621,2026-10-05
2025-09-30,2025-09,J0021,R01,Closed - Unfilled,5,1,0,20,True,592,2026-10-05
2025-09-30,2025-09,J0022,R02,Filled,6,6,0,31,True,592,2026-10-05
2025-09-30,2025-09,J0023,R03,Closed - Unfilled,8,5,0,28,True,592,2026-10-05
2025-09-30,2025-09,J0024,R04,Filled,6,6,0,29,True,592,2026-10-05
2025-09-30,2025-09,J0025,R05,Closed - Unfilled,8,7,0,28,True,592,2026-10-05
2025-09-30,2025-09,J0026,R06,Closed - Unfilled,9,6,0,37,True,592,2026-10-05
2025-09-30,2025-09,J0027,R07,Closed - Unfilled,10,8,0,26,True,592,2026-10-05
2025-09-30,2025-09,J0028,R08,Filled,7,7,0,27,True,592,2026-10-05
2025-09-30,2025-09,J0029,R09,Closed - Unfilled,9,4,0,24,True,592,2026-10-05
2025-09-30,2025-09,J0030,R10,Closed - Unfilled,8,3,0,23,True,592,2026-10-05
2025-09-30,2025-09,J0031,R01,Closed - Unfilled,9,5,0,30,True,561,2026-10-05
2025-09-30,2025-09,J0032,R02,Closed - Unfilled,10,6,0,37,True,561,2026-10-05
2025-09-30,2025-09,J0033,R03,Closed - Unfilled,5,4,0,30,True,561,2026-10-05
2025-09-30,2025-09,J0034,R04,Closed - Unfilled,10,8,0,27,True,561,2026-10-05
2025-09-30,2025-09,J0035,R05,Closed - Unfilled,8,5,0,30,True,561,2026-10-05
2025-09-30,2025-09,J0036,R06,Closed - Unfilled,10,9,0,41,True,561,2026-10-05
2025-09-30,2025-09,J0037,R07,Closed - Unfilled,8,6,0,24,True,561,2026-10-05
2025-09-30,2025-09,J0038,R08,Filled,7,7,0,32,True,561,2026-10-05
2025-09-30,2025-09,J0039,R09,Closed - Unfilled,7,5,0,26,True,561,2026-10-05
2025-09-30,2025-09,J0040,R10,Filled,6,6,0,28,True,561,2026-10-05
2025-09-30,2025-09,J0041,R01,Filled,5,5,0,34,True,531,2026-10-05
2025-09-30,2025-09,J0042,R02,Filled,5,5,0,33,True,531,2026-10-05
2025-09-30,2025-09,J0043,R03,Filled,7,7,0,32,True,531,2026-10-05
2025-09-30,2025-09,J0044,R04,Closed - Unfilled,7,6,0,33,True,531,2026-10-05
2025-09-30,2025-09,J0045,R05,Closed - Unfilled,9,4,0,31,True,531,2026-10-05
2025-09-30,2025-09,J0046,R06,Filled,7,7,0,35,True,531,2026-10-05
2025-09-30,2025-09,J0047,R07,Closed - Unfilled,8,7,0,26,True,531,2026-10-05
2025-09-30,2025-09,J0048,R08,Filled,9,9,0,37,True,531,2026-10-05
2025-09-30,2025-09,J0049,R09,Closed - Unfilled,6,4,0,21,True,531,2026-10-05
2025-09-30,2025-09,J0050,R10,Closed - Unfilled,10,3,0,34,True,531,2026-10-05
2025-09-30,2025-09,J0051,R01,Closed - Unfilled,10,6,0,26,True,500,2026-10-05
2025-09-30,2025-09,J0052,R02,Closed - Unfilled,9,4,0,24,True,500,2026-10-05
2025-09-30,2025-09,J0053,R03,Closed - Unfilled,10,9,0,36,True,500,2026-10-05
2025-09-30,2025-09,J0054,R04,Filled,6,6,0,28,True,500,2026-10-05
2025-09-30,2025-09,J0055,R05,Filled,5,5,0,33,True,500,2026-10-05
2025-09-30,2025-09,J0056,R06,Closed - Unfilled,8,5,0,27,True,500,2026-10-05
2025-09-30,2025-09,J0057,R07,Closed - Unfilled,6,3,0,19,True,500,2026-10-05
2025-09-30,2025-09,J0058,R08,Closed - Unfilled,10,2,0,30,True,500,2026-10-05
2025-09-30,2025-09,J0059,R09,Filled,6,6,0,29,True,500,2026-10-05
2025-09-30,2025-09,J0060,R10,Closed - Unfilled,8,6,0,33,True,500,2026-10-05
2025-09-30,2025-09,J0061,R01,Closed - Unfilled,7,3,0,27,True,470,2026-10-05
2025-09-30,2025-09,J0062,R02,Closed - Unfilled,9,5,0,23,True,470,2026-10-05
2025-09-30,2025-09,J0063,R03,Closed - Unfilled,10,8,0,33,True,470,2026-10-05
2025-09-30,2025-09,J0064,R04,Closed - Unfilled,9,5,0,29,True,470,2026-10-05
2025-09-30,2025-09,J0065,R05,Filled,9,9,0,31,True,470,2026-10-05
2025-09-30,2025-09,J0066,R06,Closed - Unfilled,5,4,0,35,True,470,2026-10-05
2025-09-30,2025-09,J0067,R07,Closed - Unfilled,7,3,0,26,True,470,2026-10-05
2025-09-30,2025-09,J0068,R08,Filled,5,5,0,26,True,470,2026-10-05
2025-09-30,2025-09,J0069,R09,Filled,8,8,0,27,True,470,2026-10-05
2025-09-30,2025-09,J0070,R10,Closed - Unfilled,10,5,0,33,True,470,2026-10-05
2025-09-30,2025-09,J0071,R01,Closed - Unfilled,10,1,0,30,True,439,2026-10-05
2025-09-30,2025-09,J0072,R02,Filled,6,6,0,34,True,439,2026-10-05
2025-09-30,2025-09,J0073,R03,Filled,7,7,0,28,True,439,2026-10-05
2025-09-30,2025-09,J0074,R04,Filled,7,7,0,34,True,439,2026-10-05
2025-09-30,2025-09,J0075,R05,Closed - Unfilled,10,7,0,38,True,439,2026-10-05
2025-09-30,2025-09,J0076,R06,Filled,6,6,0,32,True,439,2026-10-05
2025-09-30,2025-09,J0077,R07,Closed - Unfilled,10,9,0,29,True,439,2026-10-05
2025-09-30,2025-09,J0078,R08,Filled,5,5,0,27,True,439,2026-10-05
2025-09-30,2025-09,J0079,R09,Closed - Unfilled,10,7,0,27,True,439,2026-10-05
2025-09-30,2025-09,J0080,R10,Closed - Unfilled,8,4,0,29,True,439,2026-10-05
2025-09-30,2025-09,J0081,R01,Filled,5,5,0,30,True,408,2026-10-05
2025-09-30,2025-09,J0082,R02,Filled,7,7,0,34,True,408,2026-10-05
2025-09-30,2025-09,J0083,R03,Filled,5,5,0,27,True,408,2026-10-05
2025-09-30,2025-09,J0084,R04,Filled,6,6,0,32,True,408,2026-10-05
2025-09-30,2025-09,J0085,R05,Filled,7,7,0,30,True,408,2026-10-05
2025-09-30,2025-09,J0086,R06,Filled,5,5,0,32,True,408,2026-10-05
2025-09-30,2025-09,J0087,R07,Filled,7,7,0,24,True,408,2026-10-05
2025-09-30,2025-09,J0088,R08,Closed - Unfilled,8,4,0,31,True,408,2026-10-05
2025-09-30,2025-09,J0089,R09,Filled,6,6,0,31,True,408,2026-10-05
2025-09-30,2025-09,J0090,R10,Filled,8,8,0,36,True,408,2026-10-05
2025-09-30,2025-09,J0091,R01,Closed - Unfilled,10,4,0,22,True,378,2026-10-05
2025-09-30,2025-09,J0092,R02,Closed - Unfilled,9,2,0,21,True,378,2026-10-05
2025-09-30,2025-09,J0093,R03,Closed - Unfilled,10,6,0,31,True,378,2026-10-05
2025-09-30,2025-09,J0094,R04,Closed - Unfilled,7,6,0,28,True,378,2026-10-05
2025-09-30,2025-09,J0095,R05,Closed - Unfilled,9,4,0,31,True,378,2026-10-05
2025-09-30,2025-09,J0096,R06,Closed - Unfilled,7,4,0,37,True,378,2026-10-05
2025-09-30,2025-09,J0097,R07,Filled,6,6,0,39,True,378,2026-10-05
2025-09-30,2025-09,J0098,R08,Filled,6,6,0,23,True,378,2026-10-05
2025-09-30,2025-09,J0099,R09,Filled,6,6,0,30,True,378,2026-10-05
2025-09-30,2025-09,J0100,R10,Filled,9,9,0,32,True,378,2026-10-05
2025-09-30,2025-09,J0101,R01,Closed - Unfilled,7,3,0,30,True,347,2026-10-05
2025-09-30,2025-09,J0102,R02,Filled,5,5,0,33,True,347,2026-10-05
2025-09-30,2025-09,J0103,R03,Filled,8,8,0,32,True,347,2026-10-05
2025-09-30,2025-09,J0104,R04,Filled,8,8,0,28,True,347,2026-10-05
2025-09-30,2025-09,J0105,R05,Filled,5,5,0,36,True,347,2026-10-05
2025-09-30,2025-09,J0106,R06,Closed - Unfilled,6,3,0,32,True,347,2026-10-05
2025-09-30,2025-09,J0107,R07,Closed - Unfilled,10,8,0,28,True,347,2026-10-05
2025-09-30,2025-09,J0108,R08,Closed - Unfilled,8,2,0,24,True,347,2026-10-05
2025-09-30,2025-09,J0109,R09,Closed - Unfilled,9,3,0,22,True,347,2026-10-05
2025-09-30,2025-09,J0110,R10,Filled,5,5,0,27,True,347,2026-10-05
2025-09-30,2025-09,J0111,R01,Closed - Unfilled,8,7,0,32,True,317,2026-10-05
2025-09-30,2025-09,J0112,R02,Filled,6,6,0,27,True,317,2026-10-05
2025-09-30,2025-09,J0113,R03,Filled,8,8,0,29,True,317,2026-10-05
2025-09-30,2025-09,J0114,R04,Filled,5,5,0,35,True,317,2026-10-05
2025-09-30,2025-09,J0115,R05,Closed - Unfilled,10,7,0,32,True,317,2026-10-05
2025-09-30,2025-09,J0116,R06,Filled,5,5,0,32,True,317,2026-10-05
2025-09-30,2025-09,J0117,R07,Filled,8,8,0,30,True,317,2026-10-05
2025-09-30,2025-09,J0118,R08,Closed - Unfilled,8,7,0,22,True,317,2026-10-05
2025-09-30,2025-09,J0119,R09,Closed - Unfilled,8,4,0,28,True,317,2026-10-05
2025-09-30,2025-09,J0120,R10,Filled,9,9,0,31,True,317,2026-10-05
2025-09-30,2025-09,J0121,R01,Closed - Unfilled,9,5,0,23,True,286,2026-10-05
2025-09-30,2025-09,J0122,R02,Closed - Unfilled,10,5,0,30,True,286,2026-10-05
2025-09-30,2025-09,J0123,R03,Closed - Unfilled,7,6,0,27,True,286,2026-10-05
2025-09-30,2025-09,J0124,R04,Closed - Unfilled,8,7,0,31,True,286,2026-10-05
2025-09-30,2025-09,J0125,R05,Filled,5,5,0,32,True,286,2026-10-05
2025-09-30,2025-09,J0126,R06,Filled,8,8,0,33,True,286,2026-10-05
2025-09-30,2025-09,J0127,R07,Closed - Unfilled,9,7,0,25,True,286,2026-10-05
2025-09-30,2025-09,J0128,R08,Filled,10,10,0,27,True,286,2026-10-05
2025-09-30,2025-09,J0129,R09,Closed - Unfilled,9,5,0,26,True,286,2026-10-05
2025-09-30,2025-09,J0130,R10,Closed - Unfilled,7,5,0,26,True,286,2026-10-05
2025-09-30,2025-09,J0131,R01,Closed - Unfilled,6,5,0,34,True,255,2026-10-05
2025-09-30,2025-09,J0132,R02,Closed - Unfilled,9,4,0,22,True,255,2026-10-05
2025-09-30,2025-09,J0133,R03,Filled,6,6,0,35,True,255,2026-10-05
2025-09-30,2025-09,J0134,R04,Filled,8,8,0,39,True,255,2026-10-05
2025-09-30,2025-09,J0135,R05,Closed - Unfilled,10,7,0,36,True,255,2026-10-05
2025-09-30,2025-09,J0136,R06,Filled,8,8,0,30,True,255,2026-10-05
2025-09-30,2025-09,J0137,R07,Closed - Unfilled,10,9,0,27,True,255,2026-10-05
2025-09-30,2025-09,J0138,R08,Filled,5,5,0,28,True,255,2026-10-05
2025-09-30,2025-09,J0139,R09,Filled,6,6,0,31,True,255,2026-10-05
2025-09-30,2025-09,J0140,R10,Closed - Unfilled,9,3,0,21,True,255,2026-10-05
2025-09-30,2025-09,J0141,R01,Filled,5,5,0,25,True,227,2026-10-05
2025-09-30,2025-09,J0142,R02,Closed - Unfilled,8,7,0,28,True,227,2026-10-05
2025-09-30,2025-09,J0143,R03,Closed - Unfilled,9,8,0,34,True,227,2026-10-05
2025-09-30,2025-09,J0144,R04,Closed - Unfilled,8,4,0,31,True,227,2026-10-05
2025-09-30,2025-09,J0145,R05,Closed - Unfilled,9,5,0,26,True,227,2026-10-05
2025-09-30,2025-09,J0146,R06,Filled,5,5,0,33,True,227,2026-10-05
2025-09-30,2025-09,J0147,R07,Closed - Unfilled,6,3,0,19,True,227,2026-10-05
2025-09-30,2025-09,J0148,R08,Closed - Unfilled,7,3,0,27,True,227,2026-10-05
2025-09-30,2025-09,J0149,R09,Filled,7,7,0,29,True,227,2026-10-05
2025-09-30,2025-09,J0150,R10,Closed - Unfilled,8,5,0,30,True,227,2026-10-05
2025-09-30,2025-09,J0151,R01,Closed - Unfilled,6,3,0,28,True,196,2026-10-05
2025-09-30,2025-09,J0152,R02,Filled,8,8,0,31,True,196,2026-10-05
2025-09-30,2025-09,J0153,R03,Closed - Unfilled,10,8,0,27,True,196,2026-10-05
2025-09-30,2025-09,J0154,R04,Closed - Unfilled,6,5,0,31,True,196,2026-10-05
2025-09-30,2025-09,J0155,R05,Closed - Unfilled,9,6,0,23,True,196,2026-10-05
2025-09-30,2025-09,J0156,R06,Filled,6,6,0,38,True,196,2026-10-05
2025-09-30,2025-09,J0157,R07,Filled,5,5,0,26,True,196,2026-10-05
2025-09-30,2025-09,J0158,R08,Closed - Unfilled,7,4,0,22,True,196,2026-10-05
2025-09-30,2025-09,J0159,R09,Closed - Unfilled,6,4,0,21,True,196,2026-10-05
2025-09-30,2025-09,J0160,R10,Closed - Unfilled,8,4,0,30,True,196,2026-10-05
2025-09-30,2025-09,J0161,R01,Closed - Unfilled,5,4,0,21,True,166,2026-10-05
2025-09-30,2025-09,J0162,R02,Closed - Unfilled,9,4,0,32,True,166,2026-10-05
2025-09-30,2025-09,J0163,R03,Closed - Unfilled,7,1,0,32,True,166,2026-10-05
2025-09-30,2025-09,J0164,R04,Filled,9,9,0,28,True,166,2026-10-05
2025-09-30,2025-09,J0165,R05,Closed - Unfilled,7,6,0,26,True,166,2026-10-05
2025-09-30,2025-09,J0166,R06,Filled,8,8,0,39,True,166,2026-10-05
2025-09-30,2025-09,J0167,R07,Filled,7,7,0,28,True,166,2026-10-05
2025-09-30,2025-09,J0168,R08,Closed - Unfilled,10,1,0,22,True,166,2026-10-05
2025-09-30,2025-09,J0169,R09,Filled,7,7,0,28,True,166,2026-10-05
2025-09-30,2025-09,J0170,R10,Closed - Unfilled,9,6,0,32,True,166,2026-10-05
2025-09-30,2025-09,J0171,R01,Filled,7,7,0,31,True,135,2026-10-05
2025-09-30,2025-09,J0172,R02,Filled,7,7,0,28,True,135,2026-10-05
2025-09-30,2025-09,J0173,R03,Filled,7,7,0,30,True,135,2026-10-05
2025-09-30,2025-09,J0174,R04,Closed - Unfilled,7,5,0,28,True,135,2026-10-05
2025-09-30,2025-09,J0175,R05,Filled,6,6,0,31,True,135,2026-10-05
2025-09-30,2025-09,J0176,R06,Closed - Unfilled,8,7,0,30,True,135,2026-10-05
2025-09-30,2025-09,J0177,R07,Closed - Unfilled,7,6,0,23,True,135,2026-10-05
2025-09-30,2025-09,J0178,R08,Closed - Unfilled,8,5,0,28,True,135,2026-10-05
2025-09-30,2025-09,J0179,R09,Closed - Unfilled,10,4,0,32,True,135,2026-10-05
2025-09-30,2025-09,J0180,R10,Filled,8,8,0,34,True,135,2026-10-05
2025-09-30,2025-09,J0181,R01,Open,7,4,3,27,True,105,2026-10-05
2025-09-30,2025-09,J0182,R02,Open,9,5,4,29,True,105,2026-10-05
2025-09-30,2025-09,J0183,R03,Filled,5,5,0,32,True,105,2026-10-05
2025-09-30,2025-09,J0184,R04,Open,7,5,2,23,True,105,2026-10-05
2025-09-30,2025-09,J0185,R05,Filled,9,9,0,35,True,105,2026-10-05
2025-09-30,2025-09,J0186,R06,Open,10,4,6,36,True,105,2026-10-05
2025-09-30,2025-09,J0187,R07,Open,9,4,5,25,True,105,2026-10-05
2025-09-30,2025-09,J0188,R08,Open,8,6,2,32,True,105,2026-10-05
2025-09-30,2025-09,J0189,R09,Filled,5,5,0,29,True,105,2026-10-05
2025-09-30,2025-09,J0190,R10,Open,9,7,2,36,True,105,2026-10-05
2025-09-30,2025-09,J0191,R01,Filled,7,7,0,30,True,74,2026-10-05
2025-09-30,2025-09,J0192,R02,Open,8,5,3,27,True,74,2026-10-05
2025-09-30,2025-09,J0193,R03,Open,5,4,1,27,True,74,2026-10-05
2025-09-30,2025-09,J0194,R04,Filled,7,7,0,30,True,74,2026-10-05
2025-09-30,2025-09,J0195,R05,Open,8,6,2,36,True,74,2026-10-05
2025-09-30,2025-09,J0196,R06,Open,10,1,9,32,True,74,2026-10-05
2025-09-30,2025-09,J0197,R07,Filled,5,5,0,30,True,74,2026-10-05
2025-09-30,2025-09,J0198,R08,Filled,5,5,0,27,True,74,2026-10-05
2025-09-30,2025-09,J0199,R09,Open,5,4,1,28,True,74,2026-10-05
2025-09-30,2025-09,J0200,R10,Open,7,5,2,27,True,74,2026-10-05
2025-09-30,2025-09,J0201,R01,Open,10,1,9,19,True,43,2026-10-05
2025-09-30,2025-09,J0202,R02,Open,9,2,7,21,True,43,2026-10-05
2025-09-30,2025-09,J0203,R03,Open,6,0,6,25,True,43,2026-10-05
2025-09-30,2025-09,J0204,R04,Open,10,0,10,19,True,43,2026-10-05
2025-09-30,2025-09,J0205,R05,Open,9,0,9,23,True,43,2026-10-05
2025-09-30,2025-09,J0206,R06,Open,9,2,7,15,True,43,2026-10-05
2025-09-30,2025-09,J0207,R07,Open,10,0,10,24,True,43,2026-10-05
2025-09-30,2025-09,J0208,R08,Open,6,0,6,16,True,43,2026-10-05
2025-09-30,2025-09,J0209,R09,Open,5,1,4,17,True,43,2026-10-05
2025-09-30,2025-09,J0210,R10,Open,7,1,6,21,True,43,2026-10-05
2025-09-30,2025-09,J0211,R01,Open,5,0,5,0,False,13,2026-10-05
2025-09-30,2025-09,J0212,R02,Open,10,0,10,0,False,13,2026-10-05
2025-09-30,2025-09,J0213,R03,Open,5,0,5,0,False,13,2026-10-05
2025-09-30,2025-09,J0214,R04,Open,8,0,8,0,False,13,2026-10-05
2025-09-30,2025-09,J0215,R05,Open,8,0,8,0,False,13,2026-10-05
2025-09-30,2025-09,J0216,R06,Open,5,0,5,0,False,13,2026-10-05
2025-09-30,2025-09,J0217,R07,Open,7,0,7,0,False,13,2026-10-05
2025-09-30,2025-09,J0218,R08,Open,6,0,6,0,False,13,2026-10-05
2025-09-30,2025-09,J0219,R09,Open,9,0,9,0,False,13,2026-10-05
2025-09-30,2025-09,J0220,R10,Open,9,0,9,0,False,13,2026-10-05
2025-10-31,2025-10,J0001,R01,Closed - Unfilled,7,4,0,27,True,669,2026-10-05
2025-10-31,2025-10,J0002,R02,Filled,5,5,0,24,True,669,2026-10-05
2025-10-31,2025-10,J0003,R03,Closed - Unfilled,10,5,0,30,True,669,2026-10-05
2025-10-31,2025-10,J0004,R04,Filled,8,8,0,35,True,669,2026-10-05
2025-10-31,2025-10,J0005,R05,Filled,8,8,0,32,True,669,2026-10-05
2025-10-31,2025-10,J0006,R06,Closed - Unfilled,9,3,0,23,True,669,2026-10-05
2025-10-31,2025-10,J0007,R07,Closed - Unfilled,10,4,0,25,True,669,2026-10-05
2025-10-31,2025-10,J0008,R08,Closed - Unfilled,8,7,0,24,True,669,2026-10-05
2025-10-31,2025-10,J0009,R09,Closed - Unfilled,10,6,0,24,True,669,2026-10-05
2025-10-31,2025-10,J0010,R10,Closed - Unfilled,10,4,0,27,True,669,2026-10-05
2025-10-31,2025-10,J0011,R01,Filled,9,9,0,31,True,652,2026-10-05
2025-10-31,2025-10,J0012,R02,Closed - Unfilled,9,8,0,34,True,652,2026-10-05
2025-10-31,2025-10,J0013,R03,Closed - Unfilled,10,4,0,25,True,652,2026-10-05
2025-10-31,2025-10,J0014,R04,Closed - Unfilled,10,3,0,30,True,652,2026-10-05
2025-10-31,2025-10,J0015,R05,Filled,7,7,0,34,True,652,2026-10-05
2025-10-31,2025-10,J0016,R06,Filled,9,9,0,35,True,652,2026-10-05
2025-10-31,2025-10,J0017,R07,Filled,8,8,0,23,True,652,2026-10-05
2025-10-31,2025-10,J0018,R08,Closed - Unfilled,9,7,0,35,True,652,2026-10-05
2025-10-31,2025-10,J0019,R09,Closed - Unfilled,10,4,0,29,True,652,2026-10-05
2025-10-31,2025-10,J0020,R10,Filled,7,7,0,25,True,652,2026-10-05
2025-10-31,2025-10,J0021,R01,Closed - Unfilled,5,1,0,20,True,623,2026-10-05
2025-10-31,2025-10,J0022,R02,Filled,6,6,0,31,True,623,2026-10-05
2025-10-31,2025-10,J0023,R03,Closed - Unfilled,8,5,0,28,True,623,2026-10-05
2025-10-31,2025-10,J0024,R04,Filled,6,6,0,29,True,623,2026-10-05
2025-10-31,2025-10,J0025,R05,Closed - Unfilled,8,7,0,28,True,623,2026-10-05
2025-10-31,2025-10,J0026,R06,Closed - Unfilled,9,6,0,37,True,623,2026-10-05
2025-10-31,2025-10,J0027,R07,Closed - Unfilled,10,8,0,26,True,623,2026-10-05
2025-10-31,2025-10,J0028,R08,Filled,7,7,0,27,True,623,2026-10-05
2025-10-31,2025-10,J0029,R09,Closed - Unfilled,9,4,0,24,True,623,2026-10-05
2025-10-31,2025-10,J0030,R10,Closed - Unfilled,8,3,0,23,True,623,2026-10-05
2025-10-31,2025-10,J0031,R01,Closed - Unfilled,9,5,0,30,True,592,2026-10-05
2025-10-31,2025-10,J0032,R02,Closed - Unfilled,10,6,0,37,True,592,2026-10-05
2025-10-31,2025-10,J0033,R03,Closed - Unfilled,5,4,0,30,True,592,2026-10-05
2025-10-31,2025-10,J0034,R04,Closed - Unfilled,10,8,0,27,True,592,2026-10-05
2025-10-31,2025-10,J0035,R05,Closed - Unfilled,8,5,0,30,True,592,2026-10-05
2025-10-31,2025-10,J0036,R06,Closed - Unfilled,10,9,0,41,True,592,2026-10-05
2025-10-31,2025-10,J0037,R07,Closed - Unfilled,8,6,0,24,True,592,2026-10-05
2025-10-31,2025-10,J0038,R08,Filled,7,7,0,32,True,592,2026-10-05
2025-10-31,2025-10,J0039,R09,Closed - Unfilled,7,5,0,26,True,592,2026-10-05
2025-10-31,2025-10,J0040,R10,Filled,6,6,0,28,True,592,2026-10-05
2025-10-31,2025-10,J0041,R01,Filled,5,5,0,34,True,562,2026-10-05
2025-10-31,2025-10,J0042,R02,Filled,5,5,0,33,True,562,2026-10-05
2025-10-31,2025-10,J0043,R03,Filled,7,7,0,32,True,562,2026-10-05
2025-10-31,2025-10,J0044,R04,Closed - Unfilled,7,6,0,33,True,562,2026-10-05
2025-10-31,2025-10,J0045,R05,Closed - Unfilled,9,4,0,31,True,562,2026-10-05
2025-10-31,2025-10,J0046,R06,Filled,7,7,0,35,True,562,2026-10-05
2025-10-31,2025-10,J0047,R07,Closed - Unfilled,8,7,0,26,True,562,2026-10-05
2025-10-31,2025-10,J0048,R08,Filled,9,9,0,37,True,562,2026-10-05
2025-10-31,2025-10,J0049,R09,Closed - Unfilled,6,4,0,21,True,562,2026-10-05
2025-10-31,2025-10,J0050,R10,Closed - Unfilled,10,3,0,34,True,562,2026-10-05
2025-10-31,2025-10,J0051,R01,Closed - Unfilled,10,6,0,26,True,531,2026-10-05
2025-10-31,2025-10,J0052,R02,Closed - Unfilled,9,4,0,24,True,531,2026-10-05
2025-10-31,2025-10,J0053,R03,Closed - Unfilled,10,9,0,36,True,531,2026-10-05
2025-10-31,2025-10,J0054,R04,Filled,6,6,0,28,True,531,2026-10-05
2025-10-31,2025-10,J0055,R05,Filled,5,5,0,33,True,531,2026-10-05
2025-10-31,2025-10,J0056,R06,Closed - Unfilled,8,5,0,27,True,531,2026-10-05
2025-10-31,2025-10,J0057,R07,Closed - Unfilled,6,3,0,19,True,531,2026-10-05
2025-10-31,2025-10,J0058,R08,Closed - Unfilled,10,2,0,30,True,531,2026-10-05
2025-10-31,2025-10,J0059,R09,Filled,6,6,0,29,True,531,2026-10-05
2025-10-31,2025-10,J0060,R10,Closed - Unfilled,8,6,0,33,True,531,2026-10-05
2025-10-31,2025-10,J0061,R01,Closed - Unfilled,7,3,0,27,True,501,2026-10-05
2025-10-31,2025-10,J0062,R02,Closed - Unfilled,9,5,0,23,True,501,2026-10-05
2025-10-31,2025-10,J0063,R03,Closed - Unfilled,10,8,0,33,True,501,2026-10-05
2025-10-31,2025-10,J0064,R04,Closed - Unfilled,9,5,0,29,True,501,2026-10-05
2025-10-31,2025-10,J0065,R05,Filled,9,9,0,31,True,501,2026-10-05
2025-10-31,2025-10,J0066,R06,Closed - Unfilled,5,4,0,35,True,501,2026-10-05
2025-10-31,2025-10,J0067,R07,Closed - Unfilled,7,3,0,26,True,501,2026-10-05
2025-10-31,2025-10,J0068,R08,Filled,5,5,0,26,True,501,2026-10-05
2025-10-31,2025-10,J0069,R09,Filled,8,8,0,27,True,501,2026-10-05
2025-10-31,2025-10,J0070,R10,Closed - Unfilled,10,5,0,33,True,501,2026-10-05
2025-10-31,2025-10,J0071,R01,Closed - Unfilled,10,1,0,30,True,470,2026-10-05
2025-10-31,2025-10,J0072,R02,Filled,6,6,0,34,True,470,2026-10-05
2025-10-31,2025-10,J0073,R03,Filled,7,7,0,28,True,470,2026-10-05
2025-10-31,2025-10,J0074,R04,Filled,7,7,0,34,True,470,2026-10-05
2025-10-31,2025-10,J0075,R05,Closed - Unfilled,10,7,0,38,True,470,2026-10-05
2025-10-31,2025-10,J0076,R06,Filled,6,6,0,32,True,470,2026-10-05
2025-10-31,2025-10,J0077,R07,Closed - Unfilled,10,9,0,29,True,470,2026-10-05
2025-10-31,2025-10,J0078,R08,Filled,5,5,0,27,True,470,2026-10-05
2025-10-31,2025-10,J0079,R09,Closed - Unfilled,10,7,0,27,True,470,2026-10-05
2025-10-31,2025-10,J0080,R10,Closed - Unfilled,8,4,0,29,True,470,2026-10-05
2025-10-31,2025-10,J0081,R01,Filled,5,5,0,30,True,439,2026-10-05
2025-10-31,2025-10,J0082,R02,Filled,7,7,0,34,True,439,2026-10-05
2025-10-31,2025-10,J0083,R03,Filled,5,5,0,27,True,439,2026-10-05
2025-10-31,2025-10,J0084,R04,Filled,6,6,0,32,True,439,2026-10-05
2025-10-31,2025-10,J0085,R05,Filled,7,7,0,30,True,439,2026-10-05
2025-10-31,2025-10,J0086,R06,Filled,5,5,0,32,True,439,2026-10-05
2025-10-31,2025-10,J0087,R07,Filled,7,7,0,24,True,439,2026-10-05
2025-10-31,2025-10,J0088,R08,Closed - Unfilled,8,4,0,31,True,439,2026-10-05
2025-10-31,2025-10,J0089,R09,Filled,6,6,0,31,True,439,2026-10-05
2025-10-31,2025-10,J0090,R10,Filled,8,8,0,36,True,439,2026-10-05
2025-10-31,2025-10,J0091,R01,Closed - Unfilled,10,4,0,22,True,409,2026-10-05
2025-10-31,2025-10,J0092,R02,Closed - Unfilled,9,2,0,21,True,409,2026-10-05
2025-10-31,2025-10,J0093,R03,Closed - Unfilled,10,6,0,31,True,409,2026-10-05
2025-10-31,2025-10,J0094,R04,Closed - Unfilled,7,6,0,28,True,409,2026-10-05
2025-10-31,2025-10,J0095,R05,Closed - Unfilled,9,4,0,31,True,409,2026-10-05
2025-10-31,2025-10,J0096,R06,Closed - Unfilled,7,4,0,37,True,409,2026-10-05
2025-10-31,2025-10,J0097,R07,Filled,6,6,0,39,True,409,2026-10-05
2025-10-31,2025-10,J0098,R08,Filled,6,6,0,23,True,409,2026-10-05
2025-10-31,2025-10,J0099,R09,Filled,6,6,0,30,True,409,2026-10-05
2025-10-31,2025-10,J0100,R10,Filled,9,9,0,32,True,409,2026-10-05
2025-10-31,2025-10,J0101,R01,Closed - Unfilled,7,3,0,30,True,378,2026-10-05
2025-10-31,2025-10,J0102,R02,Filled,5,5,0,33,True,378,2026-10-05
2025-10-31,2025-10,J0103,R03,Filled,8,8,0,32,True,378,2026-10-05
2025-10-31,2025-10,J0104,R04,Filled,8,8,0,28,True,378,2026-10-05
2025-10-31,2025-10,J0105,R05,Filled,5,5,0,36,True,378,2026-10-05
2025-10-31,2025-10,J0106,R06,Closed - Unfilled,6,3,0,32,True,378,2026-10-05
2025-10-31,2025-10,J0107,R07,Closed - Unfilled,10,8,0,28,True,378,2026-10-05
2025-10-31,2025-10,J0108,R08,Closed - Unfilled,8,2,0,24,True,378,2026-10-05
2025-10-31,2025-10,J0109,R09,Closed - Unfilled,9,3,0,22,True,378,2026-10-05
2025-10-31,2025-10,J0110,R10,Filled,5,5,0,27,True,378,2026-10-05
2025-10-31,2025-10,J0111,R01,Closed - Unfilled,8,7,0,32,True,348,2026-10-05
2025-10-31,2025-10,J0112,R02,Filled,6,6,0,27,True,348,2026-10-05
2025-10-31,2025-10,J0113,R03,Filled,8,8,0,29,True,348,2026-10-05
2025-10-31,2025-10,J0114,R04,Filled,5,5,0,35,True,348,2026-10-05
2025-10-31,2025-10,J0115,R05,Closed - Unfilled,10,7,0,32,True,348,2026-10-05
2025-10-31,2025-10,J0116,R06,Filled,5,5,0,32,True,348,2026-10-05
2025-10-31,2025-10,J0117,R07,Filled,8,8,0,30,True,348,2026-10-05
2025-10-31,2025-10,J0118,R08,Closed - Unfilled,8,7,0,22,True,348,2026-10-05
2025-10-31,2025-10,J0119,R09,Closed - Unfilled,8,4,0,28,True,348,2026-10-05
2025-10-31,2025-10,J0120,R10,Filled,9,9,0,31,True,348,2026-10-05
2025-10-31,2025-10,J0121,R01,Closed - Unfilled,9,5,0,23,True,317,2026-10-05
2025-10-31,2025-10,J0122,R02,Closed - Unfilled,10,5,0,30,True,317,2026-10-05
2025-10-31,2025-10,J0123,R03,Closed - Unfilled,7,6,0,27,True,317,2026-10-05
2025-10-31,2025-10,J0124,R04,Closed - Unfilled,8,7,0,31,True,317,2026-10-05
2025-10-31,2025-10,J0125,R05,Filled,5,5,0,32,True,317,2026-10-05
2025-10-31,2025-10,J0126,R06,Filled,8,8,0,33,True,317,2026-10-05
2025-10-31,2025-10,J0127,R07,Closed - Unfilled,9,7,0,25,True,317,2026-10-05
2025-10-31,2025-10,J0128,R08,Filled,10,10,0,27,True,317,2026-10-05
2025-10-31,2025-10,J0129,R09,Closed - Unfilled,9,5,0,26,True,317,2026-10-05
2025-10-31,2025-10,J0130,R10,Closed - Unfilled,7,5,0,26,True,317,2026-10-05
2025-10-31,2025-10,J0131,R01,Closed - Unfilled,6,5,0,34,True,286,2026-10-05
2025-10-31,2025-10,J0132,R02,Closed - Unfilled,9,4,0,22,True,286,2026-10-05
2025-10-31,2025-10,J0133,R03,Filled,6,6,0,35,True,286,2026-10-05
2025-10-31,2025-10,J0134,R04,Filled,8,8,0,39,True,286,2026-10-05
2025-10-31,2025-10,J0135,R05,Closed - Unfilled,10,7,0,36,True,286,2026-10-05
2025-10-31,2025-10,J0136,R06,Filled,8,8,0,30,True,286,2026-10-05
2025-10-31,2025-10,J0137,R07,Closed - Unfilled,10,9,0,27,True,286,2026-10-05
2025-10-31,2025-10,J0138,R08,Filled,5,5,0,28,True,286,2026-10-05
2025-10-31,2025-10,J0139,R09,Filled,6,6,0,31,True,286,2026-10-05
2025-10-31,2025-10,J0140,R10,Closed - Unfilled,9,3,0,21,True,286,2026-10-05
2025-10-31,2025-10,J0141,R01,Filled,5,5,0,25,True,258,2026-10-05
2025-10-31,2025-10,J0142,R02,Closed - Unfilled,8,7,0,28,True,258,2026-10-05
2025-10-31,2025-10,J0143,R03,Closed - Unfilled,9,8,0,34,True,258,2026-10-05
2025-10-31,2025-10,J0144,R04,Closed - Unfilled,8,4,0,31,True,258,2026-10-05
2025-10-31,2025-10,J0145,R05,Closed - Unfilled,9,5,0,26,True,258,2026-10-05
2025-10-31,2025-10,J0146,R06,Filled,5,5,0,33,True,258,2026-10-05
2025-10-31,2025-10,J0147,R07,Closed - Unfilled,6,3,0,19,True,258,2026-10-05
2025-10-31,2025-10,J0148,R08,Closed - Unfilled,7,3,0,27,True,258,2026-10-05
2025-10-31,2025-10,J0149,R09,Filled,7,7,0,29,True,258,2026-10-05
2025-10-31,2025-10,J0150,R10,Closed - Unfilled,8,5,0,30,True,258,2026-10-05
2025-10-31,2025-10,J0151,R01,Closed - Unfilled,6,3,0,28,True,227,2026-10-05
2025-10-31,2025-10,J0152,R02,Filled,8,8,0,31,True,227,2026-10-05
2025-10-31,2025-10,J0153,R03,Closed - Unfilled,10,8,0,27,True,227,2026-10-05
2025-10-31,2025-10,J0154,R04,Closed - Unfilled,6,5,0,31,True,227,2026-10-05
2025-10-31,2025-10,J0155,R05,Closed - Unfilled,9,6,0,23,True,227,2026-10-05
2025-10-31,2025-10,J0156,R06,Filled,6,6,0,38,True,227,2026-10-05
2025-10-31,2025-10,J0157,R07,Filled,5,5,0,26,True,227,2026-10-05
2025-10-31,2025-10,J0158,R08,Closed - Unfilled,7,4,0,22,True,227,2026-10-05
2025-10-31,2025-10,J0159,R09,Closed - Unfilled,6,4,0,21,True,227,2026-10-05
2025-10-31,2025-10,J0160,R10,Closed - Unfilled,8,4,0,30,True,227,2026-10-05
2025-10-31,2025-10,J0161,R01,Closed - Unfilled,5,4,0,21,True,197,2026-10-05
2025-10-31,2025-10,J0162,R02,Closed - Unfilled,9,4,0,32,True,197,2026-10-05
2025-10-31,2025-10,J0163,R03,Closed - Unfilled,7,1,0,32,True,197,2026-10-05
2025-10-31,2025-10,J0164,R04,Filled,9,9,0,28,True,197,2026-10-05
2025-10-31,2025-10,J0165,R05,Closed - Unfilled,7,6,0,26,True,197,2026-10-05
2025-10-31,2025-10,J0166,R06,Filled,8,8,0,39,True,197,2026-10-05
2025-10-31,2025-10,J0167,R07,Filled,7,7,0,28,True,197,2026-10-05
2025-10-31,2025-10,J0168,R08,Closed - Unfilled,10,1,0,22,True,197,2026-10-05
2025-10-31,2025-10,J0169,R09,Filled,7,7,0,28,True,197,2026-10-05
2025-10-31,2025-10,J0170,R10,Closed - Unfilled,9,6,0,32,True,197,2026-10-05
2025-10-31,2025-10,J0171,R01,Filled,7,7,0,31,True,166,2026-10-05
2025-10-31,2025-10,J0172,R02,Filled,7,7,0,28,True,166,2026-10-05
2025-10-31,2025-10,J0173,R03,Filled,7,7,0,30,True,166,2026-10-05
2025-10-31,2025-10,J0174,R04,Closed - Unfilled,7,5,0,28,True,166,2026-10-05
2025-10-31,2025-10,J0175,R05,Filled,6,6,0,31,True,166,2026-10-05
2025-10-31,2025-10,J0176,R06,Closed - Unfilled,8,7,0,30,True,166,2026-10-05
2025-10-31,2025-10,J0177,R07,Closed - Unfilled,7,6,0,23,True,166,2026-10-05
2025-10-31,2025-10,J0178,R08,Closed - Unfilled,8,5,0,28,True,166,2026-10-05
2025-10-31,2025-10,J0179,R09,Closed - Unfilled,10,4,0,32,True,166,2026-10-05
2025-10-31,2025-10,J0180,R10,Filled,8,8,0,34,True,166,2026-10-05
2025-10-31,2025-10,J0181,R01,Closed - Unfilled,7,4,0,27,True,136,2026-10-05
2025-10-31,2025-10,J0182,R02,Closed - Unfilled,9,5,0,29,True,136,2026-10-05
2025-10-31,2025-10,J0183,R03,Filled,5,5,0,32,True,136,2026-10-05
2025-10-31,2025-10,J0184,R04,Closed - Unfilled,7,5,0,23,True,136,2026-10-05
2025-10-31,2025-10,J0185,R05,Filled,9,9,0,35,True,136,2026-10-05
2025-10-31,2025-10,J0186,R06,Closed - Unfilled,10,4,0,36,True,136,2026-10-05
2025-10-31,2025-10,J0187,R07,Closed - Unfilled,9,4,0,25,True,136,2026-10-05
2025-10-31,2025-10,J0188,R08,Closed - Unfilled,8,6,0,32,True,136,2026-10-05
2025-10-31,2025-10,J0189,R09,Filled,5,5,0,29,True,136,2026-10-05
2025-10-31,2025-10,J0190,R10,Closed - Unfilled,9,7,0,36,True,136,2026-10-05
2025-10-31,2025-10,J0191,R01,Filled,7,7,0,30,True,105,2026-10-05
2025-10-31,2025-10,J0192,R02,Open,8,5,3,27,True,105,2026-10-05
2025-10-31,2025-10,J0193,R03,Open,5,4,1,27,True,105,2026-10-05
2025-10-31,2025-10,J0194,R04,Filled,7,7,0,30,True,105,2026-10-05
2025-10-31,2025-10,J0195,R05,Open,8,7,1,36,True,105,2026-10-05
2025-10-31,2025-10,J0196,R06,Open,10,3,7,32,True,105,2026-10-05
2025-10-31,2025-10,J0197,R07,Filled,5,5,0,30,True,105,2026-10-05
2025-10-31,2025-10,J0198,R08,Filled,5,5,0,27,True,105,2026-10-05
2025-10-31,2025-10,J0199,R09,Open,5,4,1,28,True,105,2026-10-05
2025-10-31,2025-10,J0200,R10,Open,7,6,1,27,True,105,2026-10-05
2025-10-31,2025-10,J0201,R01,Open,10,6,4,28,True,74,2026-10-05
2025-10-31,2025-10,J0202,R02,Open,9,6,3,31,True,74,2026-10-05
2025-10-31,2025-10,J0203,R03,Open,6,2,4,31,True,74,2026-10-05
2025-10-31,2025-10,J0204,R04,Open,10,7,3,26,True,74,2026-10-05
2025-10-31,2025-10,J0205,R05,Open,9,5,4,32,True,74,2026-10-05
2025-10-31,2025-10,J0206,R06,Open,9,7,2,26,True,74,2026-10-05
2025-10-31,2025-10,J0207,R07,Open,10,5,5,32,True,74,2026-10-05
2025-10-31,2025-10,J0208,R08,Filled,6,6,0,29,True,74,2026-10-05
2025-10-31,2025-10,J0209,R09,Filled,5,5,0,26,True,74,2026-10-05
2025-10-31,2025-10,J0210,R10,Filled,7,7,0,32,True,74,2026-10-05
2025-10-31,2025-10,J0211,R01,Open,5,0,5,22,True,44,2026-10-05
2025-10-31,2025-10,J0212,R02,Open,10,0,10,17,True,44,2026-10-05
2025-10-31,2025-10,J0213,R03,Open,5,0,5,15,True,44,2026-10-05
2025-10-31,2025-10,J0214,R04,Open,8,1,7,18,True,44,2026-10-05
2025-10-31,2025-10,J0215,R05,Open,8,0,8,27,True,44,2026-10-05
2025-10-31,2025-10,J0216,R06,Open,5,2,3,22,True,44,2026-10-05
2025-10-31,2025-10,J0217,R07,Open,7,0,7,22,True,44,2026-10-05
2025-10-31,2025-10,J0218,R08,Open,6,0,6,15,True,44,2026-10-05
2025-10-31,2025-10,J0219,R09,Open,9,1,8,24,True,44,2026-10-05
2025-10-31,2025-10,J0220,R10,Open,9,0,9,18,True,44,2026-10-05
2025-10-31,2025-10,J0221,R01,Open,10,0,10,0,False,13,2026-10-05
2025-10-31,2025-10,J0222,R02,Open,7,0,7,0,False,13,2026-10-05
2025-10-31,2025-10,J0223,R03,Open,5,0,5,0,False,13,2026-10-05
2025-10-31,2025-10,J0224,R04,Open,6,0,6,0,False,13,2026-10-05
2025-10-31,2025-10,J0225,R05,Open,10,0,10,0,False,13,2026-10-05
2025-10-31,2025-10,J0226,R06,Open,10,0,10,0,False,13,2026-10-05
2025-10-31,2025-10,J0227,R07,Open,7,0,7,0,False,13,2026-10-05
2025-10-31,2025-10,J0228,R08,Open,10,0,10,0,False,13,2026-10-05
2025-10-31,2025-10,J0229,R09,Open,7,0,7,0,False,13,2026-10-05
2025-10-31,2025-10,J0230,R10,Open,8,0,8,0,False,13,2026-10-05
2025-11-30,2025-11,J0001,R01,Closed - Unfilled,7,4,0,27,True,699,2026-10-05
2025-11-30,2025-11,J0002,R02,Filled,5,5,0,24,True,699,2026-10-05
2025-11-30,2025-11,J0003,R03,Closed - Unfilled,10,5,0,30,True,699,2026-10-05
2025-11-30,2025-11,J0004,R04,Filled,8,8,0,35,True,699,2026-10-05
2025-11-30,2025-11,J0005,R05,Filled,8,8,0,32,True,699,2026-10-05
2025-11-30,2025-11,J0006,R06,Closed - Unfilled,9,3,0,23,True,699,2026-10-05
2025-11-30,2025-11,J0007,R07,Closed - Unfilled,10,4,0,25,True,699,2026-10-05
2025-11-30,2025-11,J0008,R08,Closed - Unfilled,8,7,0,24,True,699,2026-10-05
2025-11-30,2025-11,J0009,R09,Closed - Unfilled,10,6,0,24,True,699,2026-10-05
2025-11-30,2025-11,J0010,R10,Closed - Unfilled,10,4,0,27,True,699,2026-10-05
2025-11-30,2025-11,J0011,R01,Filled,9,9,0,31,True,682,2026-10-05
2025-11-30,2025-11,J0012,R02,Closed - Unfilled,9,8,0,34,True,682,2026-10-05
2025-11-30,2025-11,J0013,R03,Closed - Unfilled,10,4,0,25,True,682,2026-10-05
2025-11-30,2025-11,J0014,R04,Closed - Unfilled,10,3,0,30,True,682,2026-10-05
2025-11-30,2025-11,J0015,R05,Filled,7,7,0,34,True,682,2026-10-05
2025-11-30,2025-11,J0016,R06,Filled,9,9,0,35,True,682,2026-10-05
2025-11-30,2025-11,J0017,R07,Filled,8,8,0,23,True,682,2026-10-05
2025-11-30,2025-11,J0018,R08,Closed - Unfilled,9,7,0,35,True,682,2026-10-05
2025-11-30,2025-11,J0019,R09,Closed - Unfilled,10,4,0,29,True,682,2026-10-05
2025-11-30,2025-11,J0020,R10,Filled,7,7,0,25,True,682,2026-10-05
2025-11-30,2025-11,J0021,R01,Closed - Unfilled,5,1,0,20,True,653,2026-10-05
2025-11-30,2025-11,J0022,R02,Filled,6,6,0,31,True,653,2026-10-05
2025-11-30,2025-11,J0023,R03,Closed - Unfilled,8,5,0,28,True,653,2026-10-05
2025-11-30,2025-11,J0024,R04,Filled,6,6,0,29,True,653,2026-10-05
2025-11-30,2025-11,J0025,R05,Closed - Unfilled,8,7,0,28,True,653,2026-10-05
2025-11-30,2025-11,J0026,R06,Closed - Unfilled,9,6,0,37,True,653,2026-10-05
2025-11-30,2025-11,J0027,R07,Closed - Unfilled,10,8,0,26,True,653,2026-10-05
2025-11-30,2025-11,J0028,R08,Filled,7,7,0,27,True,653,2026-10-05
2025-11-30,2025-11,J0029,R09,Closed - Unfilled,9,4,0,24,True,653,2026-10-05
2025-11-30,2025-11,J0030,R10,Closed - Unfilled,8,3,0,23,True,653,2026-10-05
2025-11-30,2025-11,J0031,R01,Closed - Unfilled,9,5,0,30,True,622,2026-10-05
2025-11-30,2025-11,J0032,R02,Closed - Unfilled,10,6,0,37,True,622,2026-10-05
2025-11-30,2025-11,J0033,R03,Closed - Unfilled,5,4,0,30,True,622,2026-10-05
2025-11-30,2025-11,J0034,R04,Closed - Unfilled,10,8,0,27,True,622,2026-10-05
2025-11-30,2025-11,J0035,R05,Closed - Unfilled,8,5,0,30,True,622,2026-10-05
2025-11-30,2025-11,J0036,R06,Closed - Unfilled,10,9,0,41,True,622,2026-10-05
2025-11-30,2025-11,J0037,R07,Closed - Unfilled,8,6,0,24,True,622,2026-10-05
2025-11-30,2025-11,J0038,R08,Filled,7,7,0,32,True,622,2026-10-05
2025-11-30,2025-11,J0039,R09,Closed - Unfilled,7,5,0,26,True,622,2026-10-05
2025-11-30,2025-11,J0040,R10,Filled,6,6,0,28,True,622,2026-10-05
2025-11-30,2025-11,J0041,R01,Filled,5,5,0,34,True,592,2026-10-05
2025-11-30,2025-11,J0042,R02,Filled,5,5,0,33,True,592,2026-10-05
2025-11-30,2025-11,J0043,R03,Filled,7,7,0,32,True,592,2026-10-05
2025-11-30,2025-11,J0044,R04,Closed - Unfilled,7,6,0,33,True,592,2026-10-05
2025-11-30,2025-11,J0045,R05,Closed - Unfilled,9,4,0,31,True,592,2026-10-05
2025-11-30,2025-11,J0046,R06,Filled,7,7,0,35,True,592,2026-10-05
2025-11-30,2025-11,J0047,R07,Closed - Unfilled,8,7,0,26,True,592,2026-10-05
2025-11-30,2025-11,J0048,R08,Filled,9,9,0,37,True,592,2026-10-05
2025-11-30,2025-11,J0049,R09,Closed - Unfilled,6,4,0,21,True,592,2026-10-05
2025-11-30,2025-11,J0050,R10,Closed - Unfilled,10,3,0,34,True,592,2026-10-05
2025-11-30,2025-11,J0051,R01,Closed - Unfilled,10,6,0,26,True,561,2026-10-05
2025-11-30,2025-11,J0052,R02,Closed - Unfilled,9,4,0,24,True,561,2026-10-05
2025-11-30,2025-11,J0053,R03,Closed - Unfilled,10,9,0,36,True,561,2026-10-05
2025-11-30,2025-11,J0054,R04,Filled,6,6,0,28,True,561,2026-10-05
2025-11-30,2025-11,J0055,R05,Filled,5,5,0,33,True,561,2026-10-05
2025-11-30,2025-11,J0056,R06,Closed - Unfilled,8,5,0,27,True,561,2026-10-05
2025-11-30,2025-11,J0057,R07,Closed - Unfilled,6,3,0,19,True,561,2026-10-05
2025-11-30,2025-11,J0058,R08,Closed - Unfilled,10,2,0,30,True,561,2026-10-05
2025-11-30,2025-11,J0059,R09,Filled,6,6,0,29,True,561,2026-10-05
2025-11-30,2025-11,J0060,R10,Closed - Unfilled,8,6,0,33,True,561,2026-10-05
2025-11-30,2025-11,J0061,R01,Closed - Unfilled,7,3,0,27,True,531,2026-10-05
2025-11-30,2025-11,J0062,R02,Closed - Unfilled,9,5,0,23,True,531,2026-10-05
2025-11-30,2025-11,J0063,R03,Closed - Unfilled,10,8,0,33,True,531,2026-10-05
2025-11-30,2025-11,J0064,R04,Closed - Unfilled,9,5,0,29,True,531,2026-10-05
2025-11-30,2025-11,J0065,R05,Filled,9,9,0,31,True,531,2026-10-05
2025-11-30,2025-11,J0066,R06,Closed - Unfilled,5,4,0,35,True,531,2026-10-05
2025-11-30,2025-11,J0067,R07,Closed - Unfilled,7,3,0,26,True,531,2026-10-05
2025-11-30,2025-11,J0068,R08,Filled,5,5,0,26,True,531,2026-10-05
2025-11-30,2025-11,J0069,R09,Filled,8,8,0,27,True,531,2026-10-05
2025-11-30,2025-11,J0070,R10,Closed - Unfilled,10,5,0,33,True,531,2026-10-05
2025-11-30,2025-11,J0071,R01,Closed - Unfilled,10,1,0,30,True,500,2026-10-05
2025-11-30,2025-11,J0072,R02,Filled,6,6,0,34,True,500,2026-10-05
2025-11-30,2025-11,J0073,R03,Filled,7,7,0,28,True,500,2026-10-05
2025-11-30,2025-11,J0074,R04,Filled,7,7,0,34,True,500,2026-10-05
2025-11-30,2025-11,J0075,R05,Closed - Unfilled,10,7,0,38,True,500,2026-10-05
2025-11-30,2025-11,J0076,R06,Filled,6,6,0,32,True,500,2026-10-05
2025-11-30,2025-11,J0077,R07,Closed - Unfilled,10,9,0,29,True,500,2026-10-05
2025-11-30,2025-11,J0078,R08,Filled,5,5,0,27,True,500,2026-10-05
2025-11-30,2025-11,J0079,R09,Closed - Unfilled,10,7,0,27,True,500,2026-10-05
2025-11-30,2025-11,J0080,R10,Closed - Unfilled,8,4,0,29,True,500,2026-10-05
2025-11-30,2025-11,J0081,R01,Filled,5,5,0,30,True,469,2026-10-05
2025-11-30,2025-11,J0082,R02,Filled,7,7,0,34,True,469,2026-10-05
2025-11-30,2025-11,J0083,R03,Filled,5,5,0,27,True,469,2026-10-05
2025-11-30,2025-11,J0084,R04,Filled,6,6,0,32,True,469,2026-10-05
2025-11-30,2025-11,J0085,R05,Filled,7,7,0,30,True,469,2026-10-05
2025-11-30,2025-11,J0086,R06,Filled,5,5,0,32,True,469,2026-10-05
2025-11-30,2025-11,J0087,R07,Filled,7,7,0,24,True,469,2026-10-05
2025-11-30,2025-11,J0088,R08,Closed - Unfilled,8,4,0,31,True,469,2026-10-05
2025-11-30,2025-11,J0089,R09,Filled,6,6,0,31,True,469,2026-10-05
2025-11-30,2025-11,J0090,R10,Filled,8,8,0,36,True,469,2026-10-05
2025-11-30,2025-11,J0091,R01,Closed - Unfilled,10,4,0,22,True,439,2026-10-05
2025-11-30,2025-11,J0092,R02,Closed - Unfilled,9,2,0,21,True,439,2026-10-05
2025-11-30,2025-11,J0093,R03,Closed - Unfilled,10,6,0,31,True,439,2026-10-05
2025-11-30,2025-11,J0094,R04,Closed - Unfilled,7,6,0,28,True,439,2026-10-05
2025-11-30,2025-11,J0095,R05,Closed - Unfilled,9,4,0,31,True,439,2026-10-05
2025-11-30,2025-11,J0096,R06,Closed - Unfilled,7,4,0,37,True,439,2026-10-05
2025-11-30,2025-11,J0097,R07,Filled,6,6,0,39,True,439,2026-10-05
2025-11-30,2025-11,J0098,R08,Filled,6,6,0,23,True,439,2026-10-05
2025-11-30,2025-11,J0099,R09,Filled,6,6,0,30,True,439,2026-10-05
2025-11-30,2025-11,J0100,R10,Filled,9,9,0,32,True,439,2026-10-05
2025-11-30,2025-11,J0101,R01,Closed - Unfilled,7,3,0,30,True,408,2026-10-05
2025-11-30,2025-11,J0102,R02,Filled,5,5,0,33,True,408,2026-10-05
2025-11-30,2025-11,J0103,R03,Filled,8,8,0,32,True,408,2026-10-05
2025-11-30,2025-11,J0104,R04,Filled,8,8,0,28,True,408,2026-10-05
2025-11-30,2025-11,J0105,R05,Filled,5,5,0,36,True,408,2026-10-05
2025-11-30,2025-11,J0106,R06,Closed - Unfilled,6,3,0,32,True,408,2026-10-05
2025-11-30,2025-11,J0107,R07,Closed - Unfilled,10,8,0,28,True,408,2026-10-05
2025-11-30,2025-11,J0108,R08,Closed - Unfilled,8,2,0,24,True,408,2026-10-05
2025-11-30,2025-11,J0109,R09,Closed - Unfilled,9,3,0,22,True,408,2026-10-05
2025-11-30,2025-11,J0110,R10,Filled,5,5,0,27,True,408,2026-10-05
2025-11-30,2025-11,J0111,R01,Closed - Unfilled,8,7,0,32,True,378,2026-10-05
2025-11-30,2025-11,J0112,R02,Filled,6,6,0,27,True,378,2026-10-05
2025-11-30,2025-11,J0113,R03,Filled,8,8,0,29,True,378,2026-10-05
2025-11-30,2025-11,J0114,R04,Filled,5,5,0,35,True,378,2026-10-05
2025-11-30,2025-11,J0115,R05,Closed - Unfilled,10,7,0,32,True,378,2026-10-05
2025-11-30,2025-11,J0116,R06,Filled,5,5,0,32,True,378,2026-10-05
2025-11-30,2025-11,J0117,R07,Filled,8,8,0,30,True,378,2026-10-05
2025-11-30,2025-11,J0118,R08,Closed - Unfilled,8,7,0,22,True,378,2026-10-05
2025-11-30,2025-11,J0119,R09,Closed - Unfilled,8,4,0,28,True,378,2026-10-05
2025-11-30,2025-11,J0120,R10,Filled,9,9,0,31,True,378,2026-10-05
2025-11-30,2025-11,J0121,R01,Closed - Unfilled,9,5,0,23,True,347,2026-10-05
2025-11-30,2025-11,J0122,R02,Closed - Unfilled,10,5,0,30,True,347,2026-10-05
2025-11-30,2025-11,J0123,R03,Closed - Unfilled,7,6,0,27,True,347,2026-10-05
2025-11-30,2025-11,J0124,R04,Closed - Unfilled,8,7,0,31,True,347,2026-10-05
2025-11-30,2025-11,J0125,R05,Filled,5,5,0,32,True,347,2026-10-05
2025-11-30,2025-11,J0126,R06,Filled,8,8,0,33,True,347,2026-10-05
2025-11-30,2025-11,J0127,R07,Closed - Unfilled,9,7,0,25,True,347,2026-10-05
2025-11-30,2025-11,J0128,R08,Filled,10,10,0,27,True,347,2026-10-05
2025-11-30,2025-11,J0129,R09,Closed - Unfilled,9,5,0,26,True,347,2026-10-05
2025-11-30,2025-11,J0130,R10,Closed - Unfilled,7,5,0,26,True,347,2026-10-05
2025-11-30,2025-11,J0131,R01,Closed - Unfilled,6,5,0,34,True,316,2026-10-05
2025-11-30,2025-11,J0132,R02,Closed - Unfilled,9,4,0,22,True,316,2026-10-05
2025-11-30,2025-11,J0133,R03,Filled,6,6,0,35,True,316,2026-10-05
2025-11-30,2025-11,J0134,R04,Filled,8,8,0,39,True,316,2026-10-05
2025-11-30,2025-11,J0135,R05,Closed - Unfilled,10,7,0,36,True,316,2026-10-05
2025-11-30,2025-11,J0136,R06,Filled,8,8,0,30,True,316,2026-10-05
2025-11-30,2025-11,J0137,R07,Closed - Unfilled,10,9,0,27,True,316,2026-10-05
2025-11-30,2025-11,J0138,R08,Filled,5,5,0,28,True,316,2026-10-05
2025-11-30,2025-11,J0139,R09,Filled,6,6,0,31,True,316,2026-10-05
2025-11-30,2025-11,J0140,R10,Closed - Unfilled,9,3,0,21,True,316,2026-10-05
2025-11-30,2025-11,J0141,R01,Filled,5,5,0,25,True,288,2026-10-05
2025-11-30,2025-11,J0142,R02,Closed - Unfilled,8,7,0,28,True,288,2026-10-05
2025-11-30,2025-11,J0143,R03,Closed - Unfilled,9,8,0,34,True,288,2026-10-05
2025-11-30,2025-11,J0144,R04,Closed - Unfilled,8,4,0,31,True,288,2026-10-05
2025-11-30,2025-11,J0145,R05,Closed - Unfilled,9,5,0,26,True,288,2026-10-05
2025-11-30,2025-11,J0146,R06,Filled,5,5,0,33,True,288,2026-10-05
2025-11-30,2025-11,J0147,R07,Closed - Unfilled,6,3,0,19,True,288,2026-10-05
2025-11-30,2025-11,J0148,R08,Closed - Unfilled,7,3,0,27,True,288,2026-10-05
2025-11-30,2025-11,J0149,R09,Filled,7,7,0,29,True,288,2026-10-05
2025-11-30,2025-11,J0150,R10,Closed - Unfilled,8,5,0,30,True,288,2026-10-05
2025-11-30,2025-11,J0151,R01,Closed - Unfilled,6,3,0,28,True,257,2026-10-05
2025-11-30,2025-11,J0152,R02,Filled,8,8,0,31,True,257,2026-10-05
2025-11-30,2025-11,J0153,R03,Closed - Unfilled,10,8,0,27,True,257,2026-10-05
2025-11-30,2025-11,J0154,R04,Closed - Unfilled,6,5,0,31,True,257,2026-10-05
2025-11-30,2025-11,J0155,R05,Closed - Unfilled,9,6,0,23,True,257,2026-10-05
2025-11-30,2025-11,J0156,R06,Filled,6,6,0,38,True,257,2026-10-05
2025-11-30,2025-11,J0157,R07,Filled,5,5,0,26,True,257,2026-10-05
2025-11-30,2025-11,J0158,R08,Closed - Unfilled,7,4,0,22,True,257,2026-10-05
2025-11-30,2025-11,J0159,R09,Closed - Unfilled,6,4,0,21,True,257,2026-10-05
2025-11-30,2025-11,J0160,R10,Closed - Unfilled,8,4,0,30,True,257,2026-10-05
2025-11-30,2025-11,J0161,R01,Closed - Unfilled,5,4,0,21,True,227,2026-10-05
2025-11-30,2025-11,J0162,R02,Closed - Unfilled,9,4,0,32,True,227,2026-10-05
2025-11-30,2025-11,J0163,R03,Closed - Unfilled,7,1,0,32,True,227,2026-10-05
2025-11-30,2025-11,J0164,R04,Filled,9,9,0,28,True,227,2026-10-05
2025-11-30,2025-11,J0165,R05,Closed - Unfilled,7,6,0,26,True,227,2026-10-05
2025-11-30,2025-11,J0166,R06,Filled,8,8,0,39,True,227,2026-10-05
2025-11-30,2025-11,J0167,R07,Filled,7,7,0,28,True,227,2026-10-05
2025-11-30,2025-11,J0168,R08,Closed - Unfilled,10,1,0,22,True,227,2026-10-05
2025-11-30,2025-11,J0169,R09,Filled,7,7,0,28,True,227,2026-10-05
2025-11-30,2025-11,J0170,R10,Closed - Unfilled,9,6,0,32,True,227,2026-10-05
2025-11-30,2025-11,J0171,R01,Filled,7,7,0,31,True,196,2026-10-05
2025-11-30,2025-11,J0172,R02,Filled,7,7,0,28,True,196,2026-10-05
2025-11-30,2025-11,J0173,R03,Filled,7,7,0,30,True,196,2026-10-05
2025-11-30,2025-11,J0174,R04,Closed - Unfilled,7,5,0,28,True,196,2026-10-05
2025-11-30,2025-11,J0175,R05,Filled,6,6,0,31,True,196,2026-10-05
2025-11-30,2025-11,J0176,R06,Closed - Unfilled,8,7,0,30,True,196,2026-10-05
2025-11-30,2025-11,J0177,R07,Closed - Unfilled,7,6,0,23,True,196,2026-10-05
2025-11-30,2025-11,J0178,R08,Closed - Unfilled,8,5,0,28,True,196,2026-10-05
2025-11-30,2025-11,J0179,R09,Closed - Unfilled,10,4,0,32,True,196,2026-10-05
2025-11-30,2025-11,J0180,R10,Filled,8,8,0,34,True,196,2026-10-05
2025-11-30,2025-11,J0181,R01,Closed - Unfilled,7,4,0,27,True,166,2026-10-05
2025-11-30,2025-11,J0182,R02,Closed - Unfilled,9,5,0,29,True,166,2026-10-05
2025-11-30,2025-11,J0183,R03,Filled,5,5,0,32,True,166,2026-10-05
2025-11-30,2025-11,J0184,R04,Closed - Unfilled,7,5,0,23,True,166,2026-10-05
2025-11-30,2025-11,J0185,R05,Filled,9,9,0,35,True,166,2026-10-05
2025-11-30,2025-11,J0186,R06,Closed - Unfilled,10,4,0,36,True,166,2026-10-05
2025-11-30,2025-11,J0187,R07,Closed - Unfilled,9,4,0,25,True,166,2026-10-05
2025-11-30,2025-11,J0188,R08,Closed - Unfilled,8,6,0,32,True,166,2026-10-05
2025-11-30,2025-11,J0189,R09,Filled,5,5,0,29,True,166,2026-10-05
2025-11-30,2025-11,J0190,R10,Closed - Unfilled,9,7,0,36,True,166,2026-10-05
2025-11-30,2025-11,J0191,R01,Filled,7,7,0,30,True,135,2026-10-05
2025-11-30,2025-11,J0192,R02,Closed - Unfilled,8,5,0,27,True,135,2026-10-05
2025-11-30,2025-11,J0193,R03,Closed - Unfilled,5,4,0,27,True,135,2026-10-05
2025-11-30,2025-11,J0194,R04,Filled,7,7,0,30,True,135,2026-10-05
2025-11-30,2025-11,J0195,R05,Closed - Unfilled,8,7,0,36,True,135,2026-10-05
2025-11-30,2025-11,J0196,R06,Closed - Unfilled,10,3,0,32,True,135,2026-10-05
2025-11-30,2025-11,J0197,R07,Filled,5,5,0,30,True,135,2026-10-05
2025-11-30,2025-11,J0198,R08,Filled,5,5,0,27,True,135,2026-10-05
2025-11-30,2025-11,J0199,R09,Closed - Unfilled,5,4,0,28,True,135,2026-10-05
2025-11-30,2025-11,J0200,R10,Closed - Unfilled,7,6,0,27,True,135,2026-10-05
2025-11-30,2025-11,J0201,R01,Open,10,6,4,28,True,104,2026-10-05
2025-11-30,2025-11,J0202,R02,Open,9,6,3,31,True,104,2026-10-05
2025-11-30,2025-11,J0203,R03,Open,6,2,4,31,True,104,2026-10-05
2025-11-30,2025-11,J0204,R04,Open,10,7,3,26,True,104,2026-10-05
2025-11-30,2025-11,J0205,R05,Open,9,5,4,32,True,104,2026-10-05
2025-11-30,2025-11,J0206,R06,Open,9,7,2,26,True,104,2026-10-05
2025-11-30,2025-11,J0207,R07,Open,10,5,5,32,True,104,2026-10-05
2025-11-30,2025-11,J0208,R08,Filled,6,6,0,29,True,104,2026-10-05
2025-11-30,2025-11,J0209,R09,Filled,5,5,0,26,True,104,2026-10-05
2025-11-30,2025-11,J0210,R10,Filled,7,7,0,32,True,104,2026-10-05
2025-11-30,2025-11,J0211,R01,Open,5,3,2,31,True,74,2026-10-05
2025-11-30,2025-11,J0212,R02,Open,10,5,5,26,True,74,2026-10-05
2025-11-30,2025-11,J0213,R03,Filled,5,5,0,25,True,74,2026-10-05
2025-11-30,2025-11,J0214,R04,Open,8,7,1,27,True,74,2026-10-05
2025-11-30,2025-11,J0215,R05,Filled,8,8,0,35,True,74,2026-10-05
2025-11-30,2025-11,J0216,R06,Filled,5,5,0,33,True,74,2026-10-05
2025-11-30,2025-11,J0217,R07,Open,7,5,2,30,True,74,2026-10-05
2025-11-30,2025-11,J0218,R08,Open,6,3,3,26,True,74,2026-10-05
2025-11-30,2025-11,J0219,R09,Open,9,6,3,33,True,74,2026-10-05
2025-11-30,2025-11,J0220,R10,Open,9,5,4,28,True,74,2026-10-05
2025-11-30,2025-11,J0221,R01,Open,10,0,10,15,True,43,2026-10-05
2025-11-30,2025-11,J0222,R02,Open,7,1,6,18,True,43,2026-10-05
2025-11-30,2025-11,J0223,R03,Open,5,1,4,16,True,43,2026-10-05
2025-11-30,2025-11,J0224,R04,Open,6,1,5,12,True,43,2026-10-05
2025-11-30,2025-11,J0225,R05,Open,10,1,9,20,True,43,2026-10-05
2025-11-30,2025-11,J0226,R06,Open,10,3,7,19,True,43,2026-10-05
2025-11-30,2025-11,J0227,R07,Open,7,0,7,15,True,43,2026-10-05
2025-11-30,2025-11,J0228,R08,Open,10,0,10,34,True,43,2026-10-05
2025-11-30,2025-11,J0229,R09,Open,7,2,5,30,True,43,2026-10-05
2025-11-30,2025-11,J0230,R10,Open,8,1,7,18,True,43,2026-10-05
2025-11-30,2025-11,J0231,R01,Open,5,0,5,0,False,13,2026-10-05
2025-11-30,2025-11,J0232,R02,Open,6,0,6,0,False,13,2026-10-05
2025-11-30,2025-11,J0233,R03,Open,9,0,9,0,False,13,2026-10-05
2025-11-30,2025-11,J0234,R04,Open,8,0,8,0,False,13,2026-10-05
2025-11-30,2025-11,J0235,R05,Open,5,0,5,0,False,13,2026-10-05
2025-11-30,2025-11,J0236,R06,Open,9,0,9,0,False,13,2026-10-05
2025-11-30,2025-11,J0237,R07,Open,7,0,7,0,False,13,2026-10-05
2025-11-30,2025-11,J0238,R08,Open,8,0,8,0,False,13,2026-10-05
2025-11-30,2025-11,J0239,R09,Open,10,0,10,0,False,13,2026-10-05
2025-11-30,2025-11,J0240,R10,Open,8,0,8,0,False,13,2026-10-05
2025-12-31,2025-12,J0001,R01,Closed - Unfilled,7,4,0,27,True,730,2026-10-05
2025-12-31,2025-12,J0002,R02,Filled,5,5,0,24,True,730,2026-10-05
2025-12-31,2025-12,J0003,R03,Closed - Unfilled,10,5,0,30,True,730,2026-10-05
2025-12-31,2025-12,J0004,R04,Filled,8,8,0,35,True,730,2026-10-05
2025-12-31,2025-12,J0005,R05,Filled,8,8,0,32,True,730,2026-10-05
2025-12-31,2025-12,J0006,R06,Closed - Unfilled,9,3,0,23,True,730,2026-10-05
2025-12-31,2025-12,J0007,R07,Closed - Unfilled,10,4,0,25,True,730,2026-10-05
2025-12-31,2025-12,J0008,R08,Closed - Unfilled,8,7,0,24,True,730,2026-10-05
2025-12-31,2025-12,J0009,R09,Closed - Unfilled,10,6,0,24,True,730,2026-10-05
2025-12-31,2025-12,J0010,R10,Closed - Unfilled,10,4,0,27,True,730,2026-10-05
2025-12-31,2025-12,J0011,R01,Filled,9,9,0,31,True,713,2026-10-05
2025-12-31,2025-12,J0012,R02,Closed - Unfilled,9,8,0,34,True,713,2026-10-05
2025-12-31,2025-12,J0013,R03,Closed - Unfilled,10,4,0,25,True,713,2026-10-05
2025-12-31,2025-12,J0014,R04,Closed - Unfilled,10,3,0,30,True,713,2026-10-05
2025-12-31,2025-12,J0015,R05,Filled,7,7,0,34,True,713,2026-10-05
2025-12-31,2025-12,J0016,R06,Filled,9,9,0,35,True,713,2026-10-05
2025-12-31,2025-12,J0017,R07,Filled,8,8,0,23,True,713,2026-10-05
2025-12-31,2025-12,J0018,R08,Closed - Unfilled,9,7,0,35,True,713,2026-10-05
2025-12-31,2025-12,J0019,R09,Closed - Unfilled,10,4,0,29,True,713,2026-10-05
2025-12-31,2025-12,J0020,R10,Filled,7,7,0,25,True,713,2026-10-05
2025-12-31,2025-12,J0021,R01,Closed - Unfilled,5,1,0,20,True,684,2026-10-05
2025-12-31,2025-12,J0022,R02,Filled,6,6,0,31,True,684,2026-10-05
2025-12-31,2025-12,J0023,R03,Closed - Unfilled,8,5,0,28,True,684,2026-10-05
2025-12-31,2025-12,J0024,R04,Filled,6,6,0,29,True,684,2026-10-05
2025-12-31,2025-12,J0025,R05,Closed - Unfilled,8,7,0,28,True,684,2026-10-05
2025-12-31,2025-12,J0026,R06,Closed - Unfilled,9,6,0,37,True,684,2026-10-05
2025-12-31,2025-12,J0027,R07,Closed - Unfilled,10,8,0,26,True,684,2026-10-05
2025-12-31,2025-12,J0028,R08,Filled,7,7,0,27,True,684,2026-10-05
2025-12-31,2025-12,J0029,R09,Closed - Unfilled,9,4,0,24,True,684,2026-10-05
2025-12-31,2025-12,J0030,R10,Closed - Unfilled,8,3,0,23,True,684,2026-10-05
2025-12-31,2025-12,J0031,R01,Closed - Unfilled,9,5,0,30,True,653,2026-10-05
2025-12-31,2025-12,J0032,R02,Closed - Unfilled,10,6,0,37,True,653,2026-10-05
2025-12-31,2025-12,J0033,R03,Closed - Unfilled,5,4,0,30,True,653,2026-10-05
2025-12-31,2025-12,J0034,R04,Closed - Unfilled,10,8,0,27,True,653,2026-10-05
2025-12-31,2025-12,J0035,R05,Closed - Unfilled,8,5,0,30,True,653,2026-10-05
2025-12-31,2025-12,J0036,R06,Closed - Unfilled,10,9,0,41,True,653,2026-10-05
2025-12-31,2025-12,J0037,R07,Closed - Unfilled,8,6,0,24,True,653,2026-10-05
2025-12-31,2025-12,J0038,R08,Filled,7,7,0,32,True,653,2026-10-05
2025-12-31,2025-12,J0039,R09,Closed - Unfilled,7,5,0,26,True,653,2026-10-05
2025-12-31,2025-12,J0040,R10,Filled,6,6,0,28,True,653,2026-10-05
2025-12-31,2025-12,J0041,R01,Filled,5,5,0,34,True,623,2026-10-05
2025-12-31,2025-12,J0042,R02,Filled,5,5,0,33,True,623,2026-10-05
2025-12-31,2025-12,J0043,R03,Filled,7,7,0,32,True,623,2026-10-05
2025-12-31,2025-12,J0044,R04,Closed - Unfilled,7,6,0,33,True,623,2026-10-05
2025-12-31,2025-12,J0045,R05,Closed - Unfilled,9,4,0,31,True,623,2026-10-05
2025-12-31,2025-12,J0046,R06,Filled,7,7,0,35,True,623,2026-10-05
2025-12-31,2025-12,J0047,R07,Closed - Unfilled,8,7,0,26,True,623,2026-10-05
2025-12-31,2025-12,J0048,R08,Filled,9,9,0,37,True,623,2026-10-05
2025-12-31,2025-12,J0049,R09,Closed - Unfilled,6,4,0,21,True,623,2026-10-05
2025-12-31,2025-12,J0050,R10,Closed - Unfilled,10,3,0,34,True,623,2026-10-05
2025-12-31,2025-12,J0051,R01,Closed - Unfilled,10,6,0,26,True,592,2026-10-05
2025-12-31,2025-12,J0052,R02,Closed - Unfilled,9,4,0,24,True,592,2026-10-05
2025-12-31,2025-12,J0053,R03,Closed - Unfilled,10,9,0,36,True,592,2026-10-05
2025-12-31,2025-12,J0054,R04,Filled,6,6,0,28,True,592,2026-10-05
2025-12-31,2025-12,J0055,R05,Filled,5,5,0,33,True,592,2026-10-05
2025-12-31,2025-12,J0056,R06,Closed - Unfilled,8,5,0,27,True,592,2026-10-05
2025-12-31,2025-12,J0057,R07,Closed - Unfilled,6,3,0,19,True,592,2026-10-05
2025-12-31,2025-12,J0058,R08,Closed - Unfilled,10,2,0,30,True,592,2026-10-05
2025-12-31,2025-12,J0059,R09,Filled,6,6,0,29,True,592,2026-10-05
2025-12-31,2025-12,J0060,R10,Closed - Unfilled,8,6,0,33,True,592,2026-10-05
2025-12-31,2025-12,J0061,R01,Closed - Unfilled,7,3,0,27,True,562,2026-10-05
2025-12-31,2025-12,J0062,R02,Closed - Unfilled,9,5,0,23,True,562,2026-10-05
2025-12-31,2025-12,J0063,R03,Closed - Unfilled,10,8,0,33,True,562,2026-10-05
2025-12-31,2025-12,J0064,R04,Closed - Unfilled,9,5,0,29,True,562,2026-10-05
2025-12-31,2025-12,J0065,R05,Filled,9,9,0,31,True,562,2026-10-05
2025-12-31,2025-12,J0066,R06,Closed - Unfilled,5,4,0,35,True,562,2026-10-05
2025-12-31,2025-12,J0067,R07,Closed - Unfilled,7,3,0,26,True,562,2026-10-05
2025-12-31,2025-12,J0068,R08,Filled,5,5,0,26,True,562,2026-10-05
2025-12-31,2025-12,J0069,R09,Filled,8,8,0,27,True,562,2026-10-05
2025-12-31,2025-12,J0070,R10,Closed - Unfilled,10,5,0,33,True,562,2026-10-05
2025-12-31,2025-12,J0071,R01,Closed - Unfilled,10,1,0,30,True,531,2026-10-05
2025-12-31,2025-12,J0072,R02,Filled,6,6,0,34,True,531,2026-10-05
2025-12-31,2025-12,J0073,R03,Filled,7,7,0,28,True,531,2026-10-05
2025-12-31,2025-12,J0074,R04,Filled,7,7,0,34,True,531,2026-10-05
2025-12-31,2025-12,J0075,R05,Closed - Unfilled,10,7,0,38,True,531,2026-10-05
2025-12-31,2025-12,J0076,R06,Filled,6,6,0,32,True,531,2026-10-05
2025-12-31,2025-12,J0077,R07,Closed - Unfilled,10,9,0,29,True,531,2026-10-05
2025-12-31,2025-12,J0078,R08,Filled,5,5,0,27,True,531,2026-10-05
2025-12-31,2025-12,J0079,R09,Closed - Unfilled,10,7,0,27,True,531,2026-10-05
2025-12-31,2025-12,J0080,R10,Closed - Unfilled,8,4,0,29,True,531,2026-10-05
2025-12-31,2025-12,J0081,R01,Filled,5,5,0,30,True,500,2026-10-05
2025-12-31,2025-12,J0082,R02,Filled,7,7,0,34,True,500,2026-10-05
2025-12-31,2025-12,J0083,R03,Filled,5,5,0,27,True,500,2026-10-05
2025-12-31,2025-12,J0084,R04,Filled,6,6,0,32,True,500,2026-10-05
2025-12-31,2025-12,J0085,R05,Filled,7,7,0,30,True,500,2026-10-05
2025-12-31,2025-12,J0086,R06,Filled,5,5,0,32,True,500,2026-10-05
2025-12-31,2025-12,J0087,R07,Filled,7,7,0,24,True,500,2026-10-05
2025-12-31,2025-12,J0088,R08,Closed - Unfilled,8,4,0,31,True,500,2026-10-05
2025-12-31,2025-12,J0089,R09,Filled,6,6,0,31,True,500,2026-10-05
2025-12-31,2025-12,J0090,R10,Filled,8,8,0,36,True,500,2026-10-05
2025-12-31,2025-12,J0091,R01,Closed - Unfilled,10,4,0,22,True,470,2026-10-05
2025-12-31,2025-12,J0092,R02,Closed - Unfilled,9,2,0,21,True,470,2026-10-05
2025-12-31,2025-12,J0093,R03,Closed - Unfilled,10,6,0,31,True,470,2026-10-05
2025-12-31,2025-12,J0094,R04,Closed - Unfilled,7,6,0,28,True,470,2026-10-05
2025-12-31,2025-12,J0095,R05,Closed - Unfilled,9,4,0,31,True,470,2026-10-05
2025-12-31,2025-12,J0096,R06,Closed - Unfilled,7,4,0,37,True,470,2026-10-05
2025-12-31,2025-12,J0097,R07,Filled,6,6,0,39,True,470,2026-10-05
2025-12-31,2025-12,J0098,R08,Filled,6,6,0,23,True,470,2026-10-05
2025-12-31,2025-12,J0099,R09,Filled,6,6,0,30,True,470,2026-10-05
2025-12-31,2025-12,J0100,R10,Filled,9,9,0,32,True,470,2026-10-05
2025-12-31,2025-12,J0101,R01,Closed - Unfilled,7,3,0,30,True,439,2026-10-05
2025-12-31,2025-12,J0102,R02,Filled,5,5,0,33,True,439,2026-10-05
2025-12-31,2025-12,J0103,R03,Filled,8,8,0,32,True,439,2026-10-05
2025-12-31,2025-12,J0104,R04,Filled,8,8,0,28,True,439,2026-10-05
2025-12-31,2025-12,J0105,R05,Filled,5,5,0,36,True,439,2026-10-05
2025-12-31,2025-12,J0106,R06,Closed - Unfilled,6,3,0,32,True,439,2026-10-05
2025-12-31,2025-12,J0107,R07,Closed - Unfilled,10,8,0,28,True,439,2026-10-05
2025-12-31,2025-12,J0108,R08,Closed - Unfilled,8,2,0,24,True,439,2026-10-05
2025-12-31,2025-12,J0109,R09,Closed - Unfilled,9,3,0,22,True,439,2026-10-05
2025-12-31,2025-12,J0110,R10,Filled,5,5,0,27,True,439,2026-10-05
2025-12-31,2025-12,J0111,R01,Closed - Unfilled,8,7,0,32,True,409,2026-10-05
2025-12-31,2025-12,J0112,R02,Filled,6,6,0,27,True,409,2026-10-05
2025-12-31,2025-12,J0113,R03,Filled,8,8,0,29,True,409,2026-10-05
2025-12-31,2025-12,J0114,R04,Filled,5,5,0,35,True,409,2026-10-05
2025-12-31,2025-12,J0115,R05,Closed - Unfilled,10,7,0,32,True,409,2026-10-05
2025-12-31,2025-12,J0116,R06,Filled,5,5,0,32,True,409,2026-10-05
2025-12-31,2025-12,J0117,R07,Filled,8,8,0,30,True,409,2026-10-05
2025-12-31,2025-12,J0118,R08,Closed - Unfilled,8,7,0,22,True,409,2026-10-05
2025-12-31,2025-12,J0119,R09,Closed - Unfilled,8,4,0,28,True,409,2026-10-05
2025-12-31,2025-12,J0120,R10,Filled,9,9,0,31,True,409,2026-10-05
2025-12-31,2025-12,J0121,R01,Closed - Unfilled,9,5,0,23,True,378,2026-10-05
2025-12-31,2025-12,J0122,R02,Closed - Unfilled,10,5,0,30,True,378,2026-10-05
2025-12-31,2025-12,J0123,R03,Closed - Unfilled,7,6,0,27,True,378,2026-10-05
2025-12-31,2025-12,J0124,R04,Closed - Unfilled,8,7,0,31,True,378,2026-10-05
2025-12-31,2025-12,J0125,R05,Filled,5,5,0,32,True,378,2026-10-05
2025-12-31,2025-12,J0126,R06,Filled,8,8,0,33,True,378,2026-10-05
2025-12-31,2025-12,J0127,R07,Closed - Unfilled,9,7,0,25,True,378,2026-10-05
2025-12-31,2025-12,J0128,R08,Filled,10,10,0,27,True,378,2026-10-05
2025-12-31,2025-12,J0129,R09,Closed - Unfilled,9,5,0,26,True,378,2026-10-05
2025-12-31,2025-12,J0130,R10,Closed - Unfilled,7,5,0,26,True,378,2026-10-05
2025-12-31,2025-12,J0131,R01,Closed - Unfilled,6,5,0,34,True,347,2026-10-05
2025-12-31,2025-12,J0132,R02,Closed - Unfilled,9,4,0,22,True,347,2026-10-05
2025-12-31,2025-12,J0133,R03,Filled,6,6,0,35,True,347,2026-10-05
2025-12-31,2025-12,J0134,R04,Filled,8,8,0,39,True,347,2026-10-05
2025-12-31,2025-12,J0135,R05,Closed - Unfilled,10,7,0,36,True,347,2026-10-05
2025-12-31,2025-12,J0136,R06,Filled,8,8,0,30,True,347,2026-10-05
2025-12-31,2025-12,J0137,R07,Closed - Unfilled,10,9,0,27,True,347,2026-10-05
2025-12-31,2025-12,J0138,R08,Filled,5,5,0,28,True,347,2026-10-05
2025-12-31,2025-12,J0139,R09,Filled,6,6,0,31,True,347,2026-10-05
2025-12-31,2025-12,J0140,R10,Closed - Unfilled,9,3,0,21,True,347,2026-10-05
2025-12-31,2025-12,J0141,R01,Filled,5,5,0,25,True,319,2026-10-05
2025-12-31,2025-12,J0142,R02,Closed - Unfilled,8,7,0,28,True,319,2026-10-05
2025-12-31,2025-12,J0143,R03,Closed - Unfilled,9,8,0,34,True,319,2026-10-05
2025-12-31,2025-12,J0144,R04,Closed - Unfilled,8,4,0,31,True,319,2026-10-05
2025-12-31,2025-12,J0145,R05,Closed - Unfilled,9,5,0,26,True,319,2026-10-05
2025-12-31,2025-12,J0146,R06,Filled,5,5,0,33,True,319,2026-10-05
2025-12-31,2025-12,J0147,R07,Closed - Unfilled,6,3,0,19,True,319,2026-10-05
2025-12-31,2025-12,J0148,R08,Closed - Unfilled,7,3,0,27,True,319,2026-10-05
2025-12-31,2025-12,J0149,R09,Filled,7,7,0,29,True,319,2026-10-05
2025-12-31,2025-12,J0150,R10,Closed - Unfilled,8,5,0,30,True,319,2026-10-05
2025-12-31,2025-12,J0151,R01,Closed - Unfilled,6,3,0,28,True,288,2026-10-05
2025-12-31,2025-12,J0152,R02,Filled,8,8,0,31,True,288,2026-10-05
2025-12-31,2025-12,J0153,R03,Closed - Unfilled,10,8,0,27,True,288,2026-10-05
2025-12-31,2025-12,J0154,R04,Closed - Unfilled,6,5,0,31,True,288,2026-10-05
2025-12-31,2025-12,J0155,R05,Closed - Unfilled,9,6,0,23,True,288,2026-10-05
2025-12-31,2025-12,J0156,R06,Filled,6,6,0,38,True,288,2026-10-05
2025-12-31,2025-12,J0157,R07,Filled,5,5,0,26,True,288,2026-10-05
2025-12-31,2025-12,J0158,R08,Closed - Unfilled,7,4,0,22,True,288,2026-10-05
2025-12-31,2025-12,J0159,R09,Closed - Unfilled,6,4,0,21,True,288,2026-10-05
2025-12-31,2025-12,J0160,R10,Closed - Unfilled,8,4,0,30,True,288,2026-10-05
2025-12-31,2025-12,J0161,R01,Closed - Unfilled,5,4,0,21,True,258,2026-10-05
2025-12-31,2025-12,J0162,R02,Closed - Unfilled,9,4,0,32,True,258,2026-10-05
2025-12-31,2025-12,J0163,R03,Closed - Unfilled,7,1,0,32,True,258,2026-10-05
2025-12-31,2025-12,J0164,R04,Filled,9,9,0,28,True,258,2026-10-05
2025-12-31,2025-12,J0165,R05,Closed - Unfilled,7,6,0,26,True,258,2026-10-05
2025-12-31,2025-12,J0166,R06,Filled,8,8,0,39,True,258,2026-10-05
2025-12-31,2025-12,J0167,R07,Filled,7,7,0,28,True,258,2026-10-05
2025-12-31,2025-12,J0168,R08,Closed - Unfilled,10,1,0,22,True,258,2026-10-05
2025-12-31,2025-12,J0169,R09,Filled,7,7,0,28,True,258,2026-10-05
2025-12-31,2025-12,J0170,R10,Closed - Unfilled,9,6,0,32,True,258,2026-10-05
2025-12-31,2025-12,J0171,R01,Filled,7,7,0,31,True,227,2026-10-05
2025-12-31,2025-12,J0172,R02,Filled,7,7,0,28,True,227,2026-10-05
2025-12-31,2025-12,J0173,R03,Filled,7,7,0,30,True,227,2026-10-05
2025-12-31,2025-12,J0174,R04,Closed - Unfilled,7,5,0,28,True,227,2026-10-05
2025-12-31,2025-12,J0175,R05,Filled,6,6,0,31,True,227,2026-10-05
2025-12-31,2025-12,J0176,R06,Closed - Unfilled,8,7,0,30,True,227,2026-10-05
2025-12-31,2025-12,J0177,R07,Closed - Unfilled,7,6,0,23,True,227,2026-10-05
2025-12-31,2025-12,J0178,R08,Closed - Unfilled,8,5,0,28,True,227,2026-10-05
2025-12-31,2025-12,J0179,R09,Closed - Unfilled,10,4,0,32,True,227,2026-10-05
2025-12-31,2025-12,J0180,R10,Filled,8,8,0,34,True,227,2026-10-05
2025-12-31,2025-12,J0181,R01,Closed - Unfilled,7,4,0,27,True,197,2026-10-05
2025-12-31,2025-12,J0182,R02,Closed - Unfilled,9,5,0,29,True,197,2026-10-05
2025-12-31,2025-12,J0183,R03,Filled,5,5,0,32,True,197,2026-10-05
2025-12-31,2025-12,J0184,R04,Closed - Unfilled,7,5,0,23,True,197,2026-10-05
2025-12-31,2025-12,J0185,R05,Filled,9,9,0,35,True,197,2026-10-05
2025-12-31,2025-12,J0186,R06,Closed - Unfilled,10,4,0,36,True,197,2026-10-05
2025-12-31,2025-12,J0187,R07,Closed - Unfilled,9,4,0,25,True,197,2026-10-05
2025-12-31,2025-12,J0188,R08,Closed - Unfilled,8,6,0,32,True,197,2026-10-05
2025-12-31,2025-12,J0189,R09,Filled,5,5,0,29,True,197,2026-10-05
2025-12-31,2025-12,J0190,R10,Closed - Unfilled,9,7,0,36,True,197,2026-10-05
2025-12-31,2025-12,J0191,R01,Filled,7,7,0,30,True,166,2026-10-05
2025-12-31,2025-12,J0192,R02,Closed - Unfilled,8,5,0,27,True,166,2026-10-05
2025-12-31,2025-12,J0193,R03,Closed - Unfilled,5,4,0,27,True,166,2026-10-05
2025-12-31,2025-12,J0194,R04,Filled,7,7,0,30,True,166,2026-10-05
2025-12-31,2025-12,J0195,R05,Closed - Unfilled,8,7,0,36,True,166,2026-10-05
2025-12-31,2025-12,J0196,R06,Closed - Unfilled,10,3,0,32,True,166,2026-10-05
2025-12-31,2025-12,J0197,R07,Filled,5,5,0,30,True,166,2026-10-05
2025-12-31,2025-12,J0198,R08,Filled,5,5,0,27,True,166,2026-10-05
2025-12-31,2025-12,J0199,R09,Closed - Unfilled,5,4,0,28,True,166,2026-10-05
2025-12-31,2025-12,J0200,R10,Closed - Unfilled,7,6,0,27,True,166,2026-10-05
2025-12-31,2025-12,J0201,R01,Closed - Unfilled,10,6,0,28,True,135,2026-10-05
2025-12-31,2025-12,J0202,R02,Closed - Unfilled,9,6,0,31,True,135,2026-10-05
2025-12-31,2025-12,J0203,R03,Closed - Unfilled,6,2,0,31,True,135,2026-10-05
2025-12-31,2025-12,J0204,R04,Closed - Unfilled,10,7,0,26,True,135,2026-10-05
2025-12-31,2025-12,J0205,R05,Closed - Unfilled,9,5,0,32,True,135,2026-10-05
2025-12-31,2025-12,J0206,R06,Closed - Unfilled,9,7,0,26,True,135,2026-10-05
2025-12-31,2025-12,J0207,R07,Closed - Unfilled,10,5,0,32,True,135,2026-10-05
2025-12-31,2025-12,J0208,R08,Filled,6,6,0,29,True,135,2026-10-05
2025-12-31,2025-12,J0209,R09,Filled,5,5,0,26,True,135,2026-10-05
2025-12-31,2025-12,J0210,R10,Filled,7,7,0,32,True,135,2026-10-05
2025-12-31,2025-12,J0211,R01,Open,5,3,2,31,True,105,2026-10-05
2025-12-31,2025-12,J0212,R02,Open,10,5,5,26,True,105,2026-10-05
2025-12-31,2025-12,J0213,R03,Filled,5,5,0,25,True,105,2026-10-05
2025-12-31,2025-12,J0214,R04,Open,8,7,1,27,True,105,2026-10-05
2025-12-31,2025-12,J0215,R05,Filled,8,8,0,35,True,105,2026-10-05
2025-12-31,2025-12,J0216,R06,Filled,5,5,0,33,True,105,2026-10-05
2025-12-31,2025-12,J0217,R07,Filled,7,7,0,30,True,105,2026-10-05
2025-12-31,2025-12,J0218,R08,Open,6,4,2,26,True,105,2026-10-05
2025-12-31,2025-12,J0219,R09,Open,9,6,3,33,True,105,2026-10-05
2025-12-31,2025-12,J0220,R10,Open,9,5,4,28,True,105,2026-10-05
2025-12-31,2025-12,J0221,R01,Open,10,2,8,23,True,74,2026-10-05
2025-12-31,2025-12,J0222,R02,Filled,7,7,0,31,True,74,2026-10-05
2025-12-31,2025-12,J0223,R03,Filled,5,5,0,23,True,74,2026-10-05
2025-12-31,2025-12,J0224,R04,Filled,6,6,0,17,True,74,2026-10-05
2025-12-31,2025-12,J0225,R05,Open,10,9,1,32,True,74,2026-10-05
2025-12-31,2025-12,J0226,R06,Open,10,6,4,26,True,74,2026-10-05
2025-12-31,2025-12,J0227,R07,Open,7,5,2,27,True,74,2026-10-05
2025-12-31,2025-12,J0228,R08,Open,10,6,4,45,True,74,2026-10-05
2025-12-31,2025-12,J0229,R09,Filled,7,7,0,43,True,74,2026-10-05
2025-12-31,2025-12,J0230,R10,Open,8,6,2,30,True,74,2026-10-05
2025-12-31,2025-12,J0231,R01,Open,5,0,5,22,True,44,2026-10-05
2025-12-31,2025-12,J0232,R02,Open,6,0,6,15,True,44,2026-10-05
2025-12-31,2025-12,J0233,R03,Open,9,1,8,17,True,44,2026-10-05
2025-12-31,2025-12,J0234,R04,Open,8,1,7,18,True,44,2026-10-05
2025-12-31,2025-12,J0235,R05,Open,5,1,4,26,True,44,2026-10-05
2025-12-31,2025-12,J0236,R06,Open,9,1,8,28,True,44,2026-10-05
2025-12-31,2025-12,J0237,R07,Open,7,0,7,22,True,44,2026-10-05
2025-12-31,2025-12,J0238,R08,Open,8,0,8,17,True,44,2026-10-05
2025-12-31,2025-12,J0239,R09,Open,10,0,10,24,True,44,2026-10-05
2025-12-31,2025-12,J0240,R10,Open,8,1,7,21,True,44,2026-10-05
2025-12-31,2025-12,J0241,R01,Open,7,0,7,0,False,13,2026-10-05
2025-12-31,2025-12,J0242,R02,Open,5,0,5,0,False,13,2026-10-05
2025-12-31,2025-12,J0243,R03,Open,8,0,8,0,False,13,2026-10-05
2025-12-31,2025-12,J0244,R04,Open,9,0,9,0,False,13,2026-10-05
2025-12-31,2025-12,J0245,R05,Open,10,0,10,0,False,13,2026-10-05
2025-12-31,2025-12,J0246,R06,Open,10,0,10,0,False,13,2026-10-05
2025-12-31,2025-12,J0247,R07,Open,5,0,5,0,False,13,2026-10-05
2025-12-31,2025-12,J0248,R08,Open,10,0,10,0,False,13,2026-10-05
2025-12-31,2025-12,J0249,R09,Open,5,0,5,0,False,13,2026-10-05
2025-12-31,2025-12,J0250,R10,Open,10,0,10,0,False,13,2026-10-05
2026-01-31,2026-01,J0001,R01,Closed - Unfilled,7,4,0,27,True,761,2026-10-05
2026-01-31,2026-01,J0002,R02,Filled,5,5,0,24,True,761,2026-10-05
2026-01-31,2026-01,J0003,R03,Closed - Unfilled,10,5,0,30,True,761,2026-10-05
2026-01-31,2026-01,J0004,R04,Filled,8,8,0,35,True,761,2026-10-05
2026-01-31,2026-01,J0005,R05,Filled,8,8,0,32,True,761,2026-10-05
2026-01-31,2026-01,J0006,R06,Closed - Unfilled,9,3,0,23,True,761,2026-10-05
2026-01-31,2026-01,J0007,R07,Closed - Unfilled,10,4,0,25,True,761,2026-10-05
2026-01-31,2026-01,J0008,R08,Closed - Unfilled,8,7,0,24,True,761,2026-10-05
2026-01-31,2026-01,J0009,R09,Closed - Unfilled,10,6,0,24,True,761,2026-10-05
2026-01-31,2026-01,J0010,R10,Closed - Unfilled,10,4,0,27,True,761,2026-10-05
2026-01-31,2026-01,J0011,R01,Filled,9,9,0,31,True,744,2026-10-05
2026-01-31,2026-01,J0012,R02,Closed - Unfilled,9,8,0,34,True,744,2026-10-05
2026-01-31,2026-01,J0013,R03,Closed - Unfilled,10,4,0,25,True,744,2026-10-05
2026-01-31,2026-01,J0014,R04,Closed - Unfilled,10,3,0,30,True,744,2026-10-05
2026-01-31,2026-01,J0015,R05,Filled,7,7,0,34,True,744,2026-10-05
2026-01-31,2026-01,J0016,R06,Filled,9,9,0,35,True,744,2026-10-05
2026-01-31,2026-01,J0017,R07,Filled,8,8,0,23,True,744,2026-10-05
2026-01-31,2026-01,J0018,R08,Closed - Unfilled,9,7,0,35,True,744,2026-10-05
2026-01-31,2026-01,J0019,R09,Closed - Unfilled,10,4,0,29,True,744,2026-10-05
2026-01-31,2026-01,J0020,R10,Filled,7,7,0,25,True,744,2026-10-05
2026-01-31,2026-01,J0021,R01,Closed - Unfilled,5,1,0,20,True,715,2026-10-05
2026-01-31,2026-01,J0022,R02,Filled,6,6,0,31,True,715,2026-10-05
2026-01-31,2026-01,J0023,R03,Closed - Unfilled,8,5,0,28,True,715,2026-10-05
2026-01-31,2026-01,J0024,R04,Filled,6,6,0,29,True,715,2026-10-05
2026-01-31,2026-01,J0025,R05,Closed - Unfilled,8,7,0,28,True,715,2026-10-05
2026-01-31,2026-01,J0026,R06,Closed - Unfilled,9,6,0,37,True,715,2026-10-05
2026-01-31,2026-01,J0027,R07,Closed - Unfilled,10,8,0,26,True,715,2026-10-05
2026-01-31,2026-01,J0028,R08,Filled,7,7,0,27,True,715,2026-10-05
2026-01-31,2026-01,J0029,R09,Closed - Unfilled,9,4,0,24,True,715,2026-10-05
2026-01-31,2026-01,J0030,R10,Closed - Unfilled,8,3,0,23,True,715,2026-10-05
2026-01-31,2026-01,J0031,R01,Closed - Unfilled,9,5,0,30,True,684,2026-10-05
2026-01-31,2026-01,J0032,R02,Closed - Unfilled,10,6,0,37,True,684,2026-10-05
2026-01-31,2026-01,J0033,R03,Closed - Unfilled,5,4,0,30,True,684,2026-10-05
2026-01-31,2026-01,J0034,R04,Closed - Unfilled,10,8,0,27,True,684,2026-10-05
2026-01-31,2026-01,J0035,R05,Closed - Unfilled,8,5,0,30,True,684,2026-10-05
2026-01-31,2026-01,J0036,R06,Closed - Unfilled,10,9,0,41,True,684,2026-10-05
2026-01-31,2026-01,J0037,R07,Closed - Unfilled,8,6,0,24,True,684,2026-10-05
2026-01-31,2026-01,J0038,R08,Filled,7,7,0,32,True,684,2026-10-05
2026-01-31,2026-01,J0039,R09,Closed - Unfilled,7,5,0,26,True,684,2026-10-05
2026-01-31,2026-01,J0040,R10,Filled,6,6,0,28,True,684,2026-10-05
2026-01-31,2026-01,J0041,R01,Filled,5,5,0,34,True,654,2026-10-05
2026-01-31,2026-01,J0042,R02,Filled,5,5,0,33,True,654,2026-10-05
2026-01-31,2026-01,J0043,R03,Filled,7,7,0,32,True,654,2026-10-05
2026-01-31,2026-01,J0044,R04,Closed - Unfilled,7,6,0,33,True,654,2026-10-05
2026-01-31,2026-01,J0045,R05,Closed - Unfilled,9,4,0,31,True,654,2026-10-05
2026-01-31,2026-01,J0046,R06,Filled,7,7,0,35,True,654,2026-10-05
2026-01-31,2026-01,J0047,R07,Closed - Unfilled,8,7,0,26,True,654,2026-10-05
2026-01-31,2026-01,J0048,R08,Filled,9,9,0,37,True,654,2026-10-05
2026-01-31,2026-01,J0049,R09,Closed - Unfilled,6,4,0,21,True,654,2026-10-05
2026-01-31,2026-01,J0050,R10,Closed - Unfilled,10,3,0,34,True,654,2026-10-05
2026-01-31,2026-01,J0051,R01,Closed - Unfilled,10,6,0,26,True,623,2026-10-05
2026-01-31,2026-01,J0052,R02,Closed - Unfilled,9,4,0,24,True,623,2026-10-05
2026-01-31,2026-01,J0053,R03,Closed - Unfilled,10,9,0,36,True,623,2026-10-05
2026-01-31,2026-01,J0054,R04,Filled,6,6,0,28,True,623,2026-10-05
2026-01-31,2026-01,J0055,R05,Filled,5,5,0,33,True,623,2026-10-05
2026-01-31,2026-01,J0056,R06,Closed - Unfilled,8,5,0,27,True,623,2026-10-05
2026-01-31,2026-01,J0057,R07,Closed - Unfilled,6,3,0,19,True,623,2026-10-05
2026-01-31,2026-01,J0058,R08,Closed - Unfilled,10,2,0,30,True,623,2026-10-05
2026-01-31,2026-01,J0059,R09,Filled,6,6,0,29,True,623,2026-10-05
2026-01-31,2026-01,J0060,R10,Closed - Unfilled,8,6,0,33,True,623,2026-10-05
2026-01-31,2026-01,J0061,R01,Closed - Unfilled,7,3,0,27,True,593,2026-10-05
2026-01-31,2026-01,J0062,R02,Closed - Unfilled,9,5,0,23,True,593,2026-10-05
2026-01-31,2026-01,J0063,R03,Closed - Unfilled,10,8,0,33,True,593,2026-10-05
2026-01-31,2026-01,J0064,R04,Closed - Unfilled,9,5,0,29,True,593,2026-10-05
2026-01-31,2026-01,J0065,R05,Filled,9,9,0,31,True,593,2026-10-05
2026-01-31,2026-01,J0066,R06,Closed - Unfilled,5,4,0,35,True,593,2026-10-05
2026-01-31,2026-01,J0067,R07,Closed - Unfilled,7,3,0,26,True,593,2026-10-05
2026-01-31,2026-01,J0068,R08,Filled,5,5,0,26,True,593,2026-10-05
2026-01-31,2026-01,J0069,R09,Filled,8,8,0,27,True,593,2026-10-05
2026-01-31,2026-01,J0070,R10,Closed - Unfilled,10,5,0,33,True,593,2026-10-05
2026-01-31,2026-01,J0071,R01,Closed - Unfilled,10,1,0,30,True,562,2026-10-05
2026-01-31,2026-01,J0072,R02,Filled,6,6,0,34,True,562,2026-10-05
2026-01-31,2026-01,J0073,R03,Filled,7,7,0,28,True,562,2026-10-05
2026-01-31,2026-01,J0074,R04,Filled,7,7,0,34,True,562,2026-10-05
2026-01-31,2026-01,J0075,R05,Closed - Unfilled,10,7,0,38,True,562,2026-10-05
2026-01-31,2026-01,J0076,R06,Filled,6,6,0,32,True,562,2026-10-05
2026-01-31,2026-01,J0077,R07,Closed - Unfilled,10,9,0,29,True,562,2026-10-05
2026-01-31,2026-01,J0078,R08,Filled,5,5,0,27,True,562,2026-10-05
2026-01-31,2026-01,J0079,R09,Closed - Unfilled,10,7,0,27,True,562,2026-10-05
2026-01-31,2026-01,J0080,R10,Closed - Unfilled,8,4,0,29,True,562,2026-10-05
2026-01-31,2026-01,J0081,R01,Filled,5,5,0,30,True,531,2026-10-05
2026-01-31,2026-01,J0082,R02,Filled,7,7,0,34,True,531,2026-10-05
2026-01-31,2026-01,J0083,R03,Filled,5,5,0,27,True,531,2026-10-05
2026-01-31,2026-01,J0084,R04,Filled,6,6,0,32,True,531,2026-10-05
2026-01-31,2026-01,J0085,R05,Filled,7,7,0,30,True,531,2026-10-05
2026-01-31,2026-01,J0086,R06,Filled,5,5,0,32,True,531,2026-10-05
2026-01-31,2026-01,J0087,R07,Filled,7,7,0,24,True,531,2026-10-05
2026-01-31,2026-01,J0088,R08,Closed - Unfilled,8,4,0,31,True,531,2026-10-05
2026-01-31,2026-01,J0089,R09,Filled,6,6,0,31,True,531,2026-10-05
2026-01-31,2026-01,J0090,R10,Filled,8,8,0,36,True,531,2026-10-05
2026-01-31,2026-01,J0091,R01,Closed - Unfilled,10,4,0,22,True,501,2026-10-05
2026-01-31,2026-01,J0092,R02,Closed - Unfilled,9,2,0,21,True,501,2026-10-05
2026-01-31,2026-01,J0093,R03,Closed - Unfilled,10,6,0,31,True,501,2026-10-05
2026-01-31,2026-01,J0094,R04,Closed - Unfilled,7,6,0,28,True,501,2026-10-05
2026-01-31,2026-01,J0095,R05,Closed - Unfilled,9,4,0,31,True,501,2026-10-05
2026-01-31,2026-01,J0096,R06,Closed - Unfilled,7,4,0,37,True,501,2026-10-05
2026-01-31,2026-01,J0097,R07,Filled,6,6,0,39,True,501,2026-10-05
2026-01-31,2026-01,J0098,R08,Filled,6,6,0,23,True,501,2026-10-05
2026-01-31,2026-01,J0099,R09,Filled,6,6,0,30,True,501,2026-10-05
2026-01-31,2026-01,J0100,R10,Filled,9,9,0,32,True,501,2026-10-05
2026-01-31,2026-01,J0101,R01,Closed - Unfilled,7,3,0,30,True,470,2026-10-05
2026-01-31,2026-01,J0102,R02,Filled,5,5,0,33,True,470,2026-10-05
2026-01-31,2026-01,J0103,R03,Filled,8,8,0,32,True,470,2026-10-05
2026-01-31,2026-01,J0104,R04,Filled,8,8,0,28,True,470,2026-10-05
2026-01-31,2026-01,J0105,R05,Filled,5,5,0,36,True,470,2026-10-05
2026-01-31,2026-01,J0106,R06,Closed - Unfilled,6,3,0,32,True,470,2026-10-05
2026-01-31,2026-01,J0107,R07,Closed - Unfilled,10,8,0,28,True,470,2026-10-05
2026-01-31,2026-01,J0108,R08,Closed - Unfilled,8,2,0,24,True,470,2026-10-05
2026-01-31,2026-01,J0109,R09,Closed - Unfilled,9,3,0,22,True,470,2026-10-05
2026-01-31,2026-01,J0110,R10,Filled,5,5,0,27,True,470,2026-10-05
2026-01-31,2026-01,J0111,R01,Closed - Unfilled,8,7,0,32,True,440,2026-10-05
2026-01-31,2026-01,J0112,R02,Filled,6,6,0,27,True,440,2026-10-05
2026-01-31,2026-01,J0113,R03,Filled,8,8,0,29,True,440,2026-10-05
2026-01-31,2026-01,J0114,R04,Filled,5,5,0,35,True,440,2026-10-05
2026-01-31,2026-01,J0115,R05,Closed - Unfilled,10,7,0,32,True,440,2026-10-05
2026-01-31,2026-01,J0116,R06,Filled,5,5,0,32,True,440,2026-10-05
2026-01-31,2026-01,J0117,R07,Filled,8,8,0,30,True,440,2026-10-05
2026-01-31,2026-01,J0118,R08,Closed - Unfilled,8,7,0,22,True,440,2026-10-05
2026-01-31,2026-01,J0119,R09,Closed - Unfilled,8,4,0,28,True,440,2026-10-05
2026-01-31,2026-01,J0120,R10,Filled,9,9,0,31,True,440,2026-10-05
2026-01-31,2026-01,J0121,R01,Closed - Unfilled,9,5,0,23,True,409,2026-10-05
2026-01-31,2026-01,J0122,R02,Closed - Unfilled,10,5,0,30,True,409,2026-10-05
2026-01-31,2026-01,J0123,R03,Closed - Unfilled,7,6,0,27,True,409,2026-10-05
2026-01-31,2026-01,J0124,R04,Closed - Unfilled,8,7,0,31,True,409,2026-10-05
2026-01-31,2026-01,J0125,R05,Filled,5,5,0,32,True,409,2026-10-05
2026-01-31,2026-01,J0126,R06,Filled,8,8,0,33,True,409,2026-10-05
2026-01-31,2026-01,J0127,R07,Closed - Unfilled,9,7,0,25,True,409,2026-10-05
2026-01-31,2026-01,J0128,R08,Filled,10,10,0,27,True,409,2026-10-05
2026-01-31,2026-01,J0129,R09,Closed - Unfilled,9,5,0,26,True,409,2026-10-05
2026-01-31,2026-01,J0130,R10,Closed - Unfilled,7,5,0,26,True,409,2026-10-05
2026-01-31,2026-01,J0131,R01,Closed - Unfilled,6,5,0,34,True,378,2026-10-05
2026-01-31,2026-01,J0132,R02,Closed - Unfilled,9,4,0,22,True,378,2026-10-05
2026-01-31,2026-01,J0133,R03,Filled,6,6,0,35,True,378,2026-10-05
2026-01-31,2026-01,J0134,R04,Filled,8,8,0,39,True,378,2026-10-05
2026-01-31,2026-01,J0135,R05,Closed - Unfilled,10,7,0,36,True,378,2026-10-05
2026-01-31,2026-01,J0136,R06,Filled,8,8,0,30,True,378,2026-10-05
2026-01-31,2026-01,J0137,R07,Closed - Unfilled,10,9,0,27,True,378,2026-10-05
2026-01-31,2026-01,J0138,R08,Filled,5,5,0,28,True,378,2026-10-05
2026-01-31,2026-01,J0139,R09,Filled,6,6,0,31,True,378,2026-10-05
2026-01-31,2026-01,J0140,R10,Closed - Unfilled,9,3,0,21,True,378,2026-10-05
2026-01-31,2026-01,J0141,R01,Filled,5,5,0,25,True,350,2026-10-05
2026-01-31,2026-01,J0142,R02,Closed - Unfilled,8,7,0,28,True,350,2026-10-05
2026-01-31,2026-01,J0143,R03,Closed - Unfilled,9,8,0,34,True,350,2026-10-05
2026-01-31,2026-01,J0144,R04,Closed - Unfilled,8,4,0,31,True,350,2026-10-05
2026-01-31,2026-01,J0145,R05,Closed - Unfilled,9,5,0,26,True,350,2026-10-05
2026-01-31,2026-01,J0146,R06,Filled,5,5,0,33,True,350,2026-10-05
2026-01-31,2026-01,J0147,R07,Closed - Unfilled,6,3,0,19,True,350,2026-10-05
2026-01-31,2026-01,J0148,R08,Closed - Unfilled,7,3,0,27,True,350,2026-10-05
2026-01-31,2026-01,J0149,R09,Filled,7,7,0,29,True,350,2026-10-05
2026-01-31,2026-01,J0150,R10,Closed - Unfilled,8,5,0,30,True,350,2026-10-05
2026-01-31,2026-01,J0151,R01,Closed - Unfilled,6,3,0,28,True,319,2026-10-05
2026-01-31,2026-01,J0152,R02,Filled,8,8,0,31,True,319,2026-10-05
2026-01-31,2026-01,J0153,R03,Closed - Unfilled,10,8,0,27,True,319,2026-10-05
2026-01-31,2026-01,J0154,R04,Closed - Unfilled,6,5,0,31,True,319,2026-10-05
2026-01-31,2026-01,J0155,R05,Closed - Unfilled,9,6,0,23,True,319,2026-10-05
2026-01-31,2026-01,J0156,R06,Filled,6,6,0,38,True,319,2026-10-05
2026-01-31,2026-01,J0157,R07,Filled,5,5,0,26,True,319,2026-10-05
2026-01-31,2026-01,J0158,R08,Closed - Unfilled,7,4,0,22,True,319,2026-10-05
2026-01-31,2026-01,J0159,R09,Closed - Unfilled,6,4,0,21,True,319,2026-10-05
2026-01-31,2026-01,J0160,R10,Closed - Unfilled,8,4,0,30,True,319,2026-10-05
2026-01-31,2026-01,J0161,R01,Closed - Unfilled,5,4,0,21,True,289,2026-10-05
2026-01-31,2026-01,J0162,R02,Closed - Unfilled,9,4,0,32,True,289,2026-10-05
2026-01-31,2026-01,J0163,R03,Closed - Unfilled,7,1,0,32,True,289,2026-10-05
2026-01-31,2026-01,J0164,R04,Filled,9,9,0,28,True,289,2026-10-05
2026-01-31,2026-01,J0165,R05,Closed - Unfilled,7,6,0,26,True,289,2026-10-05
2026-01-31,2026-01,J0166,R06,Filled,8,8,0,39,True,289,2026-10-05
2026-01-31,2026-01,J0167,R07,Filled,7,7,0,28,True,289,2026-10-05
2026-01-31,2026-01,J0168,R08,Closed - Unfilled,10,1,0,22,True,289,2026-10-05
2026-01-31,2026-01,J0169,R09,Filled,7,7,0,28,True,289,2026-10-05
2026-01-31,2026-01,J0170,R10,Closed - Unfilled,9,6,0,32,True,289,2026-10-05
2026-01-31,2026-01,J0171,R01,Filled,7,7,0,31,True,258,2026-10-05
2026-01-31,2026-01,J0172,R02,Filled,7,7,0,28,True,258,2026-10-05
2026-01-31,2026-01,J0173,R03,Filled,7,7,0,30,True,258,2026-10-05
2026-01-31,2026-01,J0174,R04,Closed - Unfilled,7,5,0,28,True,258,2026-10-05
2026-01-31,2026-01,J0175,R05,Filled,6,6,0,31,True,258,2026-10-05
2026-01-31,2026-01,J0176,R06,Closed - Unfilled,8,7,0,30,True,258,2026-10-05
2026-01-31,2026-01,J0177,R07,Closed - Unfilled,7,6,0,23,True,258,2026-10-05
2026-01-31,2026-01,J0178,R08,Closed - Unfilled,8,5,0,28,True,258,2026-10-05
2026-01-31,2026-01,J0179,R09,Closed - Unfilled,10,4,0,32,True,258,2026-10-05
2026-01-31,2026-01,J0180,R10,Filled,8,8,0,34,True,258,2026-10-05
2026-01-31,2026-01,J0181,R01,Closed - Unfilled,7,4,0,27,True,228,2026-10-05
2026-01-31,2026-01,J0182,R02,Closed - Unfilled,9,5,0,29,True,228,2026-10-05
2026-01-31,2026-01,J0183,R03,Filled,5,5,0,32,True,228,2026-10-05
2026-01-31,2026-01,J0184,R04,Closed - Unfilled,7,5,0,23,True,228,2026-10-05
2026-01-31,2026-01,J0185,R05,Filled,9,9,0,35,True,228,2026-10-05
2026-01-31,2026-01,J0186,R06,Closed - Unfilled,10,4,0,36,True,228,2026-10-05
2026-01-31,2026-01,J0187,R07,Closed - Unfilled,9,4,0,25,True,228,2026-10-05
2026-01-31,2026-01,J0188,R08,Closed - Unfilled,8,6,0,32,True,228,2026-10-05
2026-01-31,2026-01,J0189,R09,Filled,5,5,0,29,True,228,2026-10-05
2026-01-31,2026-01,J0190,R10,Closed - Unfilled,9,7,0,36,True,228,2026-10-05
2026-01-31,2026-01,J0191,R01,Filled,7,7,0,30,True,197,2026-10-05
2026-01-31,2026-01,J0192,R02,Closed - Unfilled,8,5,0,27,True,197,2026-10-05
2026-01-31,2026-01,J0193,R03,Closed - Unfilled,5,4,0,27,True,197,2026-10-05
2026-01-31,2026-01,J0194,R04,Filled,7,7,0,30,True,197,2026-10-05
2026-01-31,2026-01,J0195,R05,Closed - Unfilled,8,7,0,36,True,197,2026-10-05
2026-01-31,2026-01,J0196,R06,Closed - Unfilled,10,3,0,32,True,197,2026-10-05
2026-01-31,2026-01,J0197,R07,Filled,5,5,0,30,True,197,2026-10-05
2026-01-31,2026-01,J0198,R08,Filled,5,5,0,27,True,197,2026-10-05
2026-01-31,2026-01,J0199,R09,Closed - Unfilled,5,4,0,28,True,197,2026-10-05
2026-01-31,2026-01,J0200,R10,Closed - Unfilled,7,6,0,27,True,197,2026-10-05
2026-01-31,2026-01,J0201,R01,Closed - Unfilled,10,6,0,28,True,166,2026-10-05
2026-01-31,2026-01,J0202,R02,Closed - Unfilled,9,6,0,31,True,166,2026-10-05
2026-01-31,2026-01,J0203,R03,Closed - Unfilled,6,2,0,31,True,166,2026-10-05
2026-01-31,2026-01,J0204,R04,Closed - Unfilled,10,7,0,26,True,166,2026-10-05
2026-01-31,2026-01,J0205,R05,Closed - Unfilled,9,5,0,32,True,166,2026-10-05
2026-01-31,2026-01,J0206,R06,Closed - Unfilled,9,7,0,26,True,166,2026-10-05
2026-01-31,2026-01,J0207,R07,Closed - Unfilled,10,5,0,32,True,166,2026-10-05
2026-01-31,2026-01,J0208,R08,Filled,6,6,0,29,True,166,2026-10-05
2026-01-31,2026-01,J0209,R09,Filled,5,5,0,26,True,166,2026-10-05
2026-01-31,2026-01,J0210,R10,Filled,7,7,0,32,True,166,2026-10-05
2026-01-31,2026-01,J0211,R01,Closed - Unfilled,5,3,0,31,True,136,2026-10-05
2026-01-31,2026-01,J0212,R02,Closed - Unfilled,10,5,0,26,True,136,2026-10-05
2026-01-31,2026-01,J0213,R03,Filled,5,5,0,25,True,136,2026-10-05
2026-01-31,2026-01,J0214,R04,Closed - Unfilled,8,7,0,27,True,136,2026-10-05
2026-01-31,2026-01,J0215,R05,Filled,8,8,0,35,True,136,2026-10-05
2026-01-31,2026-01,J0216,R06,Filled,5,5,0,33,True,136,2026-10-05
2026-01-31,2026-01,J0217,R07,Filled,7,7,0,30,True,136,2026-10-05
2026-01-31,2026-01,J0218,R08,Closed - Unfilled,6,4,0,26,True,136,2026-10-05
2026-01-31,2026-01,J0219,R09,Closed - Unfilled,9,6,0,33,True,136,2026-10-05
2026-01-31,2026-01,J0220,R10,Closed - Unfilled,9,5,0,28,True,136,2026-10-05
2026-01-31,2026-01,J0221,R01,Open,10,2,8,23,True,105,2026-10-05
2026-01-31,2026-01,J0222,R02,Filled,7,7,0,31,True,105,2026-10-05
2026-01-31,2026-01,J0223,R03,Filled,5,5,0,23,True,105,2026-10-05
2026-01-31,2026-01,J0224,R04,Filled,6,6,0,17,True,105,2026-10-05
2026-01-31,2026-01,J0225,R05,Open,10,9,1,32,True,105,2026-10-05
2026-01-31,2026-01,J0226,R06,Open,10,6,4,26,True,105,2026-10-05
2026-01-31,2026-01,J0227,R07,Open,7,5,2,27,True,105,2026-10-05
2026-01-31,2026-01,J0228,R08,Open,10,9,1,45,True,105,2026-10-05
2026-01-31,2026-01,J0229,R09,Filled,7,7,0,43,True,105,2026-10-05
2026-01-31,2026-01,J0230,R10,Open,8,6,2,30,True,105,2026-10-05
2026-01-31,2026-01,J0231,R01,Filled,5,5,0,30,True,75,2026-10-05
2026-01-31,2026-01,J0232,R02,Filled,6,6,0,25,True,75,2026-10-05
2026-01-31,2026-01,J0233,R03,Filled,9,9,0,29,True,75,2026-10-05
2026-01-31,2026-01,J0234,R04,Open,8,6,2,28,True,75,2026-10-05
2026-01-31,2026-01,J0235,R05,Filled,5,5,0,32,True,75,2026-10-05
2026-01-31,2026-01,J0236,R06,Filled,9,9,0,42,True,75,2026-10-05
2026-01-31,2026-01,J0237,R07,Filled,7,7,0,27,True,75,2026-10-05
2026-01-31,2026-01,J0238,R08,Open,8,7,1,25,True,75,2026-10-05
2026-01-31,2026-01,J0239,R09,Open,10,7,3,33,True,75,2026-10-05
2026-01-31,2026-01,J0240,R10,Filled,8,8,0,29,True,75,2026-10-05
2026-01-31,2026-01,J0241,R01,Open,7,0,7,17,True,44,2026-10-05
2026-01-31,2026-01,J0242,R02,Open,5,1,4,15,True,44,2026-10-05
2026-01-31,2026-01,J0243,R03,Open,8,0,8,20,True,44,2026-10-05
2026-01-31,2026-01,J0244,R04,Open,9,2,7,24,True,44,2026-10-05
2026-01-31,2026-01,J0245,R05,Open,10,1,9,15,True,44,2026-10-05
2026-01-31,2026-01,J0246,R06,Open,10,1,9,21,True,44,2026-10-05
2026-01-31,2026-01,J0247,R07,Open,5,0,5,19,True,44,2026-10-05
2026-01-31,2026-01,J0248,R08,Open,10,2,8,21,True,44,2026-10-05
2026-01-31,2026-01,J0249,R09,Open,5,0,5,19,True,44,2026-10-05
2026-01-31,2026-01,J0250,R10,Open,10,3,7,23,True,44,2026-10-05
2026-01-31,2026-01,J0251,R01,Open,9,0,9,0,False,13,2026-10-05
2026-01-31,2026-01,J0252,R02,Open,9,0,9,0,False,13,2026-10-05
2026-01-31,2026-01,J0253,R03,Open,8,0,8,0,False,13,2026-10-05
2026-01-31,2026-01,J0254,R04,Open,10,0,10,0,False,13,2026-10-05
2026-01-31,2026-01,J0255,R05,Open,7,0,7,0,False,13,2026-10-05
2026-01-31,2026-01,J0256,R06,Open,7,0,7,0,False,13,2026-10-05
2026-01-31,2026-01,J0257,R07,Open,8,0,8,0,False,13,2026-10-05
2026-01-31,2026-01,J0258,R08,Open,9,0,9,0,False,13,2026-10-05
2026-01-31,2026-01,J0259,R09,Open,10,0,10,0,False,13,2026-10-05
2026-01-31,2026-01,J0260,R10,Open,8,0,8,0,False,13,2026-10-05
2026-02-28,2026-02,J0001,R01,Closed - Unfilled,7,4,0,27,True,789,2026-10-05
2026-02-28,2026-02,J0002,R02,Filled,5,5,0,24,True,789,2026-10-05
2026-02-28,2026-02,J0003,R03,Closed - Unfilled,10,5,0,30,True,789,2026-10-05
2026-02-28,2026-02,J0004,R04,Filled,8,8,0,35,True,789,2026-10-05
2026-02-28,2026-02,J0005,R05,Filled,8,8,0,32,True,789,2026-10-05
2026-02-28,2026-02,J0006,R06,Closed - Unfilled,9,3,0,23,True,789,2026-10-05
2026-02-28,2026-02,J0007,R07,Closed - Unfilled,10,4,0,25,True,789,2026-10-05
2026-02-28,2026-02,J0008,R08,Closed - Unfilled,8,7,0,24,True,789,2026-10-05
2026-02-28,2026-02,J0009,R09,Closed - Unfilled,10,6,0,24,True,789,2026-10-05
2026-02-28,2026-02,J0010,R10,Closed - Unfilled,10,4,0,27,True,789,2026-10-05
2026-02-28,2026-02,J0011,R01,Filled,9,9,0,31,True,772,2026-10-05
2026-02-28,2026-02,J0012,R02,Closed - Unfilled,9,8,0,34,True,772,2026-10-05
2026-02-28,2026-02,J0013,R03,Closed - Unfilled,10,4,0,25,True,772,2026-10-05
2026-02-28,2026-02,J0014,R04,Closed - Unfilled,10,3,0,30,True,772,2026-10-05
2026-02-28,2026-02,J0015,R05,Filled,7,7,0,34,True,772,2026-10-05
2026-02-28,2026-02,J0016,R06,Filled,9,9,0,35,True,772,2026-10-05
2026-02-28,2026-02,J0017,R07,Filled,8,8,0,23,True,772,2026-10-05
2026-02-28,2026-02,J0018,R08,Closed - Unfilled,9,7,0,35,True,772,2026-10-05
2026-02-28,2026-02,J0019,R09,Closed - Unfilled,10,4,0,29,True,772,2026-10-05
2026-02-28,2026-02,J0020,R10,Filled,7,7,0,25,True,772,2026-10-05
2026-02-28,2026-02,J0021,R01,Closed - Unfilled,5,1,0,20,True,743,2026-10-05
2026-02-28,2026-02,J0022,R02,Filled,6,6,0,31,True,743,2026-10-05
2026-02-28,2026-02,J0023,R03,Closed - Unfilled,8,5,0,28,True,743,2026-10-05
2026-02-28,2026-02,J0024,R04,Filled,6,6,0,29,True,743,2026-10-05
2026-02-28,2026-02,J0025,R05,Closed - Unfilled,8,7,0,28,True,743,2026-10-05
2026-02-28,2026-02,J0026,R06,Closed - Unfilled,9,6,0,37,True,743,2026-10-05
2026-02-28,2026-02,J0027,R07,Closed - Unfilled,10,8,0,26,True,743,2026-10-05
2026-02-28,2026-02,J0028,R08,Filled,7,7,0,27,True,743,2026-10-05
2026-02-28,2026-02,J0029,R09,Closed - Unfilled,9,4,0,24,True,743,2026-10-05
2026-02-28,2026-02,J0030,R10,Closed - Unfilled,8,3,0,23,True,743,2026-10-05
2026-02-28,2026-02,J0031,R01,Closed - Unfilled,9,5,0,30,True,712,2026-10-05
2026-02-28,2026-02,J0032,R02,Closed - Unfilled,10,6,0,37,True,712,2026-10-05
2026-02-28,2026-02,J0033,R03,Closed - Unfilled,5,4,0,30,True,712,2026-10-05
2026-02-28,2026-02,J0034,R04,Closed - Unfilled,10,8,0,27,True,712,2026-10-05
2026-02-28,2026-02,J0035,R05,Closed - Unfilled,8,5,0,30,True,712,2026-10-05
2026-02-28,2026-02,J0036,R06,Closed - Unfilled,10,9,0,41,True,712,2026-10-05
2026-02-28,2026-02,J0037,R07,Closed - Unfilled,8,6,0,24,True,712,2026-10-05
2026-02-28,2026-02,J0038,R08,Filled,7,7,0,32,True,712,2026-10-05
2026-02-28,2026-02,J0039,R09,Closed - Unfilled,7,5,0,26,True,712,2026-10-05
2026-02-28,2026-02,J0040,R10,Filled,6,6,0,28,True,712,2026-10-05
2026-02-28,2026-02,J0041,R01,Filled,5,5,0,34,True,682,2026-10-05
2026-02-28,2026-02,J0042,R02,Filled,5,5,0,33,True,682,2026-10-05
2026-02-28,2026-02,J0043,R03,Filled,7,7,0,32,True,682,2026-10-05
2026-02-28,2026-02,J0044,R04,Closed - Unfilled,7,6,0,33,True,682,2026-10-05
2026-02-28,2026-02,J0045,R05,Closed - Unfilled,9,4,0,31,True,682,2026-10-05
2026-02-28,2026-02,J0046,R06,Filled,7,7,0,35,True,682,2026-10-05
2026-02-28,2026-02,J0047,R07,Closed - Unfilled,8,7,0,26,True,682,2026-10-05
2026-02-28,2026-02,J0048,R08,Filled,9,9,0,37,True,682,2026-10-05
2026-02-28,2026-02,J0049,R09,Closed - Unfilled,6,4,0,21,True,682,2026-10-05
2026-02-28,2026-02,J0050,R10,Closed - Unfilled,10,3,0,34,True,682,2026-10-05
2026-02-28,2026-02,J0051,R01,Closed - Unfilled,10,6,0,26,True,651,2026-10-05
2026-02-28,2026-02,J0052,R02,Closed - Unfilled,9,4,0,24,True,651,2026-10-05
2026-02-28,2026-02,J0053,R03,Closed - Unfilled,10,9,0,36,True,651,2026-10-05
2026-02-28,2026-02,J0054,R04,Filled,6,6,0,28,True,651,2026-10-05
2026-02-28,2026-02,J0055,R05,Filled,5,5,0,33,True,651,2026-10-05
2026-02-28,2026-02,J0056,R06,Closed - Unfilled,8,5,0,27,True,651,2026-10-05
2026-02-28,2026-02,J0057,R07,Closed - Unfilled,6,3,0,19,True,651,2026-10-05
2026-02-28,2026-02,J0058,R08,Closed - Unfilled,10,2,0,30,True,651,2026-10-05
2026-02-28,2026-02,J0059,R09,Filled,6,6,0,29,True,651,2026-10-05
2026-02-28,2026-02,J0060,R10,Closed - Unfilled,8,6,0,33,True,651,2026-10-05
2026-02-28,2026-02,J0061,R01,Closed - Unfilled,7,3,0,27,True,621,2026-10-05
2026-02-28,2026-02,J0062,R02,Closed - Unfilled,9,5,0,23,True,621,2026-10-05
2026-02-28,2026-02,J0063,R03,Closed - Unfilled,10,8,0,33,True,621,2026-10-05
2026-02-28,2026-02,J0064,R04,Closed - Unfilled,9,5,0,29,True,621,2026-10-05
2026-02-28,2026-02,J0065,R05,Filled,9,9,0,31,True,621,2026-10-05
2026-02-28,2026-02,J0066,R06,Closed - Unfilled,5,4,0,35,True,621,2026-10-05
2026-02-28,2026-02,J0067,R07,Closed - Unfilled,7,3,0,26,True,621,2026-10-05
2026-02-28,2026-02,J0068,R08,Filled,5,5,0,26,True,621,2026-10-05
2026-02-28,2026-02,J0069,R09,Filled,8,8,0,27,True,621,2026-10-05
2026-02-28,2026-02,J0070,R10,Closed - Unfilled,10,5,0,33,True,621,2026-10-05
2026-02-28,2026-02,J0071,R01,Closed - Unfilled,10,1,0,30,True,590,2026-10-05
2026-02-28,2026-02,J0072,R02,Filled,6,6,0,34,True,590,2026-10-05
2026-02-28,2026-02,J0073,R03,Filled,7,7,0,28,True,590,2026-10-05
2026-02-28,2026-02,J0074,R04,Filled,7,7,0,34,True,590,2026-10-05
2026-02-28,2026-02,J0075,R05,Closed - Unfilled,10,7,0,38,True,590,2026-10-05
2026-02-28,2026-02,J0076,R06,Filled,6,6,0,32,True,590,2026-10-05
2026-02-28,2026-02,J0077,R07,Closed - Unfilled,10,9,0,29,True,590,2026-10-05
2026-02-28,2026-02,J0078,R08,Filled,5,5,0,27,True,590,2026-10-05
2026-02-28,2026-02,J0079,R09,Closed - Unfilled,10,7,0,27,True,590,2026-10-05
2026-02-28,2026-02,J0080,R10,Closed - Unfilled,8,4,0,29,True,590,2026-10-05
2026-02-28,2026-02,J0081,R01,Filled,5,5,0,30,True,559,2026-10-05
2026-02-28,2026-02,J0082,R02,Filled,7,7,0,34,True,559,2026-10-05
2026-02-28,2026-02,J0083,R03,Filled,5,5,0,27,True,559,2026-10-05
2026-02-28,2026-02,J0084,R04,Filled,6,6,0,32,True,559,2026-10-05
2026-02-28,2026-02,J0085,R05,Filled,7,7,0,30,True,559,2026-10-05
2026-02-28,2026-02,J0086,R06,Filled,5,5,0,32,True,559,2026-10-05
2026-02-28,2026-02,J0087,R07,Filled,7,7,0,24,True,559,2026-10-05
2026-02-28,2026-02,J0088,R08,Closed - Unfilled,8,4,0,31,True,559,2026-10-05
2026-02-28,2026-02,J0089,R09,Filled,6,6,0,31,True,559,2026-10-05
2026-02-28,2026-02,J0090,R10,Filled,8,8,0,36,True,559,2026-10-05
2026-02-28,2026-02,J0091,R01,Closed - Unfilled,10,4,0,22,True,529,2026-10-05
2026-02-28,2026-02,J0092,R02,Closed - Unfilled,9,2,0,21,True,529,2026-10-05
2026-02-28,2026-02,J0093,R03,Closed - Unfilled,10,6,0,31,True,529,2026-10-05
2026-02-28,2026-02,J0094,R04,Closed - Unfilled,7,6,0,28,True,529,2026-10-05
2026-02-28,2026-02,J0095,R05,Closed - Unfilled,9,4,0,31,True,529,2026-10-05
2026-02-28,2026-02,J0096,R06,Closed - Unfilled,7,4,0,37,True,529,2026-10-05
2026-02-28,2026-02,J0097,R07,Filled,6,6,0,39,True,529,2026-10-05
2026-02-28,2026-02,J0098,R08,Filled,6,6,0,23,True,529,2026-10-05
2026-02-28,2026-02,J0099,R09,Filled,6,6,0,30,True,529,2026-10-05
2026-02-28,2026-02,J0100,R10,Filled,9,9,0,32,True,529,2026-10-05
2026-02-28,2026-02,J0101,R01,Closed - Unfilled,7,3,0,30,True,498,2026-10-05
2026-02-28,2026-02,J0102,R02,Filled,5,5,0,33,True,498,2026-10-05
2026-02-28,2026-02,J0103,R03,Filled,8,8,0,32,True,498,2026-10-05
2026-02-28,2026-02,J0104,R04,Filled,8,8,0,28,True,498,2026-10-05
2026-02-28,2026-02,J0105,R05,Filled,5,5,0,36,True,498,2026-10-05
2026-02-28,2026-02,J0106,R06,Closed - Unfilled,6,3,0,32,True,498,2026-10-05
2026-02-28,2026-02,J0107,R07,Closed - Unfilled,10,8,0,28,True,498,2026-10-05
2026-02-28,2026-02,J0108,R08,Closed - Unfilled,8,2,0,24,True,498,2026-10-05
2026-02-28,2026-02,J0109,R09,Closed - Unfilled,9,3,0,22,True,498,2026-10-05
2026-02-28,2026-02,J0110,R10,Filled,5,5,0,27,True,498,2026-10-05
2026-02-28,2026-02,J0111,R01,Closed - Unfilled,8,7,0,32,True,468,2026-10-05
2026-02-28,2026-02,J0112,R02,Filled,6,6,0,27,True,468,2026-10-05
2026-02-28,2026-02,J0113,R03,Filled,8,8,0,29,True,468,2026-10-05
2026-02-28,2026-02,J0114,R04,Filled,5,5,0,35,True,468,2026-10-05
2026-02-28,2026-02,J0115,R05,Closed - Unfilled,10,7,0,32,True,468,2026-10-05
2026-02-28,2026-02,J0116,R06,Filled,5,5,0,32,True,468,2026-10-05
2026-02-28,2026-02,J0117,R07,Filled,8,8,0,30,True,468,2026-10-05
2026-02-28,2026-02,J0118,R08,Closed - Unfilled,8,7,0,22,True,468,2026-10-05
2026-02-28,2026-02,J0119,R09,Closed - Unfilled,8,4,0,28,True,468,2026-10-05
2026-02-28,2026-02,J0120,R10,Filled,9,9,0,31,True,468,2026-10-05
2026-02-28,2026-02,J0121,R01,Closed - Unfilled,9,5,0,23,True,437,2026-10-05
2026-02-28,2026-02,J0122,R02,Closed - Unfilled,10,5,0,30,True,437,2026-10-05
2026-02-28,2026-02,J0123,R03,Closed - Unfilled,7,6,0,27,True,437,2026-10-05
2026-02-28,2026-02,J0124,R04,Closed - Unfilled,8,7,0,31,True,437,2026-10-05
2026-02-28,2026-02,J0125,R05,Filled,5,5,0,32,True,437,2026-10-05
2026-02-28,2026-02,J0126,R06,Filled,8,8,0,33,True,437,2026-10-05
2026-02-28,2026-02,J0127,R07,Closed - Unfilled,9,7,0,25,True,437,2026-10-05
2026-02-28,2026-02,J0128,R08,Filled,10,10,0,27,True,437,2026-10-05
2026-02-28,2026-02,J0129,R09,Closed - Unfilled,9,5,0,26,True,437,2026-10-05
2026-02-28,2026-02,J0130,R10,Closed - Unfilled,7,5,0,26,True,437,2026-10-05
2026-02-28,2026-02,J0131,R01,Closed - Unfilled,6,5,0,34,True,406,2026-10-05
2026-02-28,2026-02,J0132,R02,Closed - Unfilled,9,4,0,22,True,406,2026-10-05
2026-02-28,2026-02,J0133,R03,Filled,6,6,0,35,True,406,2026-10-05
2026-02-28,2026-02,J0134,R04,Filled,8,8,0,39,True,406,2026-10-05
2026-02-28,2026-02,J0135,R05,Closed - Unfilled,10,7,0,36,True,406,2026-10-05
2026-02-28,2026-02,J0136,R06,Filled,8,8,0,30,True,406,2026-10-05
2026-02-28,2026-02,J0137,R07,Closed - Unfilled,10,9,0,27,True,406,2026-10-05
2026-02-28,2026-02,J0138,R08,Filled,5,5,0,28,True,406,2026-10-05
2026-02-28,2026-02,J0139,R09,Filled,6,6,0,31,True,406,2026-10-05
2026-02-28,2026-02,J0140,R10,Closed - Unfilled,9,3,0,21,True,406,2026-10-05
2026-02-28,2026-02,J0141,R01,Filled,5,5,0,25,True,378,2026-10-05
2026-02-28,2026-02,J0142,R02,Closed - Unfilled,8,7,0,28,True,378,2026-10-05
2026-02-28,2026-02,J0143,R03,Closed - Unfilled,9,8,0,34,True,378,2026-10-05
2026-02-28,2026-02,J0144,R04,Closed - Unfilled,8,4,0,31,True,378,2026-10-05
2026-02-28,2026-02,J0145,R05,Closed - Unfilled,9,5,0,26,True,378,2026-10-05
2026-02-28,2026-02,J0146,R06,Filled,5,5,0,33,True,378,2026-10-05
2026-02-28,2026-02,J0147,R07,Closed - Unfilled,6,3,0,19,True,378,2026-10-05
2026-02-28,2026-02,J0148,R08,Closed - Unfilled,7,3,0,27,True,378,2026-10-05
2026-02-28,2026-02,J0149,R09,Filled,7,7,0,29,True,378,2026-10-05
2026-02-28,2026-02,J0150,R10,Closed - Unfilled,8,5,0,30,True,378,2026-10-05
2026-02-28,2026-02,J0151,R01,Closed - Unfilled,6,3,0,28,True,347,2026-10-05
2026-02-28,2026-02,J0152,R02,Filled,8,8,0,31,True,347,2026-10-05
2026-02-28,2026-02,J0153,R03,Closed - Unfilled,10,8,0,27,True,347,2026-10-05
2026-02-28,2026-02,J0154,R04,Closed - Unfilled,6,5,0,31,True,347,2026-10-05
2026-02-28,2026-02,J0155,R05,Closed - Unfilled,9,6,0,23,True,347,2026-10-05
2026-02-28,2026-02,J0156,R06,Filled,6,6,0,38,True,347,2026-10-05
2026-02-28,2026-02,J0157,R07,Filled,5,5,0,26,True,347,2026-10-05
2026-02-28,2026-02,J0158,R08,Closed - Unfilled,7,4,0,22,True,347,2026-10-05
2026-02-28,2026-02,J0159,R09,Closed - Unfilled,6,4,0,21,True,347,2026-10-05
2026-02-28,2026-02,J0160,R10,Closed - Unfilled,8,4,0,30,True,347,2026-10-05
2026-02-28,2026-02,J0161,R01,Closed - Unfilled,5,4,0,21,True,317,2026-10-05
2026-02-28,2026-02,J0162,R02,Closed - Unfilled,9,4,0,32,True,317,2026-10-05
2026-02-28,2026-02,J0163,R03,Closed - Unfilled,7,1,0,32,True,317,2026-10-05
2026-02-28,2026-02,J0164,R04,Filled,9,9,0,28,True,317,2026-10-05
2026-02-28,2026-02,J0165,R05,Closed - Unfilled,7,6,0,26,True,317,2026-10-05
2026-02-28,2026-02,J0166,R06,Filled,8,8,0,39,True,317,2026-10-05
2026-02-28,2026-02,J0167,R07,Filled,7,7,0,28,True,317,2026-10-05
2026-02-28,2026-02,J0168,R08,Closed - Unfilled,10,1,0,22,True,317,2026-10-05
2026-02-28,2026-02,J0169,R09,Filled,7,7,0,28,True,317,2026-10-05
2026-02-28,2026-02,J0170,R10,Closed - Unfilled,9,6,0,32,True,317,2026-10-05
2026-02-28,2026-02,J0171,R01,Filled,7,7,0,31,True,286,2026-10-05
2026-02-28,2026-02,J0172,R02,Filled,7,7,0,28,True,286,2026-10-05
2026-02-28,2026-02,J0173,R03,Filled,7,7,0,30,True,286,2026-10-05
2026-02-28,2026-02,J0174,R04,Closed - Unfilled,7,5,0,28,True,286,2026-10-05
2026-02-28,2026-02,J0175,R05,Filled,6,6,0,31,True,286,2026-10-05
2026-02-28,2026-02,J0176,R06,Closed - Unfilled,8,7,0,30,True,286,2026-10-05
2026-02-28,2026-02,J0177,R07,Closed - Unfilled,7,6,0,23,True,286,2026-10-05
2026-02-28,2026-02,J0178,R08,Closed - Unfilled,8,5,0,28,True,286,2026-10-05
2026-02-28,2026-02,J0179,R09,Closed - Unfilled,10,4,0,32,True,286,2026-10-05
2026-02-28,2026-02,J0180,R10,Filled,8,8,0,34,True,286,2026-10-05
2026-02-28,2026-02,J0181,R01,Closed - Unfilled,7,4,0,27,True,256,2026-10-05
2026-02-28,2026-02,J0182,R02,Closed - Unfilled,9,5,0,29,True,256,2026-10-05
2026-02-28,2026-02,J0183,R03,Filled,5,5,0,32,True,256,2026-10-05
2026-02-28,2026-02,J0184,R04,Closed - Unfilled,7,5,0,23,True,256,2026-10-05
2026-02-28,2026-02,J0185,R05,Filled,9,9,0,35,True,256,2026-10-05
2026-02-28,2026-02,J0186,R06,Closed - Unfilled,10,4,0,36,True,256,2026-10-05
2026-02-28,2026-02,J0187,R07,Closed - Unfilled,9,4,0,25,True,256,2026-10-05
2026-02-28,2026-02,J0188,R08,Closed - Unfilled,8,6,0,32,True,256,2026-10-05
2026-02-28,2026-02,J0189,R09,Filled,5,5,0,29,True,256,2026-10-05
2026-02-28,2026-02,J0190,R10,Closed - Unfilled,9,7,0,36,True,256,2026-10-05
2026-02-28,2026-02,J0191,R01,Filled,7,7,0,30,True,225,2026-10-05
2026-02-28,2026-02,J0192,R02,Closed - Unfilled,8,5,0,27,True,225,2026-10-05
2026-02-28,2026-02,J0193,R03,Closed - Unfilled,5,4,0,27,True,225,2026-10-05
2026-02-28,2026-02,J0194,R04,Filled,7,7,0,30,True,225,2026-10-05
2026-02-28,2026-02,J0195,R05,Closed - Unfilled,8,7,0,36,True,225,2026-10-05
2026-02-28,2026-02,J0196,R06,Closed - Unfilled,10,3,0,32,True,225,2026-10-05
2026-02-28,2026-02,J0197,R07,Filled,5,5,0,30,True,225,2026-10-05
2026-02-28,2026-02,J0198,R08,Filled,5,5,0,27,True,225,2026-10-05
2026-02-28,2026-02,J0199,R09,Closed - Unfilled,5,4,0,28,True,225,2026-10-05
2026-02-28,2026-02,J0200,R10,Closed - Unfilled,7,6,0,27,True,225,2026-10-05
2026-02-28,2026-02,J0201,R01,Closed - Unfilled,10,6,0,28,True,194,2026-10-05
2026-02-28,2026-02,J0202,R02,Closed - Unfilled,9,6,0,31,True,194,2026-10-05
2026-02-28,2026-02,J0203,R03,Closed - Unfilled,6,2,0,31,True,194,2026-10-05
2026-02-28,2026-02,J0204,R04,Closed - Unfilled,10,7,0,26,True,194,2026-10-05
2026-02-28,2026-02,J0205,R05,Closed - Unfilled,9,5,0,32,True,194,2026-10-05
2026-02-28,2026-02,J0206,R06,Closed - Unfilled,9,7,0,26,True,194,2026-10-05
2026-02-28,2026-02,J0207,R07,Closed - Unfilled,10,5,0,32,True,194,2026-10-05
2026-02-28,2026-02,J0208,R08,Filled,6,6,0,29,True,194,2026-10-05
2026-02-28,2026-02,J0209,R09,Filled,5,5,0,26,True,194,2026-10-05
2026-02-28,2026-02,J0210,R10,Filled,7,7,0,32,True,194,2026-10-05
2026-02-28,2026-02,J0211,R01,Closed - Unfilled,5,3,0,31,True,164,2026-10-05
2026-02-28,2026-02,J0212,R02,Closed - Unfilled,10,5,0,26,True,164,2026-10-05
2026-02-28,2026-02,J0213,R03,Filled,5,5,0,25,True,164,2026-10-05
2026-02-28,2026-02,J0214,R04,Closed - Unfilled,8,7,0,27,True,164,2026-10-05
2026-02-28,2026-02,J0215,R05,Filled,8,8,0,35,True,164,2026-10-05
2026-02-28,2026-02,J0216,R06,Filled,5,5,0,33,True,164,2026-10-05
2026-02-28,2026-02,J0217,R07,Filled,7,7,0,30,True,164,2026-10-05
2026-02-28,2026-02,J0218,R08,Closed - Unfilled,6,4,0,26,True,164,2026-10-05
2026-02-28,2026-02,J0219,R09,Closed - Unfilled,9,6,0,33,True,164,2026-10-05
2026-02-28,2026-02,J0220,R10,Closed - Unfilled,9,5,0,28,True,164,2026-10-05
2026-02-28,2026-02,J0221,R01,Closed - Unfilled,10,2,0,23,True,133,2026-10-05
2026-02-28,2026-02,J0222,R02,Filled,7,7,0,31,True,133,2026-10-05
2026-02-28,2026-02,J0223,R03,Filled,5,5,0,23,True,133,2026-10-05
2026-02-28,2026-02,J0224,R04,Filled,6,6,0,17,True,133,2026-10-05
2026-02-28,2026-02,J0225,R05,Closed - Unfilled,10,9,0,32,True,133,2026-10-05
2026-02-28,2026-02,J0226,R06,Closed - Unfilled,10,6,0,26,True,133,2026-10-05
2026-02-28,2026-02,J0227,R07,Closed - Unfilled,7,5,0,27,True,133,2026-10-05
2026-02-28,2026-02,J0228,R08,Closed - Unfilled,10,9,0,45,True,133,2026-10-05
2026-02-28,2026-02,J0229,R09,Filled,7,7,0,43,True,133,2026-10-05
2026-02-28,2026-02,J0230,R10,Closed - Unfilled,8,6,0,30,True,133,2026-10-05
2026-02-28,2026-02,J0231,R01,Filled,5,5,0,30,True,103,2026-10-05
2026-02-28,2026-02,J0232,R02,Filled,6,6,0,25,True,103,2026-10-05
2026-02-28,2026-02,J0233,R03,Filled,9,9,0,29,True,103,2026-10-05
2026-02-28,2026-02,J0234,R04,Open,8,7,1,28,True,103,2026-10-05
2026-02-28,2026-02,J0235,R05,Filled,5,5,0,32,True,103,2026-10-05
2026-02-28,2026-02,J0236,R06,Filled,9,9,0,42,True,103,2026-10-05
2026-02-28,2026-02,J0237,R07,Filled,7,7,0,27,True,103,2026-10-05
2026-02-28,2026-02,J0238,R08,Filled,8,8,0,25,True,103,2026-10-05
2026-02-28,2026-02,J0239,R09,Open,10,7,3,33,True,103,2026-10-05
2026-02-28,2026-02,J0240,R10,Filled,8,8,0,29,True,103,2026-10-05
2026-02-28,2026-02,J0241,R01,Open,7,6,1,24,True,72,2026-10-05
2026-02-28,2026-02,J0242,R02,Open,5,3,2,24,True,72,2026-10-05
2026-02-28,2026-02,J0243,R03,Open,8,5,3,30,True,72,2026-10-05
2026-02-28,2026-02,J0244,R04,Open,9,7,2,37,True,72,2026-10-05
2026-02-28,2026-02,J0245,R05,Open,10,7,3,27,True,72,2026-10-05
2026-02-28,2026-02,J0246,R06,Open,10,7,3,32,True,72,2026-10-05
2026-02-28,2026-02,J0247,R07,Filled,5,5,0,27,True,72,2026-10-05
2026-02-28,2026-02,J0248,R08,Open,10,6,4,31,True,72,2026-10-05
2026-02-28,2026-02,J0249,R09,Open,5,4,1,31,True,72,2026-10-05
2026-02-28,2026-02,J0250,R10,Open,10,9,1,32,True,72,2026-10-05
2026-02-28,2026-02,J0251,R01,Open,9,0,9,17,True,41,2026-10-05
2026-02-28,2026-02,J0252,R02,Open,9,3,6,18,True,41,2026-10-05
2026-02-28,2026-02,J0253,R03,Open,8,1,7,15,True,41,2026-10-05
2026-02-28,2026-02,J0254,R04,Open,10,1,9,19,True,41,2026-10-05
2026-02-28,2026-02,J0255,R05,Open,7,0,7,22,True,41,2026-10-05
2026-02-28,2026-02,J0256,R06,Open,7,1,6,16,True,41,2026-10-05
2026-02-28,2026-02,J0257,R07,Open,8,0,8,11,True,41,2026-10-05
2026-02-28,2026-02,J0258,R08,Open,9,0,9,20,True,41,2026-10-05
2026-02-28,2026-02,J0259,R09,Open,10,1,9,15,True,41,2026-10-05
2026-02-28,2026-02,J0260,R10,Open,8,0,8,17,True,41,2026-10-05
2026-02-28,2026-02,J0261,R01,Open,9,0,9,0,False,13,2026-10-05
2026-02-28,2026-02,J0262,R02,Open,8,0,8,0,False,13,2026-10-05
2026-02-28,2026-02,J0263,R03,Open,8,0,8,0,False,13,2026-10-05
2026-02-28,2026-02,J0264,R04,Open,6,0,6,0,False,13,2026-10-05
2026-02-28,2026-02,J0265,R05,Open,5,0,5,0,False,13,2026-10-05
2026-02-28,2026-02,J0266,R06,Open,7,0,7,0,False,13,2026-10-05
2026-02-28,2026-02,J0267,R07,Open,10,0,10,0,False,13,2026-10-05
2026-02-28,2026-02,J0268,R08,Open,6,0,6,0,False,13,2026-10-05
2026-02-28,2026-02,J0269,R09,Open,10,0,10,0,False,13,2026-10-05
2026-02-28,2026-02,J0270,R10,Open,10,0,10,0,False,13,2026-10-05
2026-03-31,2026-03,J0001,R01,Closed - Unfilled,7,4,0,27,True,820,2026-10-05
2026-03-31,2026-03,J0002,R02,Filled,5,5,0,24,True,820,2026-10-05
2026-03-31,2026-03,J0003,R03,Closed - Unfilled,10,5,0,30,True,820,2026-10-05
2026-03-31,2026-03,J0004,R04,Filled,8,8,0,35,True,820,2026-10-05
2026-03-31,2026-03,J0005,R05,Filled,8,8,0,32,True,820,2026-10-05
2026-03-31,2026-03,J0006,R06,Closed - Unfilled,9,3,0,23,True,820,2026-10-05
2026-03-31,2026-03,J0007,R07,Closed - Unfilled,10,4,0,25,True,820,2026-10-05
2026-03-31,2026-03,J0008,R08,Closed - Unfilled,8,7,0,24,True,820,2026-10-05
2026-03-31,2026-03,J0009,R09,Closed - Unfilled,10,6,0,24,True,820,2026-10-05
2026-03-31,2026-03,J0010,R10,Closed - Unfilled,10,4,0,27,True,820,2026-10-05
2026-03-31,2026-03,J0011,R01,Filled,9,9,0,31,True,803,2026-10-05
2026-03-31,2026-03,J0012,R02,Closed - Unfilled,9,8,0,34,True,803,2026-10-05
2026-03-31,2026-03,J0013,R03,Closed - Unfilled,10,4,0,25,True,803,2026-10-05
2026-03-31,2026-03,J0014,R04,Closed - Unfilled,10,3,0,30,True,803,2026-10-05
2026-03-31,2026-03,J0015,R05,Filled,7,7,0,34,True,803,2026-10-05
2026-03-31,2026-03,J0016,R06,Filled,9,9,0,35,True,803,2026-10-05
2026-03-31,2026-03,J0017,R07,Filled,8,8,0,23,True,803,2026-10-05
2026-03-31,2026-03,J0018,R08,Closed - Unfilled,9,7,0,35,True,803,2026-10-05
2026-03-31,2026-03,J0019,R09,Closed - Unfilled,10,4,0,29,True,803,2026-10-05
2026-03-31,2026-03,J0020,R10,Filled,7,7,0,25,True,803,2026-10-05
2026-03-31,2026-03,J0021,R01,Closed - Unfilled,5,1,0,20,True,774,2026-10-05
2026-03-31,2026-03,J0022,R02,Filled,6,6,0,31,True,774,2026-10-05
2026-03-31,2026-03,J0023,R03,Closed - Unfilled,8,5,0,28,True,774,2026-10-05
2026-03-31,2026-03,J0024,R04,Filled,6,6,0,29,True,774,2026-10-05
2026-03-31,2026-03,J0025,R05,Closed - Unfilled,8,7,0,28,True,774,2026-10-05
2026-03-31,2026-03,J0026,R06,Closed - Unfilled,9,6,0,37,True,774,2026-10-05
2026-03-31,2026-03,J0027,R07,Closed - Unfilled,10,8,0,26,True,774,2026-10-05
2026-03-31,2026-03,J0028,R08,Filled,7,7,0,27,True,774,2026-10-05
2026-03-31,2026-03,J0029,R09,Closed - Unfilled,9,4,0,24,True,774,2026-10-05
2026-03-31,2026-03,J0030,R10,Closed - Unfilled,8,3,0,23,True,774,2026-10-05
2026-03-31,2026-03,J0031,R01,Closed - Unfilled,9,5,0,30,True,743,2026-10-05
2026-03-31,2026-03,J0032,R02,Closed - Unfilled,10,6,0,37,True,743,2026-10-05
2026-03-31,2026-03,J0033,R03,Closed - Unfilled,5,4,0,30,True,743,2026-10-05
2026-03-31,2026-03,J0034,R04,Closed - Unfilled,10,8,0,27,True,743,2026-10-05
2026-03-31,2026-03,J0035,R05,Closed - Unfilled,8,5,0,30,True,743,2026-10-05
2026-03-31,2026-03,J0036,R06,Closed - Unfilled,10,9,0,41,True,743,2026-10-05
2026-03-31,2026-03,J0037,R07,Closed - Unfilled,8,6,0,24,True,743,2026-10-05
2026-03-31,2026-03,J0038,R08,Filled,7,7,0,32,True,743,2026-10-05
2026-03-31,2026-03,J0039,R09,Closed - Unfilled,7,5,0,26,True,743,2026-10-05
2026-03-31,2026-03,J0040,R10,Filled,6,6,0,28,True,743,2026-10-05
2026-03-31,2026-03,J0041,R01,Filled,5,5,0,34,True,713,2026-10-05
2026-03-31,2026-03,J0042,R02,Filled,5,5,0,33,True,713,2026-10-05
2026-03-31,2026-03,J0043,R03,Filled,7,7,0,32,True,713,2026-10-05
2026-03-31,2026-03,J0044,R04,Closed - Unfilled,7,6,0,33,True,713,2026-10-05
2026-03-31,2026-03,J0045,R05,Closed - Unfilled,9,4,0,31,True,713,2026-10-05
2026-03-31,2026-03,J0046,R06,Filled,7,7,0,35,True,713,2026-10-05
2026-03-31,2026-03,J0047,R07,Closed - Unfilled,8,7,0,26,True,713,2026-10-05
2026-03-31,2026-03,J0048,R08,Filled,9,9,0,37,True,713,2026-10-05
2026-03-31,2026-03,J0049,R09,Closed - Unfilled,6,4,0,21,True,713,2026-10-05
2026-03-31,2026-03,J0050,R10,Closed - Unfilled,10,3,0,34,True,713,2026-10-05
2026-03-31,2026-03,J0051,R01,Closed - Unfilled,10,6,0,26,True,682,2026-10-05
2026-03-31,2026-03,J0052,R02,Closed - Unfilled,9,4,0,24,True,682,2026-10-05
2026-03-31,2026-03,J0053,R03,Closed - Unfilled,10,9,0,36,True,682,2026-10-05
2026-03-31,2026-03,J0054,R04,Filled,6,6,0,28,True,682,2026-10-05
2026-03-31,2026-03,J0055,R05,Filled,5,5,0,33,True,682,2026-10-05
2026-03-31,2026-03,J0056,R06,Closed - Unfilled,8,5,0,27,True,682,2026-10-05
2026-03-31,2026-03,J0057,R07,Closed - Unfilled,6,3,0,19,True,682,2026-10-05
2026-03-31,2026-03,J0058,R08,Closed - Unfilled,10,2,0,30,True,682,2026-10-05
2026-03-31,2026-03,J0059,R09,Filled,6,6,0,29,True,682,2026-10-05
2026-03-31,2026-03,J0060,R10,Closed - Unfilled,8,6,0,33,True,682,2026-10-05
2026-03-31,2026-03,J0061,R01,Closed - Unfilled,7,3,0,27,True,652,2026-10-05
2026-03-31,2026-03,J0062,R02,Closed - Unfilled,9,5,0,23,True,652,2026-10-05
2026-03-31,2026-03,J0063,R03,Closed - Unfilled,10,8,0,33,True,652,2026-10-05
2026-03-31,2026-03,J0064,R04,Closed - Unfilled,9,5,0,29,True,652,2026-10-05
2026-03-31,2026-03,J0065,R05,Filled,9,9,0,31,True,652,2026-10-05
2026-03-31,2026-03,J0066,R06,Closed - Unfilled,5,4,0,35,True,652,2026-10-05
2026-03-31,2026-03,J0067,R07,Closed - Unfilled,7,3,0,26,True,652,2026-10-05
2026-03-31,2026-03,J0068,R08,Filled,5,5,0,26,True,652,2026-10-05
2026-03-31,2026-03,J0069,R09,Filled,8,8,0,27,True,652,2026-10-05
2026-03-31,2026-03,J0070,R10,Closed - Unfilled,10,5,0,33,True,652,2026-10-05
2026-03-31,2026-03,J0071,R01,Closed - Unfilled,10,1,0,30,True,621,2026-10-05
2026-03-31,2026-03,J0072,R02,Filled,6,6,0,34,True,621,2026-10-05
2026-03-31,2026-03,J0073,R03,Filled,7,7,0,28,True,621,2026-10-05
2026-03-31,2026-03,J0074,R04,Filled,7,7,0,34,True,621,2026-10-05
2026-03-31,2026-03,J0075,R05,Closed - Unfilled,10,7,0,38,True,621,2026-10-05
2026-03-31,2026-03,J0076,R06,Filled,6,6,0,32,True,621,2026-10-05
2026-03-31,2026-03,J0077,R07,Closed - Unfilled,10,9,0,29,True,621,2026-10-05
2026-03-31,2026-03,J0078,R08,Filled,5,5,0,27,True,621,2026-10-05
2026-03-31,2026-03,J0079,R09,Closed - Unfilled,10,7,0,27,True,621,2026-10-05
2026-03-31,2026-03,J0080,R10,Closed - Unfilled,8,4,0,29,True,621,2026-10-05
2026-03-31,2026-03,J0081,R01,Filled,5,5,0,30,True,590,2026-10-05
2026-03-31,2026-03,J0082,R02,Filled,7,7,0,34,True,590,2026-10-05
2026-03-31,2026-03,J0083,R03,Filled,5,5,0,27,True,590,2026-10-05
2026-03-31,2026-03,J0084,R04,Filled,6,6,0,32,True,590,2026-10-05
2026-03-31,2026-03,J0085,R05,Filled,7,7,0,30,True,590,2026-10-05
2026-03-31,2026-03,J0086,R06,Filled,5,5,0,32,True,590,2026-10-05
2026-03-31,2026-03,J0087,R07,Filled,7,7,0,24,True,590,2026-10-05
2026-03-31,2026-03,J0088,R08,Closed - Unfilled,8,4,0,31,True,590,2026-10-05
2026-03-31,2026-03,J0089,R09,Filled,6,6,0,31,True,590,2026-10-05
2026-03-31,2026-03,J0090,R10,Filled,8,8,0,36,True,590,2026-10-05
2026-03-31,2026-03,J0091,R01,Closed - Unfilled,10,4,0,22,True,560,2026-10-05
2026-03-31,2026-03,J0092,R02,Closed - Unfilled,9,2,0,21,True,560,2026-10-05
2026-03-31,2026-03,J0093,R03,Closed - Unfilled,10,6,0,31,True,560,2026-10-05
2026-03-31,2026-03,J0094,R04,Closed - Unfilled,7,6,0,28,True,560,2026-10-05
2026-03-31,2026-03,J0095,R05,Closed - Unfilled,9,4,0,31,True,560,2026-10-05
2026-03-31,2026-03,J0096,R06,Closed - Unfilled,7,4,0,37,True,560,2026-10-05
2026-03-31,2026-03,J0097,R07,Filled,6,6,0,39,True,560,2026-10-05
2026-03-31,2026-03,J0098,R08,Filled,6,6,0,23,True,560,2026-10-05
2026-03-31,2026-03,J0099,R09,Filled,6,6,0,30,True,560,2026-10-05
2026-03-31,2026-03,J0100,R10,Filled,9,9,0,32,True,560,2026-10-05
2026-03-31,2026-03,J0101,R01,Closed - Unfilled,7,3,0,30,True,529,2026-10-05
2026-03-31,2026-03,J0102,R02,Filled,5,5,0,33,True,529,2026-10-05
2026-03-31,2026-03,J0103,R03,Filled,8,8,0,32,True,529,2026-10-05
2026-03-31,2026-03,J0104,R04,Filled,8,8,0,28,True,529,2026-10-05
2026-03-31,2026-03,J0105,R05,Filled,5,5,0,36,True,529,2026-10-05
2026-03-31,2026-03,J0106,R06,Closed - Unfilled,6,3,0,32,True,529,2026-10-05
2026-03-31,2026-03,J0107,R07,Closed - Unfilled,10,8,0,28,True,529,2026-10-05
2026-03-31,2026-03,J0108,R08,Closed - Unfilled,8,2,0,24,True,529,2026-10-05
2026-03-31,2026-03,J0109,R09,Closed - Unfilled,9,3,0,22,True,529,2026-10-05
2026-03-31,2026-03,J0110,R10,Filled,5,5,0,27,True,529,2026-10-05
2026-03-31,2026-03,J0111,R01,Closed - Unfilled,8,7,0,32,True,499,2026-10-05
2026-03-31,2026-03,J0112,R02,Filled,6,6,0,27,True,499,2026-10-05
2026-03-31,2026-03,J0113,R03,Filled,8,8,0,29,True,499,2026-10-05
2026-03-31,2026-03,J0114,R04,Filled,5,5,0,35,True,499,2026-10-05
2026-03-31,2026-03,J0115,R05,Closed - Unfilled,10,7,0,32,True,499,2026-10-05
2026-03-31,2026-03,J0116,R06,Filled,5,5,0,32,True,499,2026-10-05
2026-03-31,2026-03,J0117,R07,Filled,8,8,0,30,True,499,2026-10-05
2026-03-31,2026-03,J0118,R08,Closed - Unfilled,8,7,0,22,True,499,2026-10-05
2026-03-31,2026-03,J0119,R09,Closed - Unfilled,8,4,0,28,True,499,2026-10-05
2026-03-31,2026-03,J0120,R10,Filled,9,9,0,31,True,499,2026-10-05
2026-03-31,2026-03,J0121,R01,Closed - Unfilled,9,5,0,23,True,468,2026-10-05
2026-03-31,2026-03,J0122,R02,Closed - Unfilled,10,5,0,30,True,468,2026-10-05
2026-03-31,2026-03,J0123,R03,Closed - Unfilled,7,6,0,27,True,468,2026-10-05
2026-03-31,2026-03,J0124,R04,Closed - Unfilled,8,7,0,31,True,468,2026-10-05
2026-03-31,2026-03,J0125,R05,Filled,5,5,0,32,True,468,2026-10-05
2026-03-31,2026-03,J0126,R06,Filled,8,8,0,33,True,468,2026-10-05
2026-03-31,2026-03,J0127,R07,Closed - Unfilled,9,7,0,25,True,468,2026-10-05
2026-03-31,2026-03,J0128,R08,Filled,10,10,0,27,True,468,2026-10-05
2026-03-31,2026-03,J0129,R09,Closed - Unfilled,9,5,0,26,True,468,2026-10-05
2026-03-31,2026-03,J0130,R10,Closed - Unfilled,7,5,0,26,True,468,2026-10-05
2026-03-31,2026-03,J0131,R01,Closed - Unfilled,6,5,0,34,True,437,2026-10-05
2026-03-31,2026-03,J0132,R02,Closed - Unfilled,9,4,0,22,True,437,2026-10-05
2026-03-31,2026-03,J0133,R03,Filled,6,6,0,35,True,437,2026-10-05
2026-03-31,2026-03,J0134,R04,Filled,8,8,0,39,True,437,2026-10-05
2026-03-31,2026-03,J0135,R05,Closed - Unfilled,10,7,0,36,True,437,2026-10-05
2026-03-31,2026-03,J0136,R06,Filled,8,8,0,30,True,437,2026-10-05
2026-03-31,2026-03,J0137,R07,Closed - Unfilled,10,9,0,27,True,437,2026-10-05
2026-03-31,2026-03,J0138,R08,Filled,5,5,0,28,True,437,2026-10-05
2026-03-31,2026-03,J0139,R09,Filled,6,6,0,31,True,437,2026-10-05
2026-03-31,2026-03,J0140,R10,Closed - Unfilled,9,3,0,21,True,437,2026-10-05
2026-03-31,2026-03,J0141,R01,Filled,5,5,0,25,True,409,2026-10-05
2026-03-31,2026-03,J0142,R02,Closed - Unfilled,8,7,0,28,True,409,2026-10-05
2026-03-31,2026-03,J0143,R03,Closed - Unfilled,9,8,0,34,True,409,2026-10-05
2026-03-31,2026-03,J0144,R04,Closed - Unfilled,8,4,0,31,True,409,2026-10-05
2026-03-31,2026-03,J0145,R05,Closed - Unfilled,9,5,0,26,True,409,2026-10-05
2026-03-31,2026-03,J0146,R06,Filled,5,5,0,33,True,409,2026-10-05
2026-03-31,2026-03,J0147,R07,Closed - Unfilled,6,3,0,19,True,409,2026-10-05
2026-03-31,2026-03,J0148,R08,Closed - Unfilled,7,3,0,27,True,409,2026-10-05
2026-03-31,2026-03,J0149,R09,Filled,7,7,0,29,True,409,2026-10-05
2026-03-31,2026-03,J0150,R10,Closed - Unfilled,8,5,0,30,True,409,2026-10-05
2026-03-31,2026-03,J0151,R01,Closed - Unfilled,6,3,0,28,True,378,2026-10-05
2026-03-31,2026-03,J0152,R02,Filled,8,8,0,31,True,378,2026-10-05
2026-03-31,2026-03,J0153,R03,Closed - Unfilled,10,8,0,27,True,378,2026-10-05
2026-03-31,2026-03,J0154,R04,Closed - Unfilled,6,5,0,31,True,378,2026-10-05
2026-03-31,2026-03,J0155,R05,Closed - Unfilled,9,6,0,23,True,378,2026-10-05
2026-03-31,2026-03,J0156,R06,Filled,6,6,0,38,True,378,2026-10-05
2026-03-31,2026-03,J0157,R07,Filled,5,5,0,26,True,378,2026-10-05
2026-03-31,2026-03,J0158,R08,Closed - Unfilled,7,4,0,22,True,378,2026-10-05
2026-03-31,2026-03,J0159,R09,Closed - Unfilled,6,4,0,21,True,378,2026-10-05
2026-03-31,2026-03,J0160,R10,Closed - Unfilled,8,4,0,30,True,378,2026-10-05
2026-03-31,2026-03,J0161,R01,Closed - Unfilled,5,4,0,21,True,348,2026-10-05
2026-03-31,2026-03,J0162,R02,Closed - Unfilled,9,4,0,32,True,348,2026-10-05
2026-03-31,2026-03,J0163,R03,Closed - Unfilled,7,1,0,32,True,348,2026-10-05
2026-03-31,2026-03,J0164,R04,Filled,9,9,0,28,True,348,2026-10-05
2026-03-31,2026-03,J0165,R05,Closed - Unfilled,7,6,0,26,True,348,2026-10-05
2026-03-31,2026-03,J0166,R06,Filled,8,8,0,39,True,348,2026-10-05
2026-03-31,2026-03,J0167,R07,Filled,7,7,0,28,True,348,2026-10-05
2026-03-31,2026-03,J0168,R08,Closed - Unfilled,10,1,0,22,True,348,2026-10-05
2026-03-31,2026-03,J0169,R09,Filled,7,7,0,28,True,348,2026-10-05
2026-03-31,2026-03,J0170,R10,Closed - Unfilled,9,6,0,32,True,348,2026-10-05
2026-03-31,2026-03,J0171,R01,Filled,7,7,0,31,True,317,2026-10-05
2026-03-31,2026-03,J0172,R02,Filled,7,7,0,28,True,317,2026-10-05
2026-03-31,2026-03,J0173,R03,Filled,7,7,0,30,True,317,2026-10-05
2026-03-31,2026-03,J0174,R04,Closed - Unfilled,7,5,0,28,True,317,2026-10-05
2026-03-31,2026-03,J0175,R05,Filled,6,6,0,31,True,317,2026-10-05
2026-03-31,2026-03,J0176,R06,Closed - Unfilled,8,7,0,30,True,317,2026-10-05
2026-03-31,2026-03,J0177,R07,Closed - Unfilled,7,6,0,23,True,317,2026-10-05
2026-03-31,2026-03,J0178,R08,Closed - Unfilled,8,5,0,28,True,317,2026-10-05
2026-03-31,2026-03,J0179,R09,Closed - Unfilled,10,4,0,32,True,317,2026-10-05
2026-03-31,2026-03,J0180,R10,Filled,8,8,0,34,True,317,2026-10-05
2026-03-31,2026-03,J0181,R01,Closed - Unfilled,7,4,0,27,True,287,2026-10-05
2026-03-31,2026-03,J0182,R02,Closed - Unfilled,9,5,0,29,True,287,2026-10-05
2026-03-31,2026-03,J0183,R03,Filled,5,5,0,32,True,287,2026-10-05
2026-03-31,2026-03,J0184,R04,Closed - Unfilled,7,5,0,23,True,287,2026-10-05
2026-03-31,2026-03,J0185,R05,Filled,9,9,0,35,True,287,2026-10-05
2026-03-31,2026-03,J0186,R06,Closed - Unfilled,10,4,0,36,True,287,2026-10-05
2026-03-31,2026-03,J0187,R07,Closed - Unfilled,9,4,0,25,True,287,2026-10-05
2026-03-31,2026-03,J0188,R08,Closed - Unfilled,8,6,0,32,True,287,2026-10-05
2026-03-31,2026-03,J0189,R09,Filled,5,5,0,29,True,287,2026-10-05
2026-03-31,2026-03,J0190,R10,Closed - Unfilled,9,7,0,36,True,287,2026-10-05
2026-03-31,2026-03,J0191,R01,Filled,7,7,0,30,True,256,2026-10-05
2026-03-31,2026-03,J0192,R02,Closed - Unfilled,8,5,0,27,True,256,2026-10-05
2026-03-31,2026-03,J0193,R03,Closed - Unfilled,5,4,0,27,True,256,2026-10-05
2026-03-31,2026-03,J0194,R04,Filled,7,7,0,30,True,256,2026-10-05
2026-03-31,2026-03,J0195,R05,Closed - Unfilled,8,7,0,36,True,256,2026-10-05
2026-03-31,2026-03,J0196,R06,Closed - Unfilled,10,3,0,32,True,256,2026-10-05
2026-03-31,2026-03,J0197,R07,Filled,5,5,0,30,True,256,2026-10-05
2026-03-31,2026-03,J0198,R08,Filled,5,5,0,27,True,256,2026-10-05
2026-03-31,2026-03,J0199,R09,Closed - Unfilled,5,4,0,28,True,256,2026-10-05
2026-03-31,2026-03,J0200,R10,Closed - Unfilled,7,6,0,27,True,256,2026-10-05
2026-03-31,2026-03,J0201,R01,Closed - Unfilled,10,6,0,28,True,225,2026-10-05
2026-03-31,2026-03,J0202,R02,Closed - Unfilled,9,6,0,31,True,225,2026-10-05
2026-03-31,2026-03,J0203,R03,Closed - Unfilled,6,2,0,31,True,225,2026-10-05
2026-03-31,2026-03,J0204,R04,Closed - Unfilled,10,7,0,26,True,225,2026-10-05
2026-03-31,2026-03,J0205,R05,Closed - Unfilled,9,5,0,32,True,225,2026-10-05
2026-03-31,2026-03,J0206,R06,Closed - Unfilled,9,7,0,26,True,225,2026-10-05
2026-03-31,2026-03,J0207,R07,Closed - Unfilled,10,5,0,32,True,225,2026-10-05
2026-03-31,2026-03,J0208,R08,Filled,6,6,0,29,True,225,2026-10-05
2026-03-31,2026-03,J0209,R09,Filled,5,5,0,26,True,225,2026-10-05
2026-03-31,2026-03,J0210,R10,Filled,7,7,0,32,True,225,2026-10-05
2026-03-31,2026-03,J0211,R01,Closed - Unfilled,5,3,0,31,True,195,2026-10-05
2026-03-31,2026-03,J0212,R02,Closed - Unfilled,10,5,0,26,True,195,2026-10-05
2026-03-31,2026-03,J0213,R03,Filled,5,5,0,25,True,195,2026-10-05
2026-03-31,2026-03,J0214,R04,Closed - Unfilled,8,7,0,27,True,195,2026-10-05
2026-03-31,2026-03,J0215,R05,Filled,8,8,0,35,True,195,2026-10-05
2026-03-31,2026-03,J0216,R06,Filled,5,5,0,33,True,195,2026-10-05
2026-03-31,2026-03,J0217,R07,Filled,7,7,0,30,True,195,2026-10-05
2026-03-31,2026-03,J0218,R08,Closed - Unfilled,6,4,0,26,True,195,2026-10-05
2026-03-31,2026-03,J0219,R09,Closed - Unfilled,9,6,0,33,True,195,2026-10-05
2026-03-31,2026-03,J0220,R10,Closed - Unfilled,9,5,0,28,True,195,2026-10-05
2026-03-31,2026-03,J0221,R01,Closed - Unfilled,10,2,0,23,True,164,2026-10-05
2026-03-31,2026-03,J0222,R02,Filled,7,7,0,31,True,164,2026-10-05
2026-03-31,2026-03,J0223,R03,Filled,5,5,0,23,True,164,2026-10-05
2026-03-31,2026-03,J0224,R04,Filled,6,6,0,17,True,164,2026-10-05
2026-03-31,2026-03,J0225,R05,Closed - Unfilled,10,9,0,32,True,164,2026-10-05
2026-03-31,2026-03,J0226,R06,Closed - Unfilled,10,6,0,26,True,164,2026-10-05
2026-03-31,2026-03,J0227,R07,Closed - Unfilled,7,5,0,27,True,164,2026-10-05
2026-03-31,2026-03,J0228,R08,Closed - Unfilled,10,9,0,45,True,164,2026-10-05
2026-03-31,2026-03,J0229,R09,Filled,7,7,0,43,True,164,2026-10-05
2026-03-31,2026-03,J0230,R10,Closed - Unfilled,8,6,0,30,True,164,2026-10-05
2026-03-31,2026-03,J0231,R01,Filled,5,5,0,30,True,134,2026-10-05
2026-03-31,2026-03,J0232,R02,Filled,6,6,0,25,True,134,2026-10-05
2026-03-31,2026-03,J0233,R03,Filled,9,9,0,29,True,134,2026-10-05
2026-03-31,2026-03,J0234,R04,Closed - Unfilled,8,7,0,28,True,134,2026-10-05
2026-03-31,2026-03,J0235,R05,Filled,5,5,0,32,True,134,2026-10-05
2026-03-31,2026-03,J0236,R06,Filled,9,9,0,42,True,134,2026-10-05
2026-03-31,2026-03,J0237,R07,Filled,7,7,0,27,True,134,2026-10-05
2026-03-31,2026-03,J0238,R08,Filled,8,8,0,25,True,134,2026-10-05
2026-03-31,2026-03,J0239,R09,Closed - Unfilled,10,7,0,33,True,134,2026-10-05
2026-03-31,2026-03,J0240,R10,Filled,8,8,0,29,True,134,2026-10-05
2026-03-31,2026-03,J0241,R01,Open,7,6,1,24,True,103,2026-10-05
2026-03-31,2026-03,J0242,R02,Open,5,3,2,24,True,103,2026-10-05
2026-03-31,2026-03,J0243,R03,Open,8,5,3,30,True,103,2026-10-05
2026-03-31,2026-03,J0244,R04,Open,9,8,1,37,True,103,2026-10-05
2026-03-31,2026-03,J0245,R05,Open,10,9,1,27,True,103,2026-10-05
2026-03-31,2026-03,J0246,R06,Open,10,7,3,32,True,103,2026-10-05
2026-03-31,2026-03,J0247,R07,Filled,5,5,0,27,True,103,2026-10-05
2026-03-31,2026-03,J0248,R08,Open,10,6,4,31,True,103,2026-10-05
2026-03-31,2026-03,J0249,R09,Open,5,4,1,31,True,103,2026-10-05
2026-03-31,2026-03,J0250,R10,Filled,10,10,0,32,True,103,2026-10-05
2026-03-31,2026-03,J0251,R01,Open,9,7,2,28,True,72,2026-10-05
2026-03-31,2026-03,J0252,R02,Open,9,8,1,25,True,72,2026-10-05
2026-03-31,2026-03,J0253,R03,Open,8,5,3,28,True,72,2026-10-05
2026-03-31,2026-03,J0254,R04,Open,10,9,1,30,True,72,2026-10-05
2026-03-31,2026-03,J0255,R05,Filled,7,7,0,32,True,72,2026-10-05
2026-03-31,2026-03,J0256,R06,Filled,7,7,0,28,True,72,2026-10-05
2026-03-31,2026-03,J0257,R07,Open,8,2,6,20,True,72,2026-10-05
2026-03-31,2026-03,J0258,R08,Open,9,8,1,27,True,72,2026-10-05
2026-03-31,2026-03,J0259,R09,Open,10,9,1,22,True,72,2026-10-05
2026-03-31,2026-03,J0260,R10,Filled,8,8,0,28,True,72,2026-10-05
2026-03-31,2026-03,J0261,R01,Open,9,1,8,20,True,44,2026-10-05
2026-03-31,2026-03,J0262,R02,Open,8,1,7,14,True,44,2026-10-05
2026-03-31,2026-03,J0263,R03,Open,8,0,8,15,True,44,2026-10-05
2026-03-31,2026-03,J0264,R04,Open,6,2,4,21,True,44,2026-10-05
2026-03-31,2026-03,J0265,R05,Open,5,2,3,26,True,44,2026-10-05
2026-03-31,2026-03,J0266,R06,Open,7,1,6,27,True,44,2026-10-05
2026-03-31,2026-03,J0267,R07,Open,10,0,10,20,True,44,2026-10-05
2026-03-31,2026-03,J0268,R08,Open,6,0,6,22,True,44,2026-10-05
2026-03-31,2026-03,J0269,R09,Open,10,0,10,16,True,44,2026-10-05
2026-03-31,2026-03,J0270,R10,Open,10,1,9,23,True,44,2026-10-05
2026-03-31,2026-03,J0271,R01,Open,7,0,7,0,False,13,2026-10-05
2026-03-31,2026-03,J0272,R02,Open,5,0,5,0,False,13,2026-10-05
2026-03-31,2026-03,J0273,R03,Open,7,0,7,0,False,13,2026-10-05
2026-03-31,2026-03,J0274,R04,Open,5,0,5,0,False,13,2026-10-05
2026-03-31,2026-03,J0275,R05,Open,10,0,10,0,False,13,2026-10-05
2026-03-31,2026-03,J0276,R06,Open,9,0,9,0,False,13,2026-10-05
2026-03-31,2026-03,J0277,R07,Open,9,0,9,0,False,13,2026-10-05
2026-03-31,2026-03,J0278,R08,Open,9,0,9,0,False,13,2026-10-05
2026-03-31,2026-03,J0279,R09,Open,10,0,10,0,False,13,2026-10-05
2026-03-31,2026-03,J0280,R10,Open,9,0,9,0,False,13,2026-10-05
2026-04-30,2026-04,J0001,R01,Closed - Unfilled,7,4,0,27,True,850,2026-10-05
2026-04-30,2026-04,J0002,R02,Filled,5,5,0,24,True,850,2026-10-05
2026-04-30,2026-04,J0003,R03,Closed - Unfilled,10,5,0,30,True,850,2026-10-05
2026-04-30,2026-04,J0004,R04,Filled,8,8,0,35,True,850,2026-10-05
2026-04-30,2026-04,J0005,R05,Filled,8,8,0,32,True,850,2026-10-05
2026-04-30,2026-04,J0006,R06,Closed - Unfilled,9,3,0,23,True,850,2026-10-05
2026-04-30,2026-04,J0007,R07,Closed - Unfilled,10,4,0,25,True,850,2026-10-05
2026-04-30,2026-04,J0008,R08,Closed - Unfilled,8,7,0,24,True,850,2026-10-05
2026-04-30,2026-04,J0009,R09,Closed - Unfilled,10,6,0,24,True,850,2026-10-05
2026-04-30,2026-04,J0010,R10,Closed - Unfilled,10,4,0,27,True,850,2026-10-05
2026-04-30,2026-04,J0011,R01,Filled,9,9,0,31,True,833,2026-10-05
2026-04-30,2026-04,J0012,R02,Closed - Unfilled,9,8,0,34,True,833,2026-10-05
2026-04-30,2026-04,J0013,R03,Closed - Unfilled,10,4,0,25,True,833,2026-10-05
2026-04-30,2026-04,J0014,R04,Closed - Unfilled,10,3,0,30,True,833,2026-10-05
2026-04-30,2026-04,J0015,R05,Filled,7,7,0,34,True,833,2026-10-05
2026-04-30,2026-04,J0016,R06,Filled,9,9,0,35,True,833,2026-10-05
2026-04-30,2026-04,J0017,R07,Filled,8,8,0,23,True,833,2026-10-05
2026-04-30,2026-04,J0018,R08,Closed - Unfilled,9,7,0,35,True,833,2026-10-05
2026-04-30,2026-04,J0019,R09,Closed - Unfilled,10,4,0,29,True,833,2026-10-05
2026-04-30,2026-04,J0020,R10,Filled,7,7,0,25,True,833,2026-10-05
2026-04-30,2026-04,J0021,R01,Closed - Unfilled,5,1,0,20,True,804,2026-10-05
2026-04-30,2026-04,J0022,R02,Filled,6,6,0,31,True,804,2026-10-05
2026-04-30,2026-04,J0023,R03,Closed - Unfilled,8,5,0,28,True,804,2026-10-05
2026-04-30,2026-04,J0024,R04,Filled,6,6,0,29,True,804,2026-10-05
2026-04-30,2026-04,J0025,R05,Closed - Unfilled,8,7,0,28,True,804,2026-10-05
2026-04-30,2026-04,J0026,R06,Closed - Unfilled,9,6,0,37,True,804,2026-10-05
2026-04-30,2026-04,J0027,R07,Closed - Unfilled,10,8,0,26,True,804,2026-10-05
2026-04-30,2026-04,J0028,R08,Filled,7,7,0,27,True,804,2026-10-05
2026-04-30,2026-04,J0029,R09,Closed - Unfilled,9,4,0,24,True,804,2026-10-05
2026-04-30,2026-04,J0030,R10,Closed - Unfilled,8,3,0,23,True,804,2026-10-05
2026-04-30,2026-04,J0031,R01,Closed - Unfilled,9,5,0,30,True,773,2026-10-05
2026-04-30,2026-04,J0032,R02,Closed - Unfilled,10,6,0,37,True,773,2026-10-05
2026-04-30,2026-04,J0033,R03,Closed - Unfilled,5,4,0,30,True,773,2026-10-05
2026-04-30,2026-04,J0034,R04,Closed - Unfilled,10,8,0,27,True,773,2026-10-05
2026-04-30,2026-04,J0035,R05,Closed - Unfilled,8,5,0,30,True,773,2026-10-05
2026-04-30,2026-04,J0036,R06,Closed - Unfilled,10,9,0,41,True,773,2026-10-05
2026-04-30,2026-04,J0037,R07,Closed - Unfilled,8,6,0,24,True,773,2026-10-05
2026-04-30,2026-04,J0038,R08,Filled,7,7,0,32,True,773,2026-10-05
2026-04-30,2026-04,J0039,R09,Closed - Unfilled,7,5,0,26,True,773,2026-10-05
2026-04-30,2026-04,J0040,R10,Filled,6,6,0,28,True,773,2026-10-05
2026-04-30,2026-04,J0041,R01,Filled,5,5,0,34,True,743,2026-10-05
2026-04-30,2026-04,J0042,R02,Filled,5,5,0,33,True,743,2026-10-05
2026-04-30,2026-04,J0043,R03,Filled,7,7,0,32,True,743,2026-10-05
2026-04-30,2026-04,J0044,R04,Closed - Unfilled,7,6,0,33,True,743,2026-10-05
2026-04-30,2026-04,J0045,R05,Closed - Unfilled,9,4,0,31,True,743,2026-10-05
2026-04-30,2026-04,J0046,R06,Filled,7,7,0,35,True,743,2026-10-05
2026-04-30,2026-04,J0047,R07,Closed - Unfilled,8,7,0,26,True,743,2026-10-05
2026-04-30,2026-04,J0048,R08,Filled,9,9,0,37,True,743,2026-10-05
2026-04-30,2026-04,J0049,R09,Closed - Unfilled,6,4,0,21,True,743,2026-10-05
2026-04-30,2026-04,J0050,R10,Closed - Unfilled,10,3,0,34,True,743,2026-10-05
2026-04-30,2026-04,J0051,R01,Closed - Unfilled,10,6,0,26,True,712,2026-10-05
2026-04-30,2026-04,J0052,R02,Closed - Unfilled,9,4,0,24,True,712,2026-10-05
2026-04-30,2026-04,J0053,R03,Closed - Unfilled,10,9,0,36,True,712,2026-10-05
2026-04-30,2026-04,J0054,R04,Filled,6,6,0,28,True,712,2026-10-05
2026-04-30,2026-04,J0055,R05,Filled,5,5,0,33,True,712,2026-10-05
2026-04-30,2026-04,J0056,R06,Closed - Unfilled,8,5,0,27,True,712,2026-10-05
2026-04-30,2026-04,J0057,R07,Closed - Unfilled,6,3,0,19,True,712,2026-10-05
2026-04-30,2026-04,J0058,R08,Closed - Unfilled,10,2,0,30,True,712,2026-10-05
2026-04-30,2026-04,J0059,R09,Filled,6,6,0,29,True,712,2026-10-05
2026-04-30,2026-04,J0060,R10,Closed - Unfilled,8,6,0,33,True,712,2026-10-05
2026-04-30,2026-04,J0061,R01,Closed - Unfilled,7,3,0,27,True,682,2026-10-05
2026-04-30,2026-04,J0062,R02,Closed - Unfilled,9,5,0,23,True,682,2026-10-05
2026-04-30,2026-04,J0063,R03,Closed - Unfilled,10,8,0,33,True,682,2026-10-05
2026-04-30,2026-04,J0064,R04,Closed - Unfilled,9,5,0,29,True,682,2026-10-05
2026-04-30,2026-04,J0065,R05,Filled,9,9,0,31,True,682,2026-10-05
2026-04-30,2026-04,J0066,R06,Closed - Unfilled,5,4,0,35,True,682,2026-10-05
2026-04-30,2026-04,J0067,R07,Closed - Unfilled,7,3,0,26,True,682,2026-10-05
2026-04-30,2026-04,J0068,R08,Filled,5,5,0,26,True,682,2026-10-05
2026-04-30,2026-04,J0069,R09,Filled,8,8,0,27,True,682,2026-10-05
2026-04-30,2026-04,J0070,R10,Closed - Unfilled,10,5,0,33,True,682,2026-10-05
2026-04-30,2026-04,J0071,R01,Closed - Unfilled,10,1,0,30,True,651,2026-10-05
2026-04-30,2026-04,J0072,R02,Filled,6,6,0,34,True,651,2026-10-05
2026-04-30,2026-04,J0073,R03,Filled,7,7,0,28,True,651,2026-10-05
2026-04-30,2026-04,J0074,R04,Filled,7,7,0,34,True,651,2026-10-05
2026-04-30,2026-04,J0075,R05,Closed - Unfilled,10,7,0,38,True,651,2026-10-05
2026-04-30,2026-04,J0076,R06,Filled,6,6,0,32,True,651,2026-10-05
2026-04-30,2026-04,J0077,R07,Closed - Unfilled,10,9,0,29,True,651,2026-10-05
2026-04-30,2026-04,J0078,R08,Filled,5,5,0,27,True,651,2026-10-05
2026-04-30,2026-04,J0079,R09,Closed - Unfilled,10,7,0,27,True,651,2026-10-05
2026-04-30,2026-04,J0080,R10,Closed - Unfilled,8,4,0,29,True,651,2026-10-05
2026-04-30,2026-04,J0081,R01,Filled,5,5,0,30,True,620,2026-10-05
2026-04-30,2026-04,J0082,R02,Filled,7,7,0,34,True,620,2026-10-05
2026-04-30,2026-04,J0083,R03,Filled,5,5,0,27,True,620,2026-10-05
2026-04-30,2026-04,J0084,R04,Filled,6,6,0,32,True,620,2026-10-05
2026-04-30,2026-04,J0085,R05,Filled,7,7,0,30,True,620,2026-10-05
2026-04-30,2026-04,J0086,R06,Filled,5,5,0,32,True,620,2026-10-05
2026-04-30,2026-04,J0087,R07,Filled,7,7,0,24,True,620,2026-10-05
2026-04-30,2026-04,J0088,R08,Closed - Unfilled,8,4,0,31,True,620,2026-10-05
2026-04-30,2026-04,J0089,R09,Filled,6,6,0,31,True,620,2026-10-05
2026-04-30,2026-04,J0090,R10,Filled,8,8,0,36,True,620,2026-10-05
2026-04-30,2026-04,J0091,R01,Closed - Unfilled,10,4,0,22,True,590,2026-10-05
2026-04-30,2026-04,J0092,R02,Closed - Unfilled,9,2,0,21,True,590,2026-10-05
2026-04-30,2026-04,J0093,R03,Closed - Unfilled,10,6,0,31,True,590,2026-10-05
2026-04-30,2026-04,J0094,R04,Closed - Unfilled,7,6,0,28,True,590,2026-10-05
2026-04-30,2026-04,J0095,R05,Closed - Unfilled,9,4,0,31,True,590,2026-10-05
2026-04-30,2026-04,J0096,R06,Closed - Unfilled,7,4,0,37,True,590,2026-10-05
2026-04-30,2026-04,J0097,R07,Filled,6,6,0,39,True,590,2026-10-05
2026-04-30,2026-04,J0098,R08,Filled,6,6,0,23,True,590,2026-10-05
2026-04-30,2026-04,J0099,R09,Filled,6,6,0,30,True,590,2026-10-05
2026-04-30,2026-04,J0100,R10,Filled,9,9,0,32,True,590,2026-10-05
2026-04-30,2026-04,J0101,R01,Closed - Unfilled,7,3,0,30,True,559,2026-10-05
2026-04-30,2026-04,J0102,R02,Filled,5,5,0,33,True,559,2026-10-05
2026-04-30,2026-04,J0103,R03,Filled,8,8,0,32,True,559,2026-10-05
2026-04-30,2026-04,J0104,R04,Filled,8,8,0,28,True,559,2026-10-05
2026-04-30,2026-04,J0105,R05,Filled,5,5,0,36,True,559,2026-10-05
2026-04-30,2026-04,J0106,R06,Closed - Unfilled,6,3,0,32,True,559,2026-10-05
2026-04-30,2026-04,J0107,R07,Closed - Unfilled,10,8,0,28,True,559,2026-10-05
2026-04-30,2026-04,J0108,R08,Closed - Unfilled,8,2,0,24,True,559,2026-10-05
2026-04-30,2026-04,J0109,R09,Closed - Unfilled,9,3,0,22,True,559,2026-10-05
2026-04-30,2026-04,J0110,R10,Filled,5,5,0,27,True,559,2026-10-05
2026-04-30,2026-04,J0111,R01,Closed - Unfilled,8,7,0,32,True,529,2026-10-05
2026-04-30,2026-04,J0112,R02,Filled,6,6,0,27,True,529,2026-10-05
2026-04-30,2026-04,J0113,R03,Filled,8,8,0,29,True,529,2026-10-05
2026-04-30,2026-04,J0114,R04,Filled,5,5,0,35,True,529,2026-10-05
2026-04-30,2026-04,J0115,R05,Closed - Unfilled,10,7,0,32,True,529,2026-10-05
2026-04-30,2026-04,J0116,R06,Filled,5,5,0,32,True,529,2026-10-05
2026-04-30,2026-04,J0117,R07,Filled,8,8,0,30,True,529,2026-10-05
2026-04-30,2026-04,J0118,R08,Closed - Unfilled,8,7,0,22,True,529,2026-10-05
2026-04-30,2026-04,J0119,R09,Closed - Unfilled,8,4,0,28,True,529,2026-10-05
2026-04-30,2026-04,J0120,R10,Filled,9,9,0,31,True,529,2026-10-05
2026-04-30,2026-04,J0121,R01,Closed - Unfilled,9,5,0,23,True,498,2026-10-05
2026-04-30,2026-04,J0122,R02,Closed - Unfilled,10,5,0,30,True,498,2026-10-05
2026-04-30,2026-04,J0123,R03,Closed - Unfilled,7,6,0,27,True,498,2026-10-05
2026-04-30,2026-04,J0124,R04,Closed - Unfilled,8,7,0,31,True,498,2026-10-05
2026-04-30,2026-04,J0125,R05,Filled,5,5,0,32,True,498,2026-10-05
2026-04-30,2026-04,J0126,R06,Filled,8,8,0,33,True,498,2026-10-05
2026-04-30,2026-04,J0127,R07,Closed - Unfilled,9,7,0,25,True,498,2026-10-05
2026-04-30,2026-04,J0128,R08,Filled,10,10,0,27,True,498,2026-10-05
2026-04-30,2026-04,J0129,R09,Closed - Unfilled,9,5,0,26,True,498,2026-10-05
2026-04-30,2026-04,J0130,R10,Closed - Unfilled,7,5,0,26,True,498,2026-10-05
2026-04-30,2026-04,J0131,R01,Closed - Unfilled,6,5,0,34,True,467,2026-10-05
2026-04-30,2026-04,J0132,R02,Closed - Unfilled,9,4,0,22,True,467,2026-10-05
2026-04-30,2026-04,J0133,R03,Filled,6,6,0,35,True,467,2026-10-05
2026-04-30,2026-04,J0134,R04,Filled,8,8,0,39,True,467,2026-10-05
2026-04-30,2026-04,J0135,R05,Closed - Unfilled,10,7,0,36,True,467,2026-10-05
2026-04-30,2026-04,J0136,R06,Filled,8,8,0,30,True,467,2026-10-05
2026-04-30,2026-04,J0137,R07,Closed - Unfilled,10,9,0,27,True,467,2026-10-05
2026-04-30,2026-04,J0138,R08,Filled,5,5,0,28,True,467,2026-10-05
2026-04-30,2026-04,J0139,R09,Filled,6,6,0,31,True,467,2026-10-05
2026-04-30,2026-04,J0140,R10,Closed - Unfilled,9,3,0,21,True,467,2026-10-05
2026-04-30,2026-04,J0141,R01,Filled,5,5,0,25,True,439,2026-10-05
2026-04-30,2026-04,J0142,R02,Closed - Unfilled,8,7,0,28,True,439,2026-10-05
2026-04-30,2026-04,J0143,R03,Closed - Unfilled,9,8,0,34,True,439,2026-10-05
2026-04-30,2026-04,J0144,R04,Closed - Unfilled,8,4,0,31,True,439,2026-10-05
2026-04-30,2026-04,J0145,R05,Closed - Unfilled,9,5,0,26,True,439,2026-10-05
2026-04-30,2026-04,J0146,R06,Filled,5,5,0,33,True,439,2026-10-05
2026-04-30,2026-04,J0147,R07,Closed - Unfilled,6,3,0,19,True,439,2026-10-05
2026-04-30,2026-04,J0148,R08,Closed - Unfilled,7,3,0,27,True,439,2026-10-05
2026-04-30,2026-04,J0149,R09,Filled,7,7,0,29,True,439,2026-10-05
2026-04-30,2026-04,J0150,R10,Closed - Unfilled,8,5,0,30,True,439,2026-10-05
2026-04-30,2026-04,J0151,R01,Closed - Unfilled,6,3,0,28,True,408,2026-10-05
2026-04-30,2026-04,J0152,R02,Filled,8,8,0,31,True,408,2026-10-05
2026-04-30,2026-04,J0153,R03,Closed - Unfilled,10,8,0,27,True,408,2026-10-05
2026-04-30,2026-04,J0154,R04,Closed - Unfilled,6,5,0,31,True,408,2026-10-05
2026-04-30,2026-04,J0155,R05,Closed - Unfilled,9,6,0,23,True,408,2026-10-05
2026-04-30,2026-04,J0156,R06,Filled,6,6,0,38,True,408,2026-10-05
2026-04-30,2026-04,J0157,R07,Filled,5,5,0,26,True,408,2026-10-05
2026-04-30,2026-04,J0158,R08,Closed - Unfilled,7,4,0,22,True,408,2026-10-05
2026-04-30,2026-04,J0159,R09,Closed - Unfilled,6,4,0,21,True,408,2026-10-05
2026-04-30,2026-04,J0160,R10,Closed - Unfilled,8,4,0,30,True,408,2026-10-05
2026-04-30,2026-04,J0161,R01,Closed - Unfilled,5,4,0,21,True,378,2026-10-05
2026-04-30,2026-04,J0162,R02,Closed - Unfilled,9,4,0,32,True,378,2026-10-05
2026-04-30,2026-04,J0163,R03,Closed - Unfilled,7,1,0,32,True,378,2026-10-05
2026-04-30,2026-04,J0164,R04,Filled,9,9,0,28,True,378,2026-10-05
2026-04-30,2026-04,J0165,R05,Closed - Unfilled,7,6,0,26,True,378,2026-10-05
2026-04-30,2026-04,J0166,R06,Filled,8,8,0,39,True,378,2026-10-05
2026-04-30,2026-04,J0167,R07,Filled,7,7,0,28,True,378,2026-10-05
2026-04-30,2026-04,J0168,R08,Closed - Unfilled,10,1,0,22,True,378,2026-10-05
2026-04-30,2026-04,J0169,R09,Filled,7,7,0,28,True,378,2026-10-05
2026-04-30,2026-04,J0170,R10,Closed - Unfilled,9,6,0,32,True,378,2026-10-05
2026-04-30,2026-04,J0171,R01,Filled,7,7,0,31,True,347,2026-10-05
2026-04-30,2026-04,J0172,R02,Filled,7,7,0,28,True,347,2026-10-05
2026-04-30,2026-04,J0173,R03,Filled,7,7,0,30,True,347,2026-10-05
2026-04-30,2026-04,J0174,R04,Closed - Unfilled,7,5,0,28,True,347,2026-10-05
2026-04-30,2026-04,J0175,R05,Filled,6,6,0,31,True,347,2026-10-05
2026-04-30,2026-04,J0176,R06,Closed - Unfilled,8,7,0,30,True,347,2026-10-05
2026-04-30,2026-04,J0177,R07,Closed - Unfilled,7,6,0,23,True,347,2026-10-05
2026-04-30,2026-04,J0178,R08,Closed - Unfilled,8,5,0,28,True,347,2026-10-05
2026-04-30,2026-04,J0179,R09,Closed - Unfilled,10,4,0,32,True,347,2026-10-05
2026-04-30,2026-04,J0180,R10,Filled,8,8,0,34,True,347,2026-10-05
2026-04-30,2026-04,J0181,R01,Closed - Unfilled,7,4,0,27,True,317,2026-10-05
2026-04-30,2026-04,J0182,R02,Closed - Unfilled,9,5,0,29,True,317,2026-10-05
2026-04-30,2026-04,J0183,R03,Filled,5,5,0,32,True,317,2026-10-05
2026-04-30,2026-04,J0184,R04,Closed - Unfilled,7,5,0,23,True,317,2026-10-05
2026-04-30,2026-04,J0185,R05,Filled,9,9,0,35,True,317,2026-10-05
2026-04-30,2026-04,J0186,R06,Closed - Unfilled,10,4,0,36,True,317,2026-10-05
2026-04-30,2026-04,J0187,R07,Closed - Unfilled,9,4,0,25,True,317,2026-10-05
2026-04-30,2026-04,J0188,R08,Closed - Unfilled,8,6,0,32,True,317,2026-10-05
2026-04-30,2026-04,J0189,R09,Filled,5,5,0,29,True,317,2026-10-05
2026-04-30,2026-04,J0190,R10,Closed - Unfilled,9,7,0,36,True,317,2026-10-05
2026-04-30,2026-04,J0191,R01,Filled,7,7,0,30,True,286,2026-10-05
2026-04-30,2026-04,J0192,R02,Closed - Unfilled,8,5,0,27,True,286,2026-10-05
2026-04-30,2026-04,J0193,R03,Closed - Unfilled,5,4,0,27,True,286,2026-10-05
2026-04-30,2026-04,J0194,R04,Filled,7,7,0,30,True,286,2026-10-05
2026-04-30,2026-04,J0195,R05,Closed - Unfilled,8,7,0,36,True,286,2026-10-05
2026-04-30,2026-04,J0196,R06,Closed - Unfilled,10,3,0,32,True,286,2026-10-05
2026-04-30,2026-04,J0197,R07,Filled,5,5,0,30,True,286,2026-10-05
2026-04-30,2026-04,J0198,R08,Filled,5,5,0,27,True,286,2026-10-05
2026-04-30,2026-04,J0199,R09,Closed - Unfilled,5,4,0,28,True,286,2026-10-05
2026-04-30,2026-04,J0200,R10,Closed - Unfilled,7,6,0,27,True,286,2026-10-05
2026-04-30,2026-04,J0201,R01,Closed - Unfilled,10,6,0,28,True,255,2026-10-05
2026-04-30,2026-04,J0202,R02,Closed - Unfilled,9,6,0,31,True,255,2026-10-05
2026-04-30,2026-04,J0203,R03,Closed - Unfilled,6,2,0,31,True,255,2026-10-05
2026-04-30,2026-04,J0204,R04,Closed - Unfilled,10,7,0,26,True,255,2026-10-05
2026-04-30,2026-04,J0205,R05,Closed - Unfilled,9,5,0,32,True,255,2026-10-05
2026-04-30,2026-04,J0206,R06,Closed - Unfilled,9,7,0,26,True,255,2026-10-05
2026-04-30,2026-04,J0207,R07,Closed - Unfilled,10,5,0,32,True,255,2026-10-05
2026-04-30,2026-04,J0208,R08,Filled,6,6,0,29,True,255,2026-10-05
2026-04-30,2026-04,J0209,R09,Filled,5,5,0,26,True,255,2026-10-05
2026-04-30,2026-04,J0210,R10,Filled,7,7,0,32,True,255,2026-10-05
2026-04-30,2026-04,J0211,R01,Closed - Unfilled,5,3,0,31,True,225,2026-10-05
2026-04-30,2026-04,J0212,R02,Closed - Unfilled,10,5,0,26,True,225,2026-10-05
2026-04-30,2026-04,J0213,R03,Filled,5,5,0,25,True,225,2026-10-05
2026-04-30,2026-04,J0214,R04,Closed - Unfilled,8,7,0,27,True,225,2026-10-05
2026-04-30,2026-04,J0215,R05,Filled,8,8,0,35,True,225,2026-10-05
2026-04-30,2026-04,J0216,R06,Filled,5,5,0,33,True,225,2026-10-05
2026-04-30,2026-04,J0217,R07,Filled,7,7,0,30,True,225,2026-10-05
2026-04-30,2026-04,J0218,R08,Closed - Unfilled,6,4,0,26,True,225,2026-10-05
2026-04-30,2026-04,J0219,R09,Closed - Unfilled,9,6,0,33,True,225,2026-10-05
2026-04-30,2026-04,J0220,R10,Closed - Unfilled,9,5,0,28,True,225,2026-10-05
2026-04-30,2026-04,J0221,R01,Closed - Unfilled,10,2,0,23,True,194,2026-10-05
2026-04-30,2026-04,J0222,R02,Filled,7,7,0,31,True,194,2026-10-05
2026-04-30,2026-04,J0223,R03,Filled,5,5,0,23,True,194,2026-10-05
2026-04-30,2026-04,J0224,R04,Filled,6,6,0,17,True,194,2026-10-05
2026-04-30,2026-04,J0225,R05,Closed - Unfilled,10,9,0,32,True,194,2026-10-05
2026-04-30,2026-04,J0226,R06,Closed - Unfilled,10,6,0,26,True,194,2026-10-05
2026-04-30,2026-04,J0227,R07,Closed - Unfilled,7,5,0,27,True,194,2026-10-05
2026-04-30,2026-04,J0228,R08,Closed - Unfilled,10,9,0,45,True,194,2026-10-05
2026-04-30,2026-04,J0229,R09,Filled,7,7,0,43,True,194,2026-10-05
2026-04-30,2026-04,J0230,R10,Closed - Unfilled,8,6,0,30,True,194,2026-10-05
2026-04-30,2026-04,J0231,R01,Filled,5,5,0,30,True,164,2026-10-05
2026-04-30,2026-04,J0232,R02,Filled,6,6,0,25,True,164,2026-10-05
2026-04-30,2026-04,J0233,R03,Filled,9,9,0,29,True,164,2026-10-05
2026-04-30,2026-04,J0234,R04,Closed - Unfilled,8,7,0,28,True,164,2026-10-05
2026-04-30,2026-04,J0235,R05,Filled,5,5,0,32,True,164,2026-10-05
2026-04-30,2026-04,J0236,R06,Filled,9,9,0,42,True,164,2026-10-05
2026-04-30,2026-04,J0237,R07,Filled,7,7,0,27,True,164,2026-10-05
2026-04-30,2026-04,J0238,R08,Filled,8,8,0,25,True,164,2026-10-05
2026-04-30,2026-04,J0239,R09,Closed - Unfilled,10,7,0,33,True,164,2026-10-05
2026-04-30,2026-04,J0240,R10,Filled,8,8,0,29,True,164,2026-10-05
2026-04-30,2026-04,J0241,R01,Closed - Unfilled,7,6,0,24,True,133,2026-10-05
2026-04-30,2026-04,J0242,R02,Closed - Unfilled,5,3,0,24,True,133,2026-10-05
2026-04-30,2026-04,J0243,R03,Closed - Unfilled,8,5,0,30,True,133,2026-10-05
2026-04-30,2026-04,J0244,R04,Closed - Unfilled,9,8,0,37,True,133,2026-10-05
2026-04-30,2026-04,J0245,R05,Closed - Unfilled,10,9,0,27,True,133,2026-10-05
2026-04-30,2026-04,J0246,R06,Closed - Unfilled,10,7,0,32,True,133,2026-10-05
2026-04-30,2026-04,J0247,R07,Filled,5,5,0,27,True,133,2026-10-05
2026-04-30,2026-04,J0248,R08,Closed - Unfilled,10,6,0,31,True,133,2026-10-05
2026-04-30,2026-04,J0249,R09,Closed - Unfilled,5,4,0,31,True,133,2026-10-05
2026-04-30,2026-04,J0250,R10,Filled,10,10,0,32,True,133,2026-10-05
2026-04-30,2026-04,J0251,R01,Open,9,8,1,28,True,102,2026-10-05
2026-04-30,2026-04,J0252,R02,Open,9,8,1,25,True,102,2026-10-05
2026-04-30,2026-04,J0253,R03,Open,8,6,2,28,True,102,2026-10-05
2026-04-30,2026-04,J0254,R04,Filled,10,10,0,30,True,102,2026-10-05
2026-04-30,2026-04,J0255,R05,Filled,7,7,0,32,True,102,2026-10-05
2026-04-30,2026-04,J0256,R06,Filled,7,7,0,28,True,102,2026-10-05
2026-04-30,2026-04,J0257,R07,Open,8,2,6,20,True,102,2026-10-05
2026-04-30,2026-04,J0258,R08,Filled,9,9,0,27,True,102,2026-10-05
2026-04-30,2026-04,J0259,R09,Open,10,9,1,22,True,102,2026-10-05
2026-04-30,2026-04,J0260,R10,Filled,8,8,0,28,True,102,2026-10-05
2026-04-30,2026-04,J0261,R01,Open,9,6,3,28,True,74,2026-10-05
2026-04-30,2026-04,J0262,R02,Filled,8,8,0,23,True,74,2026-10-05
2026-04-30,2026-04,J0263,R03,Filled,8,8,0,27,True,74,2026-10-05
2026-04-30,2026-04,J0264,R04,Filled,6,6,0,27,True,74,2026-10-05
2026-04-30,2026-04,J0265,R05,Filled,5,5,0,39,True,74,2026-10-05
2026-04-30,2026-04,J0266,R06,Open,7,5,2,39,True,74,2026-10-05
2026-04-30,2026-04,J0267,R07,Open,10,6,4,25,True,74,2026-10-05
2026-04-30,2026-04,J0268,R08,Open,6,5,1,29,True,74,2026-10-05
2026-04-30,2026-04,J0269,R09,Open,10,6,4,30,True,74,2026-10-05
2026-04-30,2026-04,J0270,R10,Open,10,9,1,32,True,74,2026-10-05
2026-04-30,2026-04,J0271,R01,Open,7,1,6,22,True,43,2026-10-05
2026-04-30,2026-04,J0272,R02,Open,5,0,5,18,True,43,2026-10-05
2026-04-30,2026-04,J0273,R03,Open,7,0,7,14,True,43,2026-10-05
2026-04-30,2026-04,J0274,R04,Open,5,1,4,18,True,43,2026-10-05
2026-04-30,2026-04,J0275,R05,Open,10,0,10,21,True,43,2026-10-05
2026-04-30,2026-04,J0276,R06,Open,9,1,8,19,True,43,2026-10-05
2026-04-30,2026-04,J0277,R07,Open,9,1,8,17,True,43,2026-10-05
2026-04-30,2026-04,J0278,R08,Open,9,0,9,20,True,43,2026-10-05
2026-04-30,2026-04,J0279,R09,Open,10,1,9,20,True,43,2026-10-05
2026-04-30,2026-04,J0280,R10,Open,9,1,8,19,True,43,2026-10-05
2026-04-30,2026-04,J0281,R01,Open,10,0,10,0,False,13,2026-10-05
2026-04-30,2026-04,J0282,R02,Open,5,0,5,0,False,13,2026-10-05
2026-04-30,2026-04,J0283,R03,Open,5,0,5,0,False,13,2026-10-05
2026-04-30,2026-04,J0284,R04,Open,5,0,5,0,False,13,2026-10-05
2026-04-30,2026-04,J0285,R05,Open,5,0,5,0,False,13,2026-10-05
2026-04-30,2026-04,J0286,R06,Open,7,0,7,0,False,13,2026-10-05
2026-04-30,2026-04,J0287,R07,Open,7,0,7,0,False,13,2026-10-05
2026-04-30,2026-04,J0288,R08,Open,7,0,7,0,False,13,2026-10-05
2026-04-30,2026-04,J0289,R09,Open,7,0,7,0,False,13,2026-10-05
2026-04-30,2026-04,J0290,R10,Open,7,0,7,0,False,13,2026-10-05
2026-05-31,2026-05,J0001,R01,Closed - Unfilled,7,4,0,27,True,881,2026-10-05
2026-05-31,2026-05,J0002,R02,Filled,5,5,0,24,True,881,2026-10-05
2026-05-31,2026-05,J0003,R03,Closed - Unfilled,10,5,0,30,True,881,2026-10-05
2026-05-31,2026-05,J0004,R04,Filled,8,8,0,35,True,881,2026-10-05
2026-05-31,2026-05,J0005,R05,Filled,8,8,0,32,True,881,2026-10-05
2026-05-31,2026-05,J0006,R06,Closed - Unfilled,9,3,0,23,True,881,2026-10-05
2026-05-31,2026-05,J0007,R07,Closed - Unfilled,10,4,0,25,True,881,2026-10-05
2026-05-31,2026-05,J0008,R08,Closed - Unfilled,8,7,0,24,True,881,2026-10-05
2026-05-31,2026-05,J0009,R09,Closed - Unfilled,10,6,0,24,True,881,2026-10-05
2026-05-31,2026-05,J0010,R10,Closed - Unfilled,10,4,0,27,True,881,2026-10-05
2026-05-31,2026-05,J0011,R01,Filled,9,9,0,31,True,864,2026-10-05
2026-05-31,2026-05,J0012,R02,Closed - Unfilled,9,8,0,34,True,864,2026-10-05
2026-05-31,2026-05,J0013,R03,Closed - Unfilled,10,4,0,25,True,864,2026-10-05
2026-05-31,2026-05,J0014,R04,Closed - Unfilled,10,3,0,30,True,864,2026-10-05
2026-05-31,2026-05,J0015,R05,Filled,7,7,0,34,True,864,2026-10-05
2026-05-31,2026-05,J0016,R06,Filled,9,9,0,35,True,864,2026-10-05
2026-05-31,2026-05,J0017,R07,Filled,8,8,0,23,True,864,2026-10-05
2026-05-31,2026-05,J0018,R08,Closed - Unfilled,9,7,0,35,True,864,2026-10-05
2026-05-31,2026-05,J0019,R09,Closed - Unfilled,10,4,0,29,True,864,2026-10-05
2026-05-31,2026-05,J0020,R10,Filled,7,7,0,25,True,864,2026-10-05
2026-05-31,2026-05,J0021,R01,Closed - Unfilled,5,1,0,20,True,835,2026-10-05
2026-05-31,2026-05,J0022,R02,Filled,6,6,0,31,True,835,2026-10-05
2026-05-31,2026-05,J0023,R03,Closed - Unfilled,8,5,0,28,True,835,2026-10-05
2026-05-31,2026-05,J0024,R04,Filled,6,6,0,29,True,835,2026-10-05
2026-05-31,2026-05,J0025,R05,Closed - Unfilled,8,7,0,28,True,835,2026-10-05
2026-05-31,2026-05,J0026,R06,Closed - Unfilled,9,6,0,37,True,835,2026-10-05
2026-05-31,2026-05,J0027,R07,Closed - Unfilled,10,8,0,26,True,835,2026-10-05
2026-05-31,2026-05,J0028,R08,Filled,7,7,0,27,True,835,2026-10-05
2026-05-31,2026-05,J0029,R09,Closed - Unfilled,9,4,0,24,True,835,2026-10-05
2026-05-31,2026-05,J0030,R10,Closed - Unfilled,8,3,0,23,True,835,2026-10-05
2026-05-31,2026-05,J0031,R01,Closed - Unfilled,9,5,0,30,True,804,2026-10-05
2026-05-31,2026-05,J0032,R02,Closed - Unfilled,10,6,0,37,True,804,2026-10-05
2026-05-31,2026-05,J0033,R03,Closed - Unfilled,5,4,0,30,True,804,2026-10-05
2026-05-31,2026-05,J0034,R04,Closed - Unfilled,10,8,0,27,True,804,2026-10-05
2026-05-31,2026-05,J0035,R05,Closed - Unfilled,8,5,0,30,True,804,2026-10-05
2026-05-31,2026-05,J0036,R06,Closed - Unfilled,10,9,0,41,True,804,2026-10-05
2026-05-31,2026-05,J0037,R07,Closed - Unfilled,8,6,0,24,True,804,2026-10-05
2026-05-31,2026-05,J0038,R08,Filled,7,7,0,32,True,804,2026-10-05
2026-05-31,2026-05,J0039,R09,Closed - Unfilled,7,5,0,26,True,804,2026-10-05
2026-05-31,2026-05,J0040,R10,Filled,6,6,0,28,True,804,2026-10-05
2026-05-31,2026-05,J0041,R01,Filled,5,5,0,34,True,774,2026-10-05
2026-05-31,2026-05,J0042,R02,Filled,5,5,0,33,True,774,2026-10-05
2026-05-31,2026-05,J0043,R03,Filled,7,7,0,32,True,774,2026-10-05
2026-05-31,2026-05,J0044,R04,Closed - Unfilled,7,6,0,33,True,774,2026-10-05
2026-05-31,2026-05,J0045,R05,Closed - Unfilled,9,4,0,31,True,774,2026-10-05
2026-05-31,2026-05,J0046,R06,Filled,7,7,0,35,True,774,2026-10-05
2026-05-31,2026-05,J0047,R07,Closed - Unfilled,8,7,0,26,True,774,2026-10-05
2026-05-31,2026-05,J0048,R08,Filled,9,9,0,37,True,774,2026-10-05
2026-05-31,2026-05,J0049,R09,Closed - Unfilled,6,4,0,21,True,774,2026-10-05
2026-05-31,2026-05,J0050,R10,Closed - Unfilled,10,3,0,34,True,774,2026-10-05
2026-05-31,2026-05,J0051,R01,Closed - Unfilled,10,6,0,26,True,743,2026-10-05
2026-05-31,2026-05,J0052,R02,Closed - Unfilled,9,4,0,24,True,743,2026-10-05
2026-05-31,2026-05,J0053,R03,Closed - Unfilled,10,9,0,36,True,743,2026-10-05
2026-05-31,2026-05,J0054,R04,Filled,6,6,0,28,True,743,2026-10-05
2026-05-31,2026-05,J0055,R05,Filled,5,5,0,33,True,743,2026-10-05
2026-05-31,2026-05,J0056,R06,Closed - Unfilled,8,5,0,27,True,743,2026-10-05
2026-05-31,2026-05,J0057,R07,Closed - Unfilled,6,3,0,19,True,743,2026-10-05
2026-05-31,2026-05,J0058,R08,Closed - Unfilled,10,2,0,30,True,743,2026-10-05
2026-05-31,2026-05,J0059,R09,Filled,6,6,0,29,True,743,2026-10-05
2026-05-31,2026-05,J0060,R10,Closed - Unfilled,8,6,0,33,True,743,2026-10-05
2026-05-31,2026-05,J0061,R01,Closed - Unfilled,7,3,0,27,True,713,2026-10-05
2026-05-31,2026-05,J0062,R02,Closed - Unfilled,9,5,0,23,True,713,2026-10-05
2026-05-31,2026-05,J0063,R03,Closed - Unfilled,10,8,0,33,True,713,2026-10-05
2026-05-31,2026-05,J0064,R04,Closed - Unfilled,9,5,0,29,True,713,2026-10-05
2026-05-31,2026-05,J0065,R05,Filled,9,9,0,31,True,713,2026-10-05
2026-05-31,2026-05,J0066,R06,Closed - Unfilled,5,4,0,35,True,713,2026-10-05
2026-05-31,2026-05,J0067,R07,Closed - Unfilled,7,3,0,26,True,713,2026-10-05
2026-05-31,2026-05,J0068,R08,Filled,5,5,0,26,True,713,2026-10-05
2026-05-31,2026-05,J0069,R09,Filled,8,8,0,27,True,713,2026-10-05
2026-05-31,2026-05,J0070,R10,Closed - Unfilled,10,5,0,33,True,713,2026-10-05
2026-05-31,2026-05,J0071,R01,Closed - Unfilled,10,1,0,30,True,682,2026-10-05
2026-05-31,2026-05,J0072,R02,Filled,6,6,0,34,True,682,2026-10-05
2026-05-31,2026-05,J0073,R03,Filled,7,7,0,28,True,682,2026-10-05
2026-05-31,2026-05,J0074,R04,Filled,7,7,0,34,True,682,2026-10-05
2026-05-31,2026-05,J0075,R05,Closed - Unfilled,10,7,0,38,True,682,2026-10-05
2026-05-31,2026-05,J0076,R06,Filled,6,6,0,32,True,682,2026-10-05
2026-05-31,2026-05,J0077,R07,Closed - Unfilled,10,9,0,29,True,682,2026-10-05
2026-05-31,2026-05,J0078,R08,Filled,5,5,0,27,True,682,2026-10-05
2026-05-31,2026-05,J0079,R09,Closed - Unfilled,10,7,0,27,True,682,2026-10-05
2026-05-31,2026-05,J0080,R10,Closed - Unfilled,8,4,0,29,True,682,2026-10-05
2026-05-31,2026-05,J0081,R01,Filled,5,5,0,30,True,651,2026-10-05
2026-05-31,2026-05,J0082,R02,Filled,7,7,0,34,True,651,2026-10-05
2026-05-31,2026-05,J0083,R03,Filled,5,5,0,27,True,651,2026-10-05
2026-05-31,2026-05,J0084,R04,Filled,6,6,0,32,True,651,2026-10-05
2026-05-31,2026-05,J0085,R05,Filled,7,7,0,30,True,651,2026-10-05
2026-05-31,2026-05,J0086,R06,Filled,5,5,0,32,True,651,2026-10-05
2026-05-31,2026-05,J0087,R07,Filled,7,7,0,24,True,651,2026-10-05
2026-05-31,2026-05,J0088,R08,Closed - Unfilled,8,4,0,31,True,651,2026-10-05
2026-05-31,2026-05,J0089,R09,Filled,6,6,0,31,True,651,2026-10-05
2026-05-31,2026-05,J0090,R10,Filled,8,8,0,36,True,651,2026-10-05
2026-05-31,2026-05,J0091,R01,Closed - Unfilled,10,4,0,22,True,621,2026-10-05
2026-05-31,2026-05,J0092,R02,Closed - Unfilled,9,2,0,21,True,621,2026-10-05
2026-05-31,2026-05,J0093,R03,Closed - Unfilled,10,6,0,31,True,621,2026-10-05
2026-05-31,2026-05,J0094,R04,Closed - Unfilled,7,6,0,28,True,621,2026-10-05
2026-05-31,2026-05,J0095,R05,Closed - Unfilled,9,4,0,31,True,621,2026-10-05
2026-05-31,2026-05,J0096,R06,Closed - Unfilled,7,4,0,37,True,621,2026-10-05
2026-05-31,2026-05,J0097,R07,Filled,6,6,0,39,True,621,2026-10-05
2026-05-31,2026-05,J0098,R08,Filled,6,6,0,23,True,621,2026-10-05
2026-05-31,2026-05,J0099,R09,Filled,6,6,0,30,True,621,2026-10-05
2026-05-31,2026-05,J0100,R10,Filled,9,9,0,32,True,621,2026-10-05
2026-05-31,2026-05,J0101,R01,Closed - Unfilled,7,3,0,30,True,590,2026-10-05
2026-05-31,2026-05,J0102,R02,Filled,5,5,0,33,True,590,2026-10-05
2026-05-31,2026-05,J0103,R03,Filled,8,8,0,32,True,590,2026-10-05
2026-05-31,2026-05,J0104,R04,Filled,8,8,0,28,True,590,2026-10-05
2026-05-31,2026-05,J0105,R05,Filled,5,5,0,36,True,590,2026-10-05
2026-05-31,2026-05,J0106,R06,Closed - Unfilled,6,3,0,32,True,590,2026-10-05
2026-05-31,2026-05,J0107,R07,Closed - Unfilled,10,8,0,28,True,590,2026-10-05
2026-05-31,2026-05,J0108,R08,Closed - Unfilled,8,2,0,24,True,590,2026-10-05
2026-05-31,2026-05,J0109,R09,Closed - Unfilled,9,3,0,22,True,590,2026-10-05
2026-05-31,2026-05,J0110,R10,Filled,5,5,0,27,True,590,2026-10-05
2026-05-31,2026-05,J0111,R01,Closed - Unfilled,8,7,0,32,True,560,2026-10-05
2026-05-31,2026-05,J0112,R02,Filled,6,6,0,27,True,560,2026-10-05
2026-05-31,2026-05,J0113,R03,Filled,8,8,0,29,True,560,2026-10-05
2026-05-31,2026-05,J0114,R04,Filled,5,5,0,35,True,560,2026-10-05
2026-05-31,2026-05,J0115,R05,Closed - Unfilled,10,7,0,32,True,560,2026-10-05
2026-05-31,2026-05,J0116,R06,Filled,5,5,0,32,True,560,2026-10-05
2026-05-31,2026-05,J0117,R07,Filled,8,8,0,30,True,560,2026-10-05
2026-05-31,2026-05,J0118,R08,Closed - Unfilled,8,7,0,22,True,560,2026-10-05
2026-05-31,2026-05,J0119,R09,Closed - Unfilled,8,4,0,28,True,560,2026-10-05
2026-05-31,2026-05,J0120,R10,Filled,9,9,0,31,True,560,2026-10-05
2026-05-31,2026-05,J0121,R01,Closed - Unfilled,9,5,0,23,True,529,2026-10-05
2026-05-31,2026-05,J0122,R02,Closed - Unfilled,10,5,0,30,True,529,2026-10-05
2026-05-31,2026-05,J0123,R03,Closed - Unfilled,7,6,0,27,True,529,2026-10-05
2026-05-31,2026-05,J0124,R04,Closed - Unfilled,8,7,0,31,True,529,2026-10-05
2026-05-31,2026-05,J0125,R05,Filled,5,5,0,32,True,529,2026-10-05
2026-05-31,2026-05,J0126,R06,Filled,8,8,0,33,True,529,2026-10-05
2026-05-31,2026-05,J0127,R07,Closed - Unfilled,9,7,0,25,True,529,2026-10-05
2026-05-31,2026-05,J0128,R08,Filled,10,10,0,27,True,529,2026-10-05
2026-05-31,2026-05,J0129,R09,Closed - Unfilled,9,5,0,26,True,529,2026-10-05
2026-05-31,2026-05,J0130,R10,Closed - Unfilled,7,5,0,26,True,529,2026-10-05
2026-05-31,2026-05,J0131,R01,Closed - Unfilled,6,5,0,34,True,498,2026-10-05
2026-05-31,2026-05,J0132,R02,Closed - Unfilled,9,4,0,22,True,498,2026-10-05
2026-05-31,2026-05,J0133,R03,Filled,6,6,0,35,True,498,2026-10-05
2026-05-31,2026-05,J0134,R04,Filled,8,8,0,39,True,498,2026-10-05
2026-05-31,2026-05,J0135,R05,Closed - Unfilled,10,7,0,36,True,498,2026-10-05
2026-05-31,2026-05,J0136,R06,Filled,8,8,0,30,True,498,2026-10-05
2026-05-31,2026-05,J0137,R07,Closed - Unfilled,10,9,0,27,True,498,2026-10-05
2026-05-31,2026-05,J0138,R08,Filled,5,5,0,28,True,498,2026-10-05
2026-05-31,2026-05,J0139,R09,Filled,6,6,0,31,True,498,2026-10-05
2026-05-31,2026-05,J0140,R10,Closed - Unfilled,9,3,0,21,True,498,2026-10-05
2026-05-31,2026-05,J0141,R01,Filled,5,5,0,25,True,470,2026-10-05
2026-05-31,2026-05,J0142,R02,Closed - Unfilled,8,7,0,28,True,470,2026-10-05
2026-05-31,2026-05,J0143,R03,Closed - Unfilled,9,8,0,34,True,470,2026-10-05
2026-05-31,2026-05,J0144,R04,Closed - Unfilled,8,4,0,31,True,470,2026-10-05
2026-05-31,2026-05,J0145,R05,Closed - Unfilled,9,5,0,26,True,470,2026-10-05
2026-05-31,2026-05,J0146,R06,Filled,5,5,0,33,True,470,2026-10-05
2026-05-31,2026-05,J0147,R07,Closed - Unfilled,6,3,0,19,True,470,2026-10-05
2026-05-31,2026-05,J0148,R08,Closed - Unfilled,7,3,0,27,True,470,2026-10-05
2026-05-31,2026-05,J0149,R09,Filled,7,7,0,29,True,470,2026-10-05
2026-05-31,2026-05,J0150,R10,Closed - Unfilled,8,5,0,30,True,470,2026-10-05
2026-05-31,2026-05,J0151,R01,Closed - Unfilled,6,3,0,28,True,439,2026-10-05
2026-05-31,2026-05,J0152,R02,Filled,8,8,0,31,True,439,2026-10-05
2026-05-31,2026-05,J0153,R03,Closed - Unfilled,10,8,0,27,True,439,2026-10-05
2026-05-31,2026-05,J0154,R04,Closed - Unfilled,6,5,0,31,True,439,2026-10-05
2026-05-31,2026-05,J0155,R05,Closed - Unfilled,9,6,0,23,True,439,2026-10-05
2026-05-31,2026-05,J0156,R06,Filled,6,6,0,38,True,439,2026-10-05
2026-05-31,2026-05,J0157,R07,Filled,5,5,0,26,True,439,2026-10-05
2026-05-31,2026-05,J0158,R08,Closed - Unfilled,7,4,0,22,True,439,2026-10-05
2026-05-31,2026-05,J0159,R09,Closed - Unfilled,6,4,0,21,True,439,2026-10-05
2026-05-31,2026-05,J0160,R10,Closed - Unfilled,8,4,0,30,True,439,2026-10-05
2026-05-31,2026-05,J0161,R01,Closed - Unfilled,5,4,0,21,True,409,2026-10-05
2026-05-31,2026-05,J0162,R02,Closed - Unfilled,9,4,0,32,True,409,2026-10-05
2026-05-31,2026-05,J0163,R03,Closed - Unfilled,7,1,0,32,True,409,2026-10-05
2026-05-31,2026-05,J0164,R04,Filled,9,9,0,28,True,409,2026-10-05
2026-05-31,2026-05,J0165,R05,Closed - Unfilled,7,6,0,26,True,409,2026-10-05
2026-05-31,2026-05,J0166,R06,Filled,8,8,0,39,True,409,2026-10-05
2026-05-31,2026-05,J0167,R07,Filled,7,7,0,28,True,409,2026-10-05
2026-05-31,2026-05,J0168,R08,Closed - Unfilled,10,1,0,22,True,409,2026-10-05
2026-05-31,2026-05,J0169,R09,Filled,7,7,0,28,True,409,2026-10-05
2026-05-31,2026-05,J0170,R10,Closed - Unfilled,9,6,0,32,True,409,2026-10-05
2026-05-31,2026-05,J0171,R01,Filled,7,7,0,31,True,378,2026-10-05
2026-05-31,2026-05,J0172,R02,Filled,7,7,0,28,True,378,2026-10-05
2026-05-31,2026-05,J0173,R03,Filled,7,7,0,30,True,378,2026-10-05
2026-05-31,2026-05,J0174,R04,Closed - Unfilled,7,5,0,28,True,378,2026-10-05
2026-05-31,2026-05,J0175,R05,Filled,6,6,0,31,True,378,2026-10-05
2026-05-31,2026-05,J0176,R06,Closed - Unfilled,8,7,0,30,True,378,2026-10-05
2026-05-31,2026-05,J0177,R07,Closed - Unfilled,7,6,0,23,True,378,2026-10-05
2026-05-31,2026-05,J0178,R08,Closed - Unfilled,8,5,0,28,True,378,2026-10-05
2026-05-31,2026-05,J0179,R09,Closed - Unfilled,10,4,0,32,True,378,2026-10-05
2026-05-31,2026-05,J0180,R10,Filled,8,8,0,34,True,378,2026-10-05
2026-05-31,2026-05,J0181,R01,Closed - Unfilled,7,4,0,27,True,348,2026-10-05
2026-05-31,2026-05,J0182,R02,Closed - Unfilled,9,5,0,29,True,348,2026-10-05
2026-05-31,2026-05,J0183,R03,Filled,5,5,0,32,True,348,2026-10-05
2026-05-31,2026-05,J0184,R04,Closed - Unfilled,7,5,0,23,True,348,2026-10-05
2026-05-31,2026-05,J0185,R05,Filled,9,9,0,35,True,348,2026-10-05
2026-05-31,2026-05,J0186,R06,Closed - Unfilled,10,4,0,36,True,348,2026-10-05
2026-05-31,2026-05,J0187,R07,Closed - Unfilled,9,4,0,25,True,348,2026-10-05
2026-05-31,2026-05,J0188,R08,Closed - Unfilled,8,6,0,32,True,348,2026-10-05
2026-05-31,2026-05,J0189,R09,Filled,5,5,0,29,True,348,2026-10-05
2026-05-31,2026-05,J0190,R10,Closed - Unfilled,9,7,0,36,True,348,2026-10-05
2026-05-31,2026-05,J0191,R01,Filled,7,7,0,30,True,317,2026-10-05
2026-05-31,2026-05,J0192,R02,Closed - Unfilled,8,5,0,27,True,317,2026-10-05
2026-05-31,2026-05,J0193,R03,Closed - Unfilled,5,4,0,27,True,317,2026-10-05
2026-05-31,2026-05,J0194,R04,Filled,7,7,0,30,True,317,2026-10-05
2026-05-31,2026-05,J0195,R05,Closed - Unfilled,8,7,0,36,True,317,2026-10-05
2026-05-31,2026-05,J0196,R06,Closed - Unfilled,10,3,0,32,True,317,2026-10-05
2026-05-31,2026-05,J0197,R07,Filled,5,5,0,30,True,317,2026-10-05
2026-05-31,2026-05,J0198,R08,Filled,5,5,0,27,True,317,2026-10-05
2026-05-31,2026-05,J0199,R09,Closed - Unfilled,5,4,0,28,True,317,2026-10-05
2026-05-31,2026-05,J0200,R10,Closed - Unfilled,7,6,0,27,True,317,2026-10-05
2026-05-31,2026-05,J0201,R01,Closed - Unfilled,10,6,0,28,True,286,2026-10-05
2026-05-31,2026-05,J0202,R02,Closed - Unfilled,9,6,0,31,True,286,2026-10-05
2026-05-31,2026-05,J0203,R03,Closed - Unfilled,6,2,0,31,True,286,2026-10-05
2026-05-31,2026-05,J0204,R04,Closed - Unfilled,10,7,0,26,True,286,2026-10-05
2026-05-31,2026-05,J0205,R05,Closed - Unfilled,9,5,0,32,True,286,2026-10-05
2026-05-31,2026-05,J0206,R06,Closed - Unfilled,9,7,0,26,True,286,2026-10-05
2026-05-31,2026-05,J0207,R07,Closed - Unfilled,10,5,0,32,True,286,2026-10-05
2026-05-31,2026-05,J0208,R08,Filled,6,6,0,29,True,286,2026-10-05
2026-05-31,2026-05,J0209,R09,Filled,5,5,0,26,True,286,2026-10-05
2026-05-31,2026-05,J0210,R10,Filled,7,7,0,32,True,286,2026-10-05
2026-05-31,2026-05,J0211,R01,Closed - Unfilled,5,3,0,31,True,256,2026-10-05
2026-05-31,2026-05,J0212,R02,Closed - Unfilled,10,5,0,26,True,256,2026-10-05
2026-05-31,2026-05,J0213,R03,Filled,5,5,0,25,True,256,2026-10-05
2026-05-31,2026-05,J0214,R04,Closed - Unfilled,8,7,0,27,True,256,2026-10-05
2026-05-31,2026-05,J0215,R05,Filled,8,8,0,35,True,256,2026-10-05
2026-05-31,2026-05,J0216,R06,Filled,5,5,0,33,True,256,2026-10-05
2026-05-31,2026-05,J0217,R07,Filled,7,7,0,30,True,256,2026-10-05
2026-05-31,2026-05,J0218,R08,Closed - Unfilled,6,4,0,26,True,256,2026-10-05
2026-05-31,2026-05,J0219,R09,Closed - Unfilled,9,6,0,33,True,256,2026-10-05
2026-05-31,2026-05,J0220,R10,Closed - Unfilled,9,5,0,28,True,256,2026-10-05
2026-05-31,2026-05,J0221,R01,Closed - Unfilled,10,2,0,23,True,225,2026-10-05
2026-05-31,2026-05,J0222,R02,Filled,7,7,0,31,True,225,2026-10-05
2026-05-31,2026-05,J0223,R03,Filled,5,5,0,23,True,225,2026-10-05
2026-05-31,2026-05,J0224,R04,Filled,6,6,0,17,True,225,2026-10-05
2026-05-31,2026-05,J0225,R05,Closed - Unfilled,10,9,0,32,True,225,2026-10-05
2026-05-31,2026-05,J0226,R06,Closed - Unfilled,10,6,0,26,True,225,2026-10-05
2026-05-31,2026-05,J0227,R07,Closed - Unfilled,7,5,0,27,True,225,2026-10-05
2026-05-31,2026-05,J0228,R08,Closed - Unfilled,10,9,0,45,True,225,2026-10-05
2026-05-31,2026-05,J0229,R09,Filled,7,7,0,43,True,225,2026-10-05
2026-05-31,2026-05,J0230,R10,Closed - Unfilled,8,6,0,30,True,225,2026-10-05
2026-05-31,2026-05,J0231,R01,Filled,5,5,0,30,True,195,2026-10-05
2026-05-31,2026-05,J0232,R02,Filled,6,6,0,25,True,195,2026-10-05
2026-05-31,2026-05,J0233,R03,Filled,9,9,0,29,True,195,2026-10-05
2026-05-31,2026-05,J0234,R04,Closed - Unfilled,8,7,0,28,True,195,2026-10-05
2026-05-31,2026-05,J0235,R05,Filled,5,5,0,32,True,195,2026-10-05
2026-05-31,2026-05,J0236,R06,Filled,9,9,0,42,True,195,2026-10-05
2026-05-31,2026-05,J0237,R07,Filled,7,7,0,27,True,195,2026-10-05
2026-05-31,2026-05,J0238,R08,Filled,8,8,0,25,True,195,2026-10-05
2026-05-31,2026-05,J0239,R09,Closed - Unfilled,10,7,0,33,True,195,2026-10-05
2026-05-31,2026-05,J0240,R10,Filled,8,8,0,29,True,195,2026-10-05
2026-05-31,2026-05,J0241,R01,Closed - Unfilled,7,6,0,24,True,164,2026-10-05
2026-05-31,2026-05,J0242,R02,Closed - Unfilled,5,3,0,24,True,164,2026-10-05
2026-05-31,2026-05,J0243,R03,Closed - Unfilled,8,5,0,30,True,164,2026-10-05
2026-05-31,2026-05,J0244,R04,Closed - Unfilled,9,8,0,37,True,164,2026-10-05
2026-05-31,2026-05,J0245,R05,Closed - Unfilled,10,9,0,27,True,164,2026-10-05
2026-05-31,2026-05,J0246,R06,Closed - Unfilled,10,7,0,32,True,164,2026-10-05
2026-05-31,2026-05,J0247,R07,Filled,5,5,0,27,True,164,2026-10-05
2026-05-31,2026-05,J0248,R08,Closed - Unfilled,10,6,0,31,True,164,2026-10-05
2026-05-31,2026-05,J0249,R09,Closed - Unfilled,5,4,0,31,True,164,2026-10-05
2026-05-31,2026-05,J0250,R10,Filled,10,10,0,32,True,164,2026-10-05
2026-05-31,2026-05,J0251,R01,Closed - Unfilled,9,8,0,28,True,133,2026-10-05
2026-05-31,2026-05,J0252,R02,Closed - Unfilled,9,8,0,25,True,133,2026-10-05
2026-05-31,2026-05,J0253,R03,Closed - Unfilled,8,6,0,28,True,133,2026-10-05
2026-05-31,2026-05,J0254,R04,Filled,10,10,0,30,True,133,2026-10-05
2026-05-31,2026-05,J0255,R05,Filled,7,7,0,32,True,133,2026-10-05
2026-05-31,2026-05,J0256,R06,Filled,7,7,0,28,True,133,2026-10-05
2026-05-31,2026-05,J0257,R07,Closed - Unfilled,8,2,0,20,True,133,2026-10-05
2026-05-31,2026-05,J0258,R08,Filled,9,9,0,27,True,133,2026-10-05
2026-05-31,2026-05,J0259,R09,Closed - Unfilled,10,9,0,22,True,133,2026-10-05
2026-05-31,2026-05,J0260,R10,Filled,8,8,0,28,True,133,2026-10-05
2026-05-31,2026-05,J0261,R01,Open,9,6,3,28,True,105,2026-10-05
2026-05-31,2026-05,J0262,R02,Filled,8,8,0,23,True,105,2026-10-05
2026-05-31,2026-05,J0263,R03,Filled,8,8,0,27,True,105,2026-10-05
2026-05-31,2026-05,J0264,R04,Filled,6,6,0,27,True,105,2026-10-05
2026-05-31,2026-05,J0265,R05,Filled,5,5,0,39,True,105,2026-10-05
2026-05-31,2026-05,J0266,R06,Filled,7,7,0,39,True,105,2026-10-05
2026-05-31,2026-05,J0267,R07,Open,10,7,3,25,True,105,2026-10-05
2026-05-31,2026-05,J0268,R08,Open,6,5,1,29,True,105,2026-10-05
2026-05-31,2026-05,J0269,R09,Open,10,8,2,30,True,105,2026-10-05
2026-05-31,2026-05,J0270,R10,Open,10,9,1,32,True,105,2026-10-05
2026-05-31,2026-05,J0271,R01,Open,7,6,1,30,True,74,2026-10-05
2026-05-31,2026-05,J0272,R02,Filled,5,5,0,28,True,74,2026-10-05
2026-05-31,2026-05,J0273,R03,Open,7,3,4,19,True,74,2026-10-05
2026-05-31,2026-05,J0274,R04,Filled,5,5,0,29,True,74,2026-10-05
2026-05-31,2026-05,J0275,R05,Filled,10,10,0,27,True,74,2026-10-05
2026-05-31,2026-05,J0276,R06,Filled,9,9,0,34,True,74,2026-10-05
2026-05-31,2026-05,J0277,R07,Open,9,7,2,26,True,74,2026-10-05
2026-05-31,2026-05,J0278,R08,Open,9,7,2,30,True,74,2026-10-05
2026-05-31,2026-05,J0279,R09,Open,10,4,6,29,True,74,2026-10-05
2026-05-31,2026-05,J0280,R10,Open,9,6,3,26,True,74,2026-10-05
2026-05-31,2026-05,J0281,R01,Open,10,3,7,13,True,44,2026-10-05
2026-05-31,2026-05,J0282,R02,Open,5,0,5,18,True,44,2026-10-05
2026-05-31,2026-05,J0283,R03,Open,5,0,5,12,True,44,2026-10-05
2026-05-31,2026-05,J0284,R04,Open,5,0,5,15,True,44,2026-10-05
2026-05-31,2026-05,J0285,R05,Open,5,1,4,22,True,44,2026-10-05
2026-05-31,2026-05,J0286,R06,Open,7,0,7,23,True,44,2026-10-05
2026-05-31,2026-05,J0287,R07,Open,7,1,6,20,True,44,2026-10-05
2026-05-31,2026-05,J0288,R08,Open,7,1,6,16,True,44,2026-10-05
2026-05-31,2026-05,J0289,R09,Open,7,0,7,21,True,44,2026-10-05
2026-05-31,2026-05,J0290,R10,Open,7,0,7,16,True,44,2026-10-05
2026-05-31,2026-05,J0291,R01,Open,6,0,6,0,False,13,2026-10-05
2026-05-31,2026-05,J0292,R02,Open,6,0,6,0,False,13,2026-10-05
2026-05-31,2026-05,J0293,R03,Open,7,0,7,0,False,13,2026-10-05
2026-05-31,2026-05,J0294,R04,Open,5,0,5,0,False,13,2026-10-05
2026-05-31,2026-05,J0295,R05,Open,5,0,5,0,False,13,2026-10-05
2026-05-31,2026-05,J0296,R06,Open,8,0,8,0,False,13,2026-10-05
2026-05-31,2026-05,J0297,R07,Open,7,0,7,0,False,13,2026-10-05
2026-05-31,2026-05,J0298,R08,Open,5,0,5,0,False,13,2026-10-05
2026-05-31,2026-05,J0299,R09,Open,7,0,7,0,False,13,2026-10-05
2026-05-31,2026-05,J0300,R10,Open,6,0,6,0,False,13,2026-10-05
2026-06-30,2026-06,J0001,R01,Closed - Unfilled,7,4,0,27,True,911,2026-10-05
2026-06-30,2026-06,J0002,R02,Filled,5,5,0,24,True,911,2026-10-05
2026-06-30,2026-06,J0003,R03,Closed - Unfilled,10,5,0,30,True,911,2026-10-05
2026-06-30,2026-06,J0004,R04,Filled,8,8,0,35,True,911,2026-10-05
2026-06-30,2026-06,J0005,R05,Filled,8,8,0,32,True,911,2026-10-05
2026-06-30,2026-06,J0006,R06,Closed - Unfilled,9,3,0,23,True,911,2026-10-05
2026-06-30,2026-06,J0007,R07,Closed - Unfilled,10,4,0,25,True,911,2026-10-05
2026-06-30,2026-06,J0008,R08,Closed - Unfilled,8,7,0,24,True,911,2026-10-05
2026-06-30,2026-06,J0009,R09,Closed - Unfilled,10,6,0,24,True,911,2026-10-05
2026-06-30,2026-06,J0010,R10,Closed - Unfilled,10,4,0,27,True,911,2026-10-05
2026-06-30,2026-06,J0011,R01,Filled,9,9,0,31,True,894,2026-10-05
2026-06-30,2026-06,J0012,R02,Closed - Unfilled,9,8,0,34,True,894,2026-10-05
2026-06-30,2026-06,J0013,R03,Closed - Unfilled,10,4,0,25,True,894,2026-10-05
2026-06-30,2026-06,J0014,R04,Closed - Unfilled,10,3,0,30,True,894,2026-10-05
2026-06-30,2026-06,J0015,R05,Filled,7,7,0,34,True,894,2026-10-05
2026-06-30,2026-06,J0016,R06,Filled,9,9,0,35,True,894,2026-10-05
2026-06-30,2026-06,J0017,R07,Filled,8,8,0,23,True,894,2026-10-05
2026-06-30,2026-06,J0018,R08,Closed - Unfilled,9,7,0,35,True,894,2026-10-05
2026-06-30,2026-06,J0019,R09,Closed - Unfilled,10,4,0,29,True,894,2026-10-05
2026-06-30,2026-06,J0020,R10,Filled,7,7,0,25,True,894,2026-10-05
2026-06-30,2026-06,J0021,R01,Closed - Unfilled,5,1,0,20,True,865,2026-10-05
2026-06-30,2026-06,J0022,R02,Filled,6,6,0,31,True,865,2026-10-05
2026-06-30,2026-06,J0023,R03,Closed - Unfilled,8,5,0,28,True,865,2026-10-05
2026-06-30,2026-06,J0024,R04,Filled,6,6,0,29,True,865,2026-10-05
2026-06-30,2026-06,J0025,R05,Closed - Unfilled,8,7,0,28,True,865,2026-10-05
2026-06-30,2026-06,J0026,R06,Closed - Unfilled,9,6,0,37,True,865,2026-10-05
2026-06-30,2026-06,J0027,R07,Closed - Unfilled,10,8,0,26,True,865,2026-10-05
2026-06-30,2026-06,J0028,R08,Filled,7,7,0,27,True,865,2026-10-05
2026-06-30,2026-06,J0029,R09,Closed - Unfilled,9,4,0,24,True,865,2026-10-05
2026-06-30,2026-06,J0030,R10,Closed - Unfilled,8,3,0,23,True,865,2026-10-05
2026-06-30,2026-06,J0031,R01,Closed - Unfilled,9,5,0,30,True,834,2026-10-05
2026-06-30,2026-06,J0032,R02,Closed - Unfilled,10,6,0,37,True,834,2026-10-05
2026-06-30,2026-06,J0033,R03,Closed - Unfilled,5,4,0,30,True,834,2026-10-05
2026-06-30,2026-06,J0034,R04,Closed - Unfilled,10,8,0,27,True,834,2026-10-05
2026-06-30,2026-06,J0035,R05,Closed - Unfilled,8,5,0,30,True,834,2026-10-05
2026-06-30,2026-06,J0036,R06,Closed - Unfilled,10,9,0,41,True,834,2026-10-05
2026-06-30,2026-06,J0037,R07,Closed - Unfilled,8,6,0,24,True,834,2026-10-05
2026-06-30,2026-06,J0038,R08,Filled,7,7,0,32,True,834,2026-10-05
2026-06-30,2026-06,J0039,R09,Closed - Unfilled,7,5,0,26,True,834,2026-10-05
2026-06-30,2026-06,J0040,R10,Filled,6,6,0,28,True,834,2026-10-05
2026-06-30,2026-06,J0041,R01,Filled,5,5,0,34,True,804,2026-10-05
2026-06-30,2026-06,J0042,R02,Filled,5,5,0,33,True,804,2026-10-05
2026-06-30,2026-06,J0043,R03,Filled,7,7,0,32,True,804,2026-10-05
2026-06-30,2026-06,J0044,R04,Closed - Unfilled,7,6,0,33,True,804,2026-10-05
2026-06-30,2026-06,J0045,R05,Closed - Unfilled,9,4,0,31,True,804,2026-10-05
2026-06-30,2026-06,J0046,R06,Filled,7,7,0,35,True,804,2026-10-05
2026-06-30,2026-06,J0047,R07,Closed - Unfilled,8,7,0,26,True,804,2026-10-05
2026-06-30,2026-06,J0048,R08,Filled,9,9,0,37,True,804,2026-10-05
2026-06-30,2026-06,J0049,R09,Closed - Unfilled,6,4,0,21,True,804,2026-10-05
2026-06-30,2026-06,J0050,R10,Closed - Unfilled,10,3,0,34,True,804,2026-10-05
2026-06-30,2026-06,J0051,R01,Closed - Unfilled,10,6,0,26,True,773,2026-10-05
2026-06-30,2026-06,J0052,R02,Closed - Unfilled,9,4,0,24,True,773,2026-10-05
2026-06-30,2026-06,J0053,R03,Closed - Unfilled,10,9,0,36,True,773,2026-10-05
2026-06-30,2026-06,J0054,R04,Filled,6,6,0,28,True,773,2026-10-05
2026-06-30,2026-06,J0055,R05,Filled,5,5,0,33,True,773,2026-10-05
2026-06-30,2026-06,J0056,R06,Closed - Unfilled,8,5,0,27,True,773,2026-10-05
2026-06-30,2026-06,J0057,R07,Closed - Unfilled,6,3,0,19,True,773,2026-10-05
2026-06-30,2026-06,J0058,R08,Closed - Unfilled,10,2,0,30,True,773,2026-10-05
2026-06-30,2026-06,J0059,R09,Filled,6,6,0,29,True,773,2026-10-05
2026-06-30,2026-06,J0060,R10,Closed - Unfilled,8,6,0,33,True,773,2026-10-05
2026-06-30,2026-06,J0061,R01,Closed - Unfilled,7,3,0,27,True,743,2026-10-05
2026-06-30,2026-06,J0062,R02,Closed - Unfilled,9,5,0,23,True,743,2026-10-05
2026-06-30,2026-06,J0063,R03,Closed - Unfilled,10,8,0,33,True,743,2026-10-05
2026-06-30,2026-06,J0064,R04,Closed - Unfilled,9,5,0,29,True,743,2026-10-05
2026-06-30,2026-06,J0065,R05,Filled,9,9,0,31,True,743,2026-10-05
2026-06-30,2026-06,J0066,R06,Closed - Unfilled,5,4,0,35,True,743,2026-10-05
2026-06-30,2026-06,J0067,R07,Closed - Unfilled,7,3,0,26,True,743,2026-10-05
2026-06-30,2026-06,J0068,R08,Filled,5,5,0,26,True,743,2026-10-05
2026-06-30,2026-06,J0069,R09,Filled,8,8,0,27,True,743,2026-10-05
2026-06-30,2026-06,J0070,R10,Closed - Unfilled,10,5,0,33,True,743,2026-10-05
2026-06-30,2026-06,J0071,R01,Closed - Unfilled,10,1,0,30,True,712,2026-10-05
2026-06-30,2026-06,J0072,R02,Filled,6,6,0,34,True,712,2026-10-05
2026-06-30,2026-06,J0073,R03,Filled,7,7,0,28,True,712,2026-10-05
2026-06-30,2026-06,J0074,R04,Filled,7,7,0,34,True,712,2026-10-05
2026-06-30,2026-06,J0075,R05,Closed - Unfilled,10,7,0,38,True,712,2026-10-05
2026-06-30,2026-06,J0076,R06,Filled,6,6,0,32,True,712,2026-10-05
2026-06-30,2026-06,J0077,R07,Closed - Unfilled,10,9,0,29,True,712,2026-10-05
2026-06-30,2026-06,J0078,R08,Filled,5,5,0,27,True,712,2026-10-05
2026-06-30,2026-06,J0079,R09,Closed - Unfilled,10,7,0,27,True,712,2026-10-05
2026-06-30,2026-06,J0080,R10,Closed - Unfilled,8,4,0,29,True,712,2026-10-05
2026-06-30,2026-06,J0081,R01,Filled,5,5,0,30,True,681,2026-10-05
2026-06-30,2026-06,J0082,R02,Filled,7,7,0,34,True,681,2026-10-05
2026-06-30,2026-06,J0083,R03,Filled,5,5,0,27,True,681,2026-10-05
2026-06-30,2026-06,J0084,R04,Filled,6,6,0,32,True,681,2026-10-05
2026-06-30,2026-06,J0085,R05,Filled,7,7,0,30,True,681,2026-10-05
2026-06-30,2026-06,J0086,R06,Filled,5,5,0,32,True,681,2026-10-05
2026-06-30,2026-06,J0087,R07,Filled,7,7,0,24,True,681,2026-10-05
2026-06-30,2026-06,J0088,R08,Closed - Unfilled,8,4,0,31,True,681,2026-10-05
2026-06-30,2026-06,J0089,R09,Filled,6,6,0,31,True,681,2026-10-05
2026-06-30,2026-06,J0090,R10,Filled,8,8,0,36,True,681,2026-10-05
2026-06-30,2026-06,J0091,R01,Closed - Unfilled,10,4,0,22,True,651,2026-10-05
2026-06-30,2026-06,J0092,R02,Closed - Unfilled,9,2,0,21,True,651,2026-10-05
2026-06-30,2026-06,J0093,R03,Closed - Unfilled,10,6,0,31,True,651,2026-10-05
2026-06-30,2026-06,J0094,R04,Closed - Unfilled,7,6,0,28,True,651,2026-10-05
2026-06-30,2026-06,J0095,R05,Closed - Unfilled,9,4,0,31,True,651,2026-10-05
2026-06-30,2026-06,J0096,R06,Closed - Unfilled,7,4,0,37,True,651,2026-10-05
2026-06-30,2026-06,J0097,R07,Filled,6,6,0,39,True,651,2026-10-05
2026-06-30,2026-06,J0098,R08,Filled,6,6,0,23,True,651,2026-10-05
2026-06-30,2026-06,J0099,R09,Filled,6,6,0,30,True,651,2026-10-05
2026-06-30,2026-06,J0100,R10,Filled,9,9,0,32,True,651,2026-10-05
2026-06-30,2026-06,J0101,R01,Closed - Unfilled,7,3,0,30,True,620,2026-10-05
2026-06-30,2026-06,J0102,R02,Filled,5,5,0,33,True,620,2026-10-05
2026-06-30,2026-06,J0103,R03,Filled,8,8,0,32,True,620,2026-10-05
2026-06-30,2026-06,J0104,R04,Filled,8,8,0,28,True,620,2026-10-05
2026-06-30,2026-06,J0105,R05,Filled,5,5,0,36,True,620,2026-10-05
2026-06-30,2026-06,J0106,R06,Closed - Unfilled,6,3,0,32,True,620,2026-10-05
2026-06-30,2026-06,J0107,R07,Closed - Unfilled,10,8,0,28,True,620,2026-10-05
2026-06-30,2026-06,J0108,R08,Closed - Unfilled,8,2,0,24,True,620,2026-10-05
2026-06-30,2026-06,J0109,R09,Closed - Unfilled,9,3,0,22,True,620,2026-10-05
2026-06-30,2026-06,J0110,R10,Filled,5,5,0,27,True,620,2026-10-05
2026-06-30,2026-06,J0111,R01,Closed - Unfilled,8,7,0,32,True,590,2026-10-05
2026-06-30,2026-06,J0112,R02,Filled,6,6,0,27,True,590,2026-10-05
2026-06-30,2026-06,J0113,R03,Filled,8,8,0,29,True,590,2026-10-05
2026-06-30,2026-06,J0114,R04,Filled,5,5,0,35,True,590,2026-10-05
2026-06-30,2026-06,J0115,R05,Closed - Unfilled,10,7,0,32,True,590,2026-10-05
2026-06-30,2026-06,J0116,R06,Filled,5,5,0,32,True,590,2026-10-05
2026-06-30,2026-06,J0117,R07,Filled,8,8,0,30,True,590,2026-10-05
2026-06-30,2026-06,J0118,R08,Closed - Unfilled,8,7,0,22,True,590,2026-10-05
2026-06-30,2026-06,J0119,R09,Closed - Unfilled,8,4,0,28,True,590,2026-10-05
2026-06-30,2026-06,J0120,R10,Filled,9,9,0,31,True,590,2026-10-05
2026-06-30,2026-06,J0121,R01,Closed - Unfilled,9,5,0,23,True,559,2026-10-05
2026-06-30,2026-06,J0122,R02,Closed - Unfilled,10,5,0,30,True,559,2026-10-05
2026-06-30,2026-06,J0123,R03,Closed - Unfilled,7,6,0,27,True,559,2026-10-05
2026-06-30,2026-06,J0124,R04,Closed - Unfilled,8,7,0,31,True,559,2026-10-05
2026-06-30,2026-06,J0125,R05,Filled,5,5,0,32,True,559,2026-10-05
2026-06-30,2026-06,J0126,R06,Filled,8,8,0,33,True,559,2026-10-05
2026-06-30,2026-06,J0127,R07,Closed - Unfilled,9,7,0,25,True,559,2026-10-05
2026-06-30,2026-06,J0128,R08,Filled,10,10,0,27,True,559,2026-10-05
2026-06-30,2026-06,J0129,R09,Closed - Unfilled,9,5,0,26,True,559,2026-10-05
2026-06-30,2026-06,J0130,R10,Closed - Unfilled,7,5,0,26,True,559,2026-10-05
2026-06-30,2026-06,J0131,R01,Closed - Unfilled,6,5,0,34,True,528,2026-10-05
2026-06-30,2026-06,J0132,R02,Closed - Unfilled,9,4,0,22,True,528,2026-10-05
2026-06-30,2026-06,J0133,R03,Filled,6,6,0,35,True,528,2026-10-05
2026-06-30,2026-06,J0134,R04,Filled,8,8,0,39,True,528,2026-10-05
2026-06-30,2026-06,J0135,R05,Closed - Unfilled,10,7,0,36,True,528,2026-10-05
2026-06-30,2026-06,J0136,R06,Filled,8,8,0,30,True,528,2026-10-05
2026-06-30,2026-06,J0137,R07,Closed - Unfilled,10,9,0,27,True,528,2026-10-05
2026-06-30,2026-06,J0138,R08,Filled,5,5,0,28,True,528,2026-10-05
2026-06-30,2026-06,J0139,R09,Filled,6,6,0,31,True,528,2026-10-05
2026-06-30,2026-06,J0140,R10,Closed - Unfilled,9,3,0,21,True,528,2026-10-05
2026-06-30,2026-06,J0141,R01,Filled,5,5,0,25,True,500,2026-10-05
2026-06-30,2026-06,J0142,R02,Closed - Unfilled,8,7,0,28,True,500,2026-10-05
2026-06-30,2026-06,J0143,R03,Closed - Unfilled,9,8,0,34,True,500,2026-10-05
2026-06-30,2026-06,J0144,R04,Closed - Unfilled,8,4,0,31,True,500,2026-10-05
2026-06-30,2026-06,J0145,R05,Closed - Unfilled,9,5,0,26,True,500,2026-10-05
2026-06-30,2026-06,J0146,R06,Filled,5,5,0,33,True,500,2026-10-05
2026-06-30,2026-06,J0147,R07,Closed - Unfilled,6,3,0,19,True,500,2026-10-05
2026-06-30,2026-06,J0148,R08,Closed - Unfilled,7,3,0,27,True,500,2026-10-05
2026-06-30,2026-06,J0149,R09,Filled,7,7,0,29,True,500,2026-10-05
2026-06-30,2026-06,J0150,R10,Closed - Unfilled,8,5,0,30,True,500,2026-10-05
2026-06-30,2026-06,J0151,R01,Closed - Unfilled,6,3,0,28,True,469,2026-10-05
2026-06-30,2026-06,J0152,R02,Filled,8,8,0,31,True,469,2026-10-05
2026-06-30,2026-06,J0153,R03,Closed - Unfilled,10,8,0,27,True,469,2026-10-05
2026-06-30,2026-06,J0154,R04,Closed - Unfilled,6,5,0,31,True,469,2026-10-05
2026-06-30,2026-06,J0155,R05,Closed - Unfilled,9,6,0,23,True,469,2026-10-05
2026-06-30,2026-06,J0156,R06,Filled,6,6,0,38,True,469,2026-10-05
2026-06-30,2026-06,J0157,R07,Filled,5,5,0,26,True,469,2026-10-05
2026-06-30,2026-06,J0158,R08,Closed - Unfilled,7,4,0,22,True,469,2026-10-05
2026-06-30,2026-06,J0159,R09,Closed - Unfilled,6,4,0,21,True,469,2026-10-05
2026-06-30,2026-06,J0160,R10,Closed - Unfilled,8,4,0,30,True,469,2026-10-05
2026-06-30,2026-06,J0161,R01,Closed - Unfilled,5,4,0,21,True,439,2026-10-05
2026-06-30,2026-06,J0162,R02,Closed - Unfilled,9,4,0,32,True,439,2026-10-05
2026-06-30,2026-06,J0163,R03,Closed - Unfilled,7,1,0,32,True,439,2026-10-05
2026-06-30,2026-06,J0164,R04,Filled,9,9,0,28,True,439,2026-10-05
2026-06-30,2026-06,J0165,R05,Closed - Unfilled,7,6,0,26,True,439,2026-10-05
2026-06-30,2026-06,J0166,R06,Filled,8,8,0,39,True,439,2026-10-05
2026-06-30,2026-06,J0167,R07,Filled,7,7,0,28,True,439,2026-10-05
2026-06-30,2026-06,J0168,R08,Closed - Unfilled,10,1,0,22,True,439,2026-10-05
2026-06-30,2026-06,J0169,R09,Filled,7,7,0,28,True,439,2026-10-05
2026-06-30,2026-06,J0170,R10,Closed - Unfilled,9,6,0,32,True,439,2026-10-05
2026-06-30,2026-06,J0171,R01,Filled,7,7,0,31,True,408,2026-10-05
2026-06-30,2026-06,J0172,R02,Filled,7,7,0,28,True,408,2026-10-05
2026-06-30,2026-06,J0173,R03,Filled,7,7,0,30,True,408,2026-10-05
2026-06-30,2026-06,J0174,R04,Closed - Unfilled,7,5,0,28,True,408,2026-10-05
2026-06-30,2026-06,J0175,R05,Filled,6,6,0,31,True,408,2026-10-05
2026-06-30,2026-06,J0176,R06,Closed - Unfilled,8,7,0,30,True,408,2026-10-05
2026-06-30,2026-06,J0177,R07,Closed - Unfilled,7,6,0,23,True,408,2026-10-05
2026-06-30,2026-06,J0178,R08,Closed - Unfilled,8,5,0,28,True,408,2026-10-05
2026-06-30,2026-06,J0179,R09,Closed - Unfilled,10,4,0,32,True,408,2026-10-05
2026-06-30,2026-06,J0180,R10,Filled,8,8,0,34,True,408,2026-10-05
2026-06-30,2026-06,J0181,R01,Closed - Unfilled,7,4,0,27,True,378,2026-10-05
2026-06-30,2026-06,J0182,R02,Closed - Unfilled,9,5,0,29,True,378,2026-10-05
2026-06-30,2026-06,J0183,R03,Filled,5,5,0,32,True,378,2026-10-05
2026-06-30,2026-06,J0184,R04,Closed - Unfilled,7,5,0,23,True,378,2026-10-05
2026-06-30,2026-06,J0185,R05,Filled,9,9,0,35,True,378,2026-10-05
2026-06-30,2026-06,J0186,R06,Closed - Unfilled,10,4,0,36,True,378,2026-10-05
2026-06-30,2026-06,J0187,R07,Closed - Unfilled,9,4,0,25,True,378,2026-10-05
2026-06-30,2026-06,J0188,R08,Closed - Unfilled,8,6,0,32,True,378,2026-10-05
2026-06-30,2026-06,J0189,R09,Filled,5,5,0,29,True,378,2026-10-05
2026-06-30,2026-06,J0190,R10,Closed - Unfilled,9,7,0,36,True,378,2026-10-05
2026-06-30,2026-06,J0191,R01,Filled,7,7,0,30,True,347,2026-10-05
2026-06-30,2026-06,J0192,R02,Closed - Unfilled,8,5,0,27,True,347,2026-10-05
2026-06-30,2026-06,J0193,R03,Closed - Unfilled,5,4,0,27,True,347,2026-10-05
2026-06-30,2026-06,J0194,R04,Filled,7,7,0,30,True,347,2026-10-05
2026-06-30,2026-06,J0195,R05,Closed - Unfilled,8,7,0,36,True,347,2026-10-05
2026-06-30,2026-06,J0196,R06,Closed - Unfilled,10,3,0,32,True,347,2026-10-05
2026-06-30,2026-06,J0197,R07,Filled,5,5,0,30,True,347,2026-10-05
2026-06-30,2026-06,J0198,R08,Filled,5,5,0,27,True,347,2026-10-05
2026-06-30,2026-06,J0199,R09,Closed - Unfilled,5,4,0,28,True,347,2026-10-05
2026-06-30,2026-06,J0200,R10,Closed - Unfilled,7,6,0,27,True,347,2026-10-05
2026-06-30,2026-06,J0201,R01,Closed - Unfilled,10,6,0,28,True,316,2026-10-05
2026-06-30,2026-06,J0202,R02,Closed - Unfilled,9,6,0,31,True,316,2026-10-05
2026-06-30,2026-06,J0203,R03,Closed - Unfilled,6,2,0,31,True,316,2026-10-05
2026-06-30,2026-06,J0204,R04,Closed - Unfilled,10,7,0,26,True,316,2026-10-05
2026-06-30,2026-06,J0205,R05,Closed - Unfilled,9,5,0,32,True,316,2026-10-05
2026-06-30,2026-06,J0206,R06,Closed - Unfilled,9,7,0,26,True,316,2026-10-05
2026-06-30,2026-06,J0207,R07,Closed - Unfilled,10,5,0,32,True,316,2026-10-05
2026-06-30,2026-06,J0208,R08,Filled,6,6,0,29,True,316,2026-10-05
2026-06-30,2026-06,J0209,R09,Filled,5,5,0,26,True,316,2026-10-05
2026-06-30,2026-06,J0210,R10,Filled,7,7,0,32,True,316,2026-10-05
2026-06-30,2026-06,J0211,R01,Closed - Unfilled,5,3,0,31,True,286,2026-10-05
2026-06-30,2026-06,J0212,R02,Closed - Unfilled,10,5,0,26,True,286,2026-10-05
2026-06-30,2026-06,J0213,R03,Filled,5,5,0,25,True,286,2026-10-05
2026-06-30,2026-06,J0214,R04,Closed - Unfilled,8,7,0,27,True,286,2026-10-05
2026-06-30,2026-06,J0215,R05,Filled,8,8,0,35,True,286,2026-10-05
2026-06-30,2026-06,J0216,R06,Filled,5,5,0,33,True,286,2026-10-05
2026-06-30,2026-06,J0217,R07,Filled,7,7,0,30,True,286,2026-10-05
2026-06-30,2026-06,J0218,R08,Closed - Unfilled,6,4,0,26,True,286,2026-10-05
2026-06-30,2026-06,J0219,R09,Closed - Unfilled,9,6,0,33,True,286,2026-10-05
2026-06-30,2026-06,J0220,R10,Closed - Unfilled,9,5,0,28,True,286,2026-10-05
2026-06-30,2026-06,J0221,R01,Closed - Unfilled,10,2,0,23,True,255,2026-10-05
2026-06-30,2026-06,J0222,R02,Filled,7,7,0,31,True,255,2026-10-05
2026-06-30,2026-06,J0223,R03,Filled,5,5,0,23,True,255,2026-10-05
2026-06-30,2026-06,J0224,R04,Filled,6,6,0,17,True,255,2026-10-05
2026-06-30,2026-06,J0225,R05,Closed - Unfilled,10,9,0,32,True,255,2026-10-05
2026-06-30,2026-06,J0226,R06,Closed - Unfilled,10,6,0,26,True,255,2026-10-05
2026-06-30,2026-06,J0227,R07,Closed - Unfilled,7,5,0,27,True,255,2026-10-05
2026-06-30,2026-06,J0228,R08,Closed - Unfilled,10,9,0,45,True,255,2026-10-05
2026-06-30,2026-06,J0229,R09,Filled,7,7,0,43,True,255,2026-10-05
2026-06-30,2026-06,J0230,R10,Closed - Unfilled,8,6,0,30,True,255,2026-10-05
2026-06-30,2026-06,J0231,R01,Filled,5,5,0,30,True,225,2026-10-05
2026-06-30,2026-06,J0232,R02,Filled,6,6,0,25,True,225,2026-10-05
2026-06-30,2026-06,J0233,R03,Filled,9,9,0,29,True,225,2026-10-05
2026-06-30,2026-06,J0234,R04,Closed - Unfilled,8,7,0,28,True,225,2026-10-05
2026-06-30,2026-06,J0235,R05,Filled,5,5,0,32,True,225,2026-10-05
2026-06-30,2026-06,J0236,R06,Filled,9,9,0,42,True,225,2026-10-05
2026-06-30,2026-06,J0237,R07,Filled,7,7,0,27,True,225,2026-10-05
2026-06-30,2026-06,J0238,R08,Filled,8,8,0,25,True,225,2026-10-05
2026-06-30,2026-06,J0239,R09,Closed - Unfilled,10,7,0,33,True,225,2026-10-05
2026-06-30,2026-06,J0240,R10,Filled,8,8,0,29,True,225,2026-10-05
2026-06-30,2026-06,J0241,R01,Closed - Unfilled,7,6,0,24,True,194,2026-10-05
2026-06-30,2026-06,J0242,R02,Closed - Unfilled,5,3,0,24,True,194,2026-10-05
2026-06-30,2026-06,J0243,R03,Closed - Unfilled,8,5,0,30,True,194,2026-10-05
2026-06-30,2026-06,J0244,R04,Closed - Unfilled,9,8,0,37,True,194,2026-10-05
2026-06-30,2026-06,J0245,R05,Closed - Unfilled,10,9,0,27,True,194,2026-10-05
2026-06-30,2026-06,J0246,R06,Closed - Unfilled,10,7,0,32,True,194,2026-10-05
2026-06-30,2026-06,J0247,R07,Filled,5,5,0,27,True,194,2026-10-05
2026-06-30,2026-06,J0248,R08,Closed - Unfilled,10,6,0,31,True,194,2026-10-05
2026-06-30,2026-06,J0249,R09,Closed - Unfilled,5,4,0,31,True,194,2026-10-05
2026-06-30,2026-06,J0250,R10,Filled,10,10,0,32,True,194,2026-10-05
2026-06-30,2026-06,J0251,R01,Closed - Unfilled,9,8,0,28,True,163,2026-10-05
2026-06-30,2026-06,J0252,R02,Closed - Unfilled,9,8,0,25,True,163,2026-10-05
2026-06-30,2026-06,J0253,R03,Closed - Unfilled,8,6,0,28,True,163,2026-10-05
2026-06-30,2026-06,J0254,R04,Filled,10,10,0,30,True,163,2026-10-05
2026-06-30,2026-06,J0255,R05,Filled,7,7,0,32,True,163,2026-10-05
2026-06-30,2026-06,J0256,R06,Filled,7,7,0,28,True,163,2026-10-05
2026-06-30,2026-06,J0257,R07,Closed - Unfilled,8,2,0,20,True,163,2026-10-05
2026-06-30,2026-06,J0258,R08,Filled,9,9,0,27,True,163,2026-10-05
2026-06-30,2026-06,J0259,R09,Closed - Unfilled,10,9,0,22,True,163,2026-10-05
2026-06-30,2026-06,J0260,R10,Filled,8,8,0,28,True,163,2026-10-05
2026-06-30,2026-06,J0261,R01,Closed - Unfilled,9,6,0,28,True,135,2026-10-05
2026-06-30,2026-06,J0262,R02,Filled,8,8,0,23,True,135,2026-10-05
2026-06-30,2026-06,J0263,R03,Filled,8,8,0,27,True,135,2026-10-05
2026-06-30,2026-06,J0264,R04,Filled,6,6,0,27,True,135,2026-10-05
2026-06-30,2026-06,J0265,R05,Filled,5,5,0,39,True,135,2026-10-05
2026-06-30,2026-06,J0266,R06,Filled,7,7,0,39,True,135,2026-10-05
2026-06-30,2026-06,J0267,R07,Closed - Unfilled,10,7,0,25,True,135,2026-10-05
2026-06-30,2026-06,J0268,R08,Closed - Unfilled,6,5,0,29,True,135,2026-10-05
2026-06-30,2026-06,J0269,R09,Closed - Unfilled,10,8,0,30,True,135,2026-10-05
2026-06-30,2026-06,J0270,R10,Closed - Unfilled,10,9,0,32,True,135,2026-10-05
2026-06-30,2026-06,J0271,R01,Open,7,6,1,30,True,104,2026-10-05
2026-06-30,2026-06,J0272,R02,Filled,5,5,0,28,True,104,2026-10-05
2026-06-30,2026-06,J0273,R03,Open,7,3,4,19,True,104,2026-10-05
2026-06-30,2026-06,J0274,R04,Filled,5,5,0,29,True,104,2026-10-05
2026-06-30,2026-06,J0275,R05,Filled,10,10,0,27,True,104,2026-10-05
2026-06-30,2026-06,J0276,R06,Filled,9,9,0,34,True,104,2026-10-05
2026-06-30,2026-06,J0277,R07,Open,9,7,2,26,True,104,2026-10-05
2026-06-30,2026-06,J0278,R08,Open,9,7,2,30,True,104,2026-10-05
2026-06-30,2026-06,J0279,R09,Open,10,4,6,29,True,104,2026-10-05
2026-06-30,2026-06,J0280,R10,Open,9,6,3,26,True,104,2026-10-05
2026-06-30,2026-06,J0281,R01,Open,10,7,3,21,True,74,2026-10-05
2026-06-30,2026-06,J0282,R02,Filled,5,5,0,28,True,74,2026-10-05
2026-06-30,2026-06,J0283,R03,Open,5,3,2,23,True,74,2026-10-05
2026-06-30,2026-06,J0284,R04,Filled,5,5,0,27,True,74,2026-10-05
2026-06-30,2026-06,J0285,R05,Filled,5,5,0,32,True,74,2026-10-05
2026-06-30,2026-06,J0286,R06,Filled,7,7,0,34,True,74,2026-10-05
2026-06-30,2026-06,J0287,R07,Filled,7,7,0,27,True,74,2026-10-05
2026-06-30,2026-06,J0288,R08,Filled,7,7,0,28,True,74,2026-10-05
2026-06-30,2026-06,J0289,R09,Filled,7,7,0,30,True,74,2026-10-05
2026-06-30,2026-06,J0290,R10,Filled,7,7,0,28,True,74,2026-10-05
2026-06-30,2026-06,J0291,R01,Open,6,0,6,22,True,43,2026-10-05
2026-06-30,2026-06,J0292,R02,Open,6,0,6,23,True,43,2026-10-05
2026-06-30,2026-06,J0293,R03,Open,7,0,7,12,True,43,2026-10-05
2026-06-30,2026-06,J0294,R04,Open,5,2,3,21,True,43,2026-10-05
2026-06-30,2026-06,J0295,R05,Open,5,1,4,21,True,43,2026-10-05
2026-06-30,2026-06,J0296,R06,Open,8,0,8,21,True,43,2026-10-05
2026-06-30,2026-06,J0297,R07,Open,7,1,6,24,True,43,2026-10-05
2026-06-30,2026-06,J0298,R08,Open,5,0,5,12,True,43,2026-10-05
2026-06-30,2026-06,J0299,R09,Open,7,1,6,21,True,43,2026-10-05
2026-06-30,2026-06,J0300,R10,Open,6,0,6,28,True,43,2026-10-05
2026-06-30,2026-06,J0301,R01,Open,6,0,6,0,False,13,2026-10-05
2026-06-30,2026-06,J0302,R02,Open,9,0,9,0,False,13,2026-10-05
2026-06-30,2026-06,J0303,R03,Open,7,0,7,0,False,13,2026-10-05
2026-06-30,2026-06,J0304,R04,Open,10,0,10,0,False,13,2026-10-05
2026-06-30,2026-06,J0305,R05,Open,9,0,9,0,False,13,2026-10-05
2026-06-30,2026-06,J0306,R06,Open,7,0,7,0,False,13,2026-10-05
2026-06-30,2026-06,J0307,R07,Open,9,0,9,0,False,13,2026-10-05
2026-06-30,2026-06,J0308,R08,Open,10,0,10,0,False,13,2026-10-05
2026-06-30,2026-06,J0309,R09,Open,6,0,6,0,False,13,2026-10-05
2026-06-30,2026-06,J0310,R10,Open,10,0,10,0,False,13,2026-10-05
2026-07-31,2026-07,J0001,R01,Closed - Unfilled,7,4,0,27,True,942,2026-10-05
2026-07-31,2026-07,J0002,R02,Filled,5,5,0,24,True,942,2026-10-05
2026-07-31,2026-07,J0003,R03,Closed - Unfilled,10,5,0,30,True,942,2026-10-05
2026-07-31,2026-07,J0004,R04,Filled,8,8,0,35,True,942,2026-10-05
2026-07-31,2026-07,J0005,R05,Filled,8,8,0,32,True,942,2026-10-05
2026-07-31,2026-07,J0006,R06,Closed - Unfilled,9,3,0,23,True,942,2026-10-05
2026-07-31,2026-07,J0007,R07,Closed - Unfilled,10,4,0,25,True,942,2026-10-05
2026-07-31,2026-07,J0008,R08,Closed - Unfilled,8,7,0,24,True,942,2026-10-05
2026-07-31,2026-07,J0009,R09,Closed - Unfilled,10,6,0,24,True,942,2026-10-05
2026-07-31,2026-07,J0010,R10,Closed - Unfilled,10,4,0,27,True,942,2026-10-05
2026-07-31,2026-07,J0011,R01,Filled,9,9,0,31,True,925,2026-10-05
2026-07-31,2026-07,J0012,R02,Closed - Unfilled,9,8,0,34,True,925,2026-10-05
2026-07-31,2026-07,J0013,R03,Closed - Unfilled,10,4,0,25,True,925,2026-10-05
2026-07-31,2026-07,J0014,R04,Closed - Unfilled,10,3,0,30,True,925,2026-10-05
2026-07-31,2026-07,J0015,R05,Filled,7,7,0,34,True,925,2026-10-05
2026-07-31,2026-07,J0016,R06,Filled,9,9,0,35,True,925,2026-10-05
2026-07-31,2026-07,J0017,R07,Filled,8,8,0,23,True,925,2026-10-05
2026-07-31,2026-07,J0018,R08,Closed - Unfilled,9,7,0,35,True,925,2026-10-05
2026-07-31,2026-07,J0019,R09,Closed - Unfilled,10,4,0,29,True,925,2026-10-05
2026-07-31,2026-07,J0020,R10,Filled,7,7,0,25,True,925,2026-10-05
2026-07-31,2026-07,J0021,R01,Closed - Unfilled,5,1,0,20,True,896,2026-10-05
2026-07-31,2026-07,J0022,R02,Filled,6,6,0,31,True,896,2026-10-05
2026-07-31,2026-07,J0023,R03,Closed - Unfilled,8,5,0,28,True,896,2026-10-05
2026-07-31,2026-07,J0024,R04,Filled,6,6,0,29,True,896,2026-10-05
2026-07-31,2026-07,J0025,R05,Closed - Unfilled,8,7,0,28,True,896,2026-10-05
2026-07-31,2026-07,J0026,R06,Closed - Unfilled,9,6,0,37,True,896,2026-10-05
2026-07-31,2026-07,J0027,R07,Closed - Unfilled,10,8,0,26,True,896,2026-10-05
2026-07-31,2026-07,J0028,R08,Filled,7,7,0,27,True,896,2026-10-05
2026-07-31,2026-07,J0029,R09,Closed - Unfilled,9,4,0,24,True,896,2026-10-05
2026-07-31,2026-07,J0030,R10,Closed - Unfilled,8,3,0,23,True,896,2026-10-05
2026-07-31,2026-07,J0031,R01,Closed - Unfilled,9,5,0,30,True,865,2026-10-05
2026-07-31,2026-07,J0032,R02,Closed - Unfilled,10,6,0,37,True,865,2026-10-05
2026-07-31,2026-07,J0033,R03,Closed - Unfilled,5,4,0,30,True,865,2026-10-05
2026-07-31,2026-07,J0034,R04,Closed - Unfilled,10,8,0,27,True,865,2026-10-05
2026-07-31,2026-07,J0035,R05,Closed - Unfilled,8,5,0,30,True,865,2026-10-05
2026-07-31,2026-07,J0036,R06,Closed - Unfilled,10,9,0,41,True,865,2026-10-05
2026-07-31,2026-07,J0037,R07,Closed - Unfilled,8,6,0,24,True,865,2026-10-05
2026-07-31,2026-07,J0038,R08,Filled,7,7,0,32,True,865,2026-10-05
2026-07-31,2026-07,J0039,R09,Closed - Unfilled,7,5,0,26,True,865,2026-10-05
2026-07-31,2026-07,J0040,R10,Filled,6,6,0,28,True,865,2026-10-05
2026-07-31,2026-07,J0041,R01,Filled,5,5,0,34,True,835,2026-10-05
2026-07-31,2026-07,J0042,R02,Filled,5,5,0,33,True,835,2026-10-05
2026-07-31,2026-07,J0043,R03,Filled,7,7,0,32,True,835,2026-10-05
2026-07-31,2026-07,J0044,R04,Closed - Unfilled,7,6,0,33,True,835,2026-10-05
2026-07-31,2026-07,J0045,R05,Closed - Unfilled,9,4,0,31,True,835,2026-10-05
2026-07-31,2026-07,J0046,R06,Filled,7,7,0,35,True,835,2026-10-05
2026-07-31,2026-07,J0047,R07,Closed - Unfilled,8,7,0,26,True,835,2026-10-05
2026-07-31,2026-07,J0048,R08,Filled,9,9,0,37,True,835,2026-10-05
2026-07-31,2026-07,J0049,R09,Closed - Unfilled,6,4,0,21,True,835,2026-10-05
2026-07-31,2026-07,J0050,R10,Closed - Unfilled,10,3,0,34,True,835,2026-10-05
2026-07-31,2026-07,J0051,R01,Closed - Unfilled,10,6,0,26,True,804,2026-10-05
2026-07-31,2026-07,J0052,R02,Closed - Unfilled,9,4,0,24,True,804,2026-10-05
2026-07-31,2026-07,J0053,R03,Closed - Unfilled,10,9,0,36,True,804,2026-10-05
2026-07-31,2026-07,J0054,R04,Filled,6,6,0,28,True,804,2026-10-05
2026-07-31,2026-07,J0055,R05,Filled,5,5,0,33,True,804,2026-10-05
2026-07-31,2026-07,J0056,R06,Closed - Unfilled,8,5,0,27,True,804,2026-10-05
2026-07-31,2026-07,J0057,R07,Closed - Unfilled,6,3,0,19,True,804,2026-10-05
2026-07-31,2026-07,J0058,R08,Closed - Unfilled,10,2,0,30,True,804,2026-10-05
2026-07-31,2026-07,J0059,R09,Filled,6,6,0,29,True,804,2026-10-05
2026-07-31,2026-07,J0060,R10,Closed - Unfilled,8,6,0,33,True,804,2026-10-05
2026-07-31,2026-07,J0061,R01,Closed - Unfilled,7,3,0,27,True,774,2026-10-05
2026-07-31,2026-07,J0062,R02,Closed - Unfilled,9,5,0,23,True,774,2026-10-05
2026-07-31,2026-07,J0063,R03,Closed - Unfilled,10,8,0,33,True,774,2026-10-05
2026-07-31,2026-07,J0064,R04,Closed - Unfilled,9,5,0,29,True,774,2026-10-05
2026-07-31,2026-07,J0065,R05,Filled,9,9,0,31,True,774,2026-10-05
2026-07-31,2026-07,J0066,R06,Closed - Unfilled,5,4,0,35,True,774,2026-10-05
2026-07-31,2026-07,J0067,R07,Closed - Unfilled,7,3,0,26,True,774,2026-10-05
2026-07-31,2026-07,J0068,R08,Filled,5,5,0,26,True,774,2026-10-05
2026-07-31,2026-07,J0069,R09,Filled,8,8,0,27,True,774,2026-10-05
2026-07-31,2026-07,J0070,R10,Closed - Unfilled,10,5,0,33,True,774,2026-10-05
2026-07-31,2026-07,J0071,R01,Closed - Unfilled,10,1,0,30,True,743,2026-10-05
2026-07-31,2026-07,J0072,R02,Filled,6,6,0,34,True,743,2026-10-05
2026-07-31,2026-07,J0073,R03,Filled,7,7,0,28,True,743,2026-10-05
2026-07-31,2026-07,J0074,R04,Filled,7,7,0,34,True,743,2026-10-05
2026-07-31,2026-07,J0075,R05,Closed - Unfilled,10,7,0,38,True,743,2026-10-05
2026-07-31,2026-07,J0076,R06,Filled,6,6,0,32,True,743,2026-10-05
2026-07-31,2026-07,J0077,R07,Closed - Unfilled,10,9,0,29,True,743,2026-10-05
2026-07-31,2026-07,J0078,R08,Filled,5,5,0,27,True,743,2026-10-05
2026-07-31,2026-07,J0079,R09,Closed - Unfilled,10,7,0,27,True,743,2026-10-05
2026-07-31,2026-07,J0080,R10,Closed - Unfilled,8,4,0,29,True,743,2026-10-05
2026-07-31,2026-07,J0081,R01,Filled,5,5,0,30,True,712,2026-10-05
2026-07-31,2026-07,J0082,R02,Filled,7,7,0,34,True,712,2026-10-05
2026-07-31,2026-07,J0083,R03,Filled,5,5,0,27,True,712,2026-10-05
2026-07-31,2026-07,J0084,R04,Filled,6,6,0,32,True,712,2026-10-05
2026-07-31,2026-07,J0085,R05,Filled,7,7,0,30,True,712,2026-10-05
2026-07-31,2026-07,J0086,R06,Filled,5,5,0,32,True,712,2026-10-05
2026-07-31,2026-07,J0087,R07,Filled,7,7,0,24,True,712,2026-10-05
2026-07-31,2026-07,J0088,R08,Closed - Unfilled,8,4,0,31,True,712,2026-10-05
2026-07-31,2026-07,J0089,R09,Filled,6,6,0,31,True,712,2026-10-05
2026-07-31,2026-07,J0090,R10,Filled,8,8,0,36,True,712,2026-10-05
2026-07-31,2026-07,J0091,R01,Closed - Unfilled,10,4,0,22,True,682,2026-10-05
2026-07-31,2026-07,J0092,R02,Closed - Unfilled,9,2,0,21,True,682,2026-10-05
2026-07-31,2026-07,J0093,R03,Closed - Unfilled,10,6,0,31,True,682,2026-10-05
2026-07-31,2026-07,J0094,R04,Closed - Unfilled,7,6,0,28,True,682,2026-10-05
2026-07-31,2026-07,J0095,R05,Closed - Unfilled,9,4,0,31,True,682,2026-10-05
2026-07-31,2026-07,J0096,R06,Closed - Unfilled,7,4,0,37,True,682,2026-10-05
2026-07-31,2026-07,J0097,R07,Filled,6,6,0,39,True,682,2026-10-05
2026-07-31,2026-07,J0098,R08,Filled,6,6,0,23,True,682,2026-10-05
2026-07-31,2026-07,J0099,R09,Filled,6,6,0,30,True,682,2026-10-05
2026-07-31,2026-07,J0100,R10,Filled,9,9,0,32,True,682,2026-10-05
2026-07-31,2026-07,J0101,R01,Closed - Unfilled,7,3,0,30,True,651,2026-10-05
2026-07-31,2026-07,J0102,R02,Filled,5,5,0,33,True,651,2026-10-05
2026-07-31,2026-07,J0103,R03,Filled,8,8,0,32,True,651,2026-10-05
2026-07-31,2026-07,J0104,R04,Filled,8,8,0,28,True,651,2026-10-05
2026-07-31,2026-07,J0105,R05,Filled,5,5,0,36,True,651,2026-10-05
2026-07-31,2026-07,J0106,R06,Closed - Unfilled,6,3,0,32,True,651,2026-10-05
2026-07-31,2026-07,J0107,R07,Closed - Unfilled,10,8,0,28,True,651,2026-10-05
2026-07-31,2026-07,J0108,R08,Closed - Unfilled,8,2,0,24,True,651,2026-10-05
2026-07-31,2026-07,J0109,R09,Closed - Unfilled,9,3,0,22,True,651,2026-10-05
2026-07-31,2026-07,J0110,R10,Filled,5,5,0,27,True,651,2026-10-05
2026-07-31,2026-07,J0111,R01,Closed - Unfilled,8,7,0,32,True,621,2026-10-05
2026-07-31,2026-07,J0112,R02,Filled,6,6,0,27,True,621,2026-10-05
2026-07-31,2026-07,J0113,R03,Filled,8,8,0,29,True,621,2026-10-05
2026-07-31,2026-07,J0114,R04,Filled,5,5,0,35,True,621,2026-10-05
2026-07-31,2026-07,J0115,R05,Closed - Unfilled,10,7,0,32,True,621,2026-10-05
2026-07-31,2026-07,J0116,R06,Filled,5,5,0,32,True,621,2026-10-05
2026-07-31,2026-07,J0117,R07,Filled,8,8,0,30,True,621,2026-10-05
2026-07-31,2026-07,J0118,R08,Closed - Unfilled,8,7,0,22,True,621,2026-10-05
2026-07-31,2026-07,J0119,R09,Closed - Unfilled,8,4,0,28,True,621,2026-10-05
2026-07-31,2026-07,J0120,R10,Filled,9,9,0,31,True,621,2026-10-05
2026-07-31,2026-07,J0121,R01,Closed - Unfilled,9,5,0,23,True,590,2026-10-05
2026-07-31,2026-07,J0122,R02,Closed - Unfilled,10,5,0,30,True,590,2026-10-05
2026-07-31,2026-07,J0123,R03,Closed - Unfilled,7,6,0,27,True,590,2026-10-05
2026-07-31,2026-07,J0124,R04,Closed - Unfilled,8,7,0,31,True,590,2026-10-05
2026-07-31,2026-07,J0125,R05,Filled,5,5,0,32,True,590,2026-10-05
2026-07-31,2026-07,J0126,R06,Filled,8,8,0,33,True,590,2026-10-05
2026-07-31,2026-07,J0127,R07,Closed - Unfilled,9,7,0,25,True,590,2026-10-05
2026-07-31,2026-07,J0128,R08,Filled,10,10,0,27,True,590,2026-10-05
2026-07-31,2026-07,J0129,R09,Closed - Unfilled,9,5,0,26,True,590,2026-10-05
2026-07-31,2026-07,J0130,R10,Closed - Unfilled,7,5,0,26,True,590,2026-10-05
2026-07-31,2026-07,J0131,R01,Closed - Unfilled,6,5,0,34,True,559,2026-10-05
2026-07-31,2026-07,J0132,R02,Closed - Unfilled,9,4,0,22,True,559,2026-10-05
2026-07-31,2026-07,J0133,R03,Filled,6,6,0,35,True,559,2026-10-05
2026-07-31,2026-07,J0134,R04,Filled,8,8,0,39,True,559,2026-10-05
2026-07-31,2026-07,J0135,R05,Closed - Unfilled,10,7,0,36,True,559,2026-10-05
2026-07-31,2026-07,J0136,R06,Filled,8,8,0,30,True,559,2026-10-05
2026-07-31,2026-07,J0137,R07,Closed - Unfilled,10,9,0,27,True,559,2026-10-05
2026-07-31,2026-07,J0138,R08,Filled,5,5,0,28,True,559,2026-10-05
2026-07-31,2026-07,J0139,R09,Filled,6,6,0,31,True,559,2026-10-05
2026-07-31,2026-07,J0140,R10,Closed - Unfilled,9,3,0,21,True,559,2026-10-05
2026-07-31,2026-07,J0141,R01,Filled,5,5,0,25,True,531,2026-10-05
2026-07-31,2026-07,J0142,R02,Closed - Unfilled,8,7,0,28,True,531,2026-10-05
2026-07-31,2026-07,J0143,R03,Closed - Unfilled,9,8,0,34,True,531,2026-10-05
2026-07-31,2026-07,J0144,R04,Closed - Unfilled,8,4,0,31,True,531,2026-10-05
2026-07-31,2026-07,J0145,R05,Closed - Unfilled,9,5,0,26,True,531,2026-10-05
2026-07-31,2026-07,J0146,R06,Filled,5,5,0,33,True,531,2026-10-05
2026-07-31,2026-07,J0147,R07,Closed - Unfilled,6,3,0,19,True,531,2026-10-05
2026-07-31,2026-07,J0148,R08,Closed - Unfilled,7,3,0,27,True,531,2026-10-05
2026-07-31,2026-07,J0149,R09,Filled,7,7,0,29,True,531,2026-10-05
2026-07-31,2026-07,J0150,R10,Closed - Unfilled,8,5,0,30,True,531,2026-10-05
2026-07-31,2026-07,J0151,R01,Closed - Unfilled,6,3,0,28,True,500,2026-10-05
2026-07-31,2026-07,J0152,R02,Filled,8,8,0,31,True,500,2026-10-05
2026-07-31,2026-07,J0153,R03,Closed - Unfilled,10,8,0,27,True,500,2026-10-05
2026-07-31,2026-07,J0154,R04,Closed - Unfilled,6,5,0,31,True,500,2026-10-05
2026-07-31,2026-07,J0155,R05,Closed - Unfilled,9,6,0,23,True,500,2026-10-05
2026-07-31,2026-07,J0156,R06,Filled,6,6,0,38,True,500,2026-10-05
2026-07-31,2026-07,J0157,R07,Filled,5,5,0,26,True,500,2026-10-05
2026-07-31,2026-07,J0158,R08,Closed - Unfilled,7,4,0,22,True,500,2026-10-05
2026-07-31,2026-07,J0159,R09,Closed - Unfilled,6,4,0,21,True,500,2026-10-05
2026-07-31,2026-07,J0160,R10,Closed - Unfilled,8,4,0,30,True,500,2026-10-05
2026-07-31,2026-07,J0161,R01,Closed - Unfilled,5,4,0,21,True,470,2026-10-05
2026-07-31,2026-07,J0162,R02,Closed - Unfilled,9,4,0,32,True,470,2026-10-05
2026-07-31,2026-07,J0163,R03,Closed - Unfilled,7,1,0,32,True,470,2026-10-05
2026-07-31,2026-07,J0164,R04,Filled,9,9,0,28,True,470,2026-10-05
2026-07-31,2026-07,J0165,R05,Closed - Unfilled,7,6,0,26,True,470,2026-10-05
2026-07-31,2026-07,J0166,R06,Filled,8,8,0,39,True,470,2026-10-05
2026-07-31,2026-07,J0167,R07,Filled,7,7,0,28,True,470,2026-10-05
2026-07-31,2026-07,J0168,R08,Closed - Unfilled,10,1,0,22,True,470,2026-10-05
2026-07-31,2026-07,J0169,R09,Filled,7,7,0,28,True,470,2026-10-05
2026-07-31,2026-07,J0170,R10,Closed - Unfilled,9,6,0,32,True,470,2026-10-05
2026-07-31,2026-07,J0171,R01,Filled,7,7,0,31,True,439,2026-10-05
2026-07-31,2026-07,J0172,R02,Filled,7,7,0,28,True,439,2026-10-05
2026-07-31,2026-07,J0173,R03,Filled,7,7,0,30,True,439,2026-10-05
2026-07-31,2026-07,J0174,R04,Closed - Unfilled,7,5,0,28,True,439,2026-10-05
2026-07-31,2026-07,J0175,R05,Filled,6,6,0,31,True,439,2026-10-05
2026-07-31,2026-07,J0176,R06,Closed - Unfilled,8,7,0,30,True,439,2026-10-05
2026-07-31,2026-07,J0177,R07,Closed - Unfilled,7,6,0,23,True,439,2026-10-05
2026-07-31,2026-07,J0178,R08,Closed - Unfilled,8,5,0,28,True,439,2026-10-05
2026-07-31,2026-07,J0179,R09,Closed - Unfilled,10,4,0,32,True,439,2026-10-05
2026-07-31,2026-07,J0180,R10,Filled,8,8,0,34,True,439,2026-10-05
2026-07-31,2026-07,J0181,R01,Closed - Unfilled,7,4,0,27,True,409,2026-10-05
2026-07-31,2026-07,J0182,R02,Closed - Unfilled,9,5,0,29,True,409,2026-10-05
2026-07-31,2026-07,J0183,R03,Filled,5,5,0,32,True,409,2026-10-05
2026-07-31,2026-07,J0184,R04,Closed - Unfilled,7,5,0,23,True,409,2026-10-05
2026-07-31,2026-07,J0185,R05,Filled,9,9,0,35,True,409,2026-10-05
2026-07-31,2026-07,J0186,R06,Closed - Unfilled,10,4,0,36,True,409,2026-10-05
2026-07-31,2026-07,J0187,R07,Closed - Unfilled,9,4,0,25,True,409,2026-10-05
2026-07-31,2026-07,J0188,R08,Closed - Unfilled,8,6,0,32,True,409,2026-10-05
2026-07-31,2026-07,J0189,R09,Filled,5,5,0,29,True,409,2026-10-05
2026-07-31,2026-07,J0190,R10,Closed - Unfilled,9,7,0,36,True,409,2026-10-05
2026-07-31,2026-07,J0191,R01,Filled,7,7,0,30,True,378,2026-10-05
2026-07-31,2026-07,J0192,R02,Closed - Unfilled,8,5,0,27,True,378,2026-10-05
2026-07-31,2026-07,J0193,R03,Closed - Unfilled,5,4,0,27,True,378,2026-10-05
2026-07-31,2026-07,J0194,R04,Filled,7,7,0,30,True,378,2026-10-05
2026-07-31,2026-07,J0195,R05,Closed - Unfilled,8,7,0,36,True,378,2026-10-05
2026-07-31,2026-07,J0196,R06,Closed - Unfilled,10,3,0,32,True,378,2026-10-05
2026-07-31,2026-07,J0197,R07,Filled,5,5,0,30,True,378,2026-10-05
2026-07-31,2026-07,J0198,R08,Filled,5,5,0,27,True,378,2026-10-05
2026-07-31,2026-07,J0199,R09,Closed - Unfilled,5,4,0,28,True,378,2026-10-05
2026-07-31,2026-07,J0200,R10,Closed - Unfilled,7,6,0,27,True,378,2026-10-05
2026-07-31,2026-07,J0201,R01,Closed - Unfilled,10,6,0,28,True,347,2026-10-05
2026-07-31,2026-07,J0202,R02,Closed - Unfilled,9,6,0,31,True,347,2026-10-05
2026-07-31,2026-07,J0203,R03,Closed - Unfilled,6,2,0,31,True,347,2026-10-05
2026-07-31,2026-07,J0204,R04,Closed - Unfilled,10,7,0,26,True,347,2026-10-05
2026-07-31,2026-07,J0205,R05,Closed - Unfilled,9,5,0,32,True,347,2026-10-05
2026-07-31,2026-07,J0206,R06,Closed - Unfilled,9,7,0,26,True,347,2026-10-05
2026-07-31,2026-07,J0207,R07,Closed - Unfilled,10,5,0,32,True,347,2026-10-05
2026-07-31,2026-07,J0208,R08,Filled,6,6,0,29,True,347,2026-10-05
2026-07-31,2026-07,J0209,R09,Filled,5,5,0,26,True,347,2026-10-05
2026-07-31,2026-07,J0210,R10,Filled,7,7,0,32,True,347,2026-10-05
2026-07-31,2026-07,J0211,R01,Closed - Unfilled,5,3,0,31,True,317,2026-10-05
2026-07-31,2026-07,J0212,R02,Closed - Unfilled,10,5,0,26,True,317,2026-10-05
2026-07-31,2026-07,J0213,R03,Filled,5,5,0,25,True,317,2026-10-05
2026-07-31,2026-07,J0214,R04,Closed - Unfilled,8,7,0,27,True,317,2026-10-05
2026-07-31,2026-07,J0215,R05,Filled,8,8,0,35,True,317,2026-10-05
2026-07-31,2026-07,J0216,R06,Filled,5,5,0,33,True,317,2026-10-05
2026-07-31,2026-07,J0217,R07,Filled,7,7,0,30,True,317,2026-10-05
2026-07-31,2026-07,J0218,R08,Closed - Unfilled,6,4,0,26,True,317,2026-10-05
2026-07-31,2026-07,J0219,R09,Closed - Unfilled,9,6,0,33,True,317,2026-10-05
2026-07-31,2026-07,J0220,R10,Closed - Unfilled,9,5,0,28,True,317,2026-10-05
2026-07-31,2026-07,J0221,R01,Closed - Unfilled,10,2,0,23,True,286,2026-10-05
2026-07-31,2026-07,J0222,R02,Filled,7,7,0,31,True,286,2026-10-05
2026-07-31,2026-07,J0223,R03,Filled,5,5,0,23,True,286,2026-10-05
2026-07-31,2026-07,J0224,R04,Filled,6,6,0,17,True,286,2026-10-05
2026-07-31,2026-07,J0225,R05,Closed - Unfilled,10,9,0,32,True,286,2026-10-05
2026-07-31,2026-07,J0226,R06,Closed - Unfilled,10,6,0,26,True,286,2026-10-05
2026-07-31,2026-07,J0227,R07,Closed - Unfilled,7,5,0,27,True,286,2026-10-05
2026-07-31,2026-07,J0228,R08,Closed - Unfilled,10,9,0,45,True,286,2026-10-05
2026-07-31,2026-07,J0229,R09,Filled,7,7,0,43,True,286,2026-10-05
2026-07-31,2026-07,J0230,R10,Closed - Unfilled,8,6,0,30,True,286,2026-10-05
2026-07-31,2026-07,J0231,R01,Filled,5,5,0,30,True,256,2026-10-05
2026-07-31,2026-07,J0232,R02,Filled,6,6,0,25,True,256,2026-10-05
2026-07-31,2026-07,J0233,R03,Filled,9,9,0,29,True,256,2026-10-05
2026-07-31,2026-07,J0234,R04,Closed - Unfilled,8,7,0,28,True,256,2026-10-05
2026-07-31,2026-07,J0235,R05,Filled,5,5,0,32,True,256,2026-10-05
2026-07-31,2026-07,J0236,R06,Filled,9,9,0,42,True,256,2026-10-05
2026-07-31,2026-07,J0237,R07,Filled,7,7,0,27,True,256,2026-10-05
2026-07-31,2026-07,J0238,R08,Filled,8,8,0,25,True,256,2026-10-05
2026-07-31,2026-07,J0239,R09,Closed - Unfilled,10,7,0,33,True,256,2026-10-05
2026-07-31,2026-07,J0240,R10,Filled,8,8,0,29,True,256,2026-10-05
2026-07-31,2026-07,J0241,R01,Closed - Unfilled,7,6,0,24,True,225,2026-10-05
2026-07-31,2026-07,J0242,R02,Closed - Unfilled,5,3,0,24,True,225,2026-10-05
2026-07-31,2026-07,J0243,R03,Closed - Unfilled,8,5,0,30,True,225,2026-10-05
2026-07-31,2026-07,J0244,R04,Closed - Unfilled,9,8,0,37,True,225,2026-10-05
2026-07-31,2026-07,J0245,R05,Closed - Unfilled,10,9,0,27,True,225,2026-10-05
2026-07-31,2026-07,J0246,R06,Closed - Unfilled,10,7,0,32,True,225,2026-10-05
2026-07-31,2026-07,J0247,R07,Filled,5,5,0,27,True,225,2026-10-05
2026-07-31,2026-07,J0248,R08,Closed - Unfilled,10,6,0,31,True,225,2026-10-05
2026-07-31,2026-07,J0249,R09,Closed - Unfilled,5,4,0,31,True,225,2026-10-05
2026-07-31,2026-07,J0250,R10,Filled,10,10,0,32,True,225,2026-10-05
2026-07-31,2026-07,J0251,R01,Closed - Unfilled,9,8,0,28,True,194,2026-10-05
2026-07-31,2026-07,J0252,R02,Closed - Unfilled,9,8,0,25,True,194,2026-10-05
2026-07-31,2026-07,J0253,R03,Closed - Unfilled,8,6,0,28,True,194,2026-10-05
2026-07-31,2026-07,J0254,R04,Filled,10,10,0,30,True,194,2026-10-05
2026-07-31,2026-07,J0255,R05,Filled,7,7,0,32,True,194,2026-10-05
2026-07-31,2026-07,J0256,R06,Filled,7,7,0,28,True,194,2026-10-05
2026-07-31,2026-07,J0257,R07,Closed - Unfilled,8,2,0,20,True,194,2026-10-05
2026-07-31,2026-07,J0258,R08,Filled,9,9,0,27,True,194,2026-10-05
2026-07-31,2026-07,J0259,R09,Closed - Unfilled,10,9,0,22,True,194,2026-10-05
2026-07-31,2026-07,J0260,R10,Filled,8,8,0,28,True,194,2026-10-05
2026-07-31,2026-07,J0261,R01,Closed - Unfilled,9,6,0,28,True,166,2026-10-05
2026-07-31,2026-07,J0262,R02,Filled,8,8,0,23,True,166,2026-10-05
2026-07-31,2026-07,J0263,R03,Filled,8,8,0,27,True,166,2026-10-05
2026-07-31,2026-07,J0264,R04,Filled,6,6,0,27,True,166,2026-10-05
2026-07-31,2026-07,J0265,R05,Filled,5,5,0,39,True,166,2026-10-05
2026-07-31,2026-07,J0266,R06,Filled,7,7,0,39,True,166,2026-10-05
2026-07-31,2026-07,J0267,R07,Closed - Unfilled,10,7,0,25,True,166,2026-10-05
2026-07-31,2026-07,J0268,R08,Closed - Unfilled,6,5,0,29,True,166,2026-10-05
2026-07-31,2026-07,J0269,R09,Closed - Unfilled,10,8,0,30,True,166,2026-10-05
2026-07-31,2026-07,J0270,R10,Closed - Unfilled,10,9,0,32,True,166,2026-10-05
2026-07-31,2026-07,J0271,R01,Closed - Unfilled,7,6,0,30,True,135,2026-10-05
2026-07-31,2026-07,J0272,R02,Filled,5,5,0,28,True,135,2026-10-05
2026-07-31,2026-07,J0273,R03,Closed - Unfilled,7,3,0,19,True,135,2026-10-05
2026-07-31,2026-07,J0274,R04,Filled,5,5,0,29,True,135,2026-10-05
2026-07-31,2026-07,J0275,R05,Filled,10,10,0,27,True,135,2026-10-05
2026-07-31,2026-07,J0276,R06,Filled,9,9,0,34,True,135,2026-10-05
2026-07-31,2026-07,J0277,R07,Closed - Unfilled,9,7,0,26,True,135,2026-10-05
2026-07-31,2026-07,J0278,R08,Closed - Unfilled,9,7,0,30,True,135,2026-10-05
2026-07-31,2026-07,J0279,R09,Closed - Unfilled,10,4,0,29,True,135,2026-10-05
2026-07-31,2026-07,J0280,R10,Closed - Unfilled,9,6,0,26,True,135,2026-10-05
2026-07-31,2026-07,J0281,R01,Open,10,9,1,21,True,105,2026-10-05
2026-07-31,2026-07,J0282,R02,Filled,5,5,0,28,True,105,2026-10-05
2026-07-31,2026-07,J0283,R03,Open,5,3,2,23,True,105,2026-10-05
2026-07-31,2026-07,J0284,R04,Filled,5,5,0,27,True,105,2026-10-05
2026-07-31,2026-07,J0285,R05,Filled,5,5,0,32,True,105,2026-10-05
2026-07-31,2026-07,J0286,R06,Filled,7,7,0,34,True,105,2026-10-05
2026-07-31,2026-07,J0287,R07,Filled,7,7,0,27,True,105,2026-10-05
2026-07-31,2026-07,J0288,R08,Filled,7,7,0,28,True,105,2026-10-05
2026-07-31,2026-07,J0289,R09,Filled,7,7,0,30,True,105,2026-10-05
2026-07-31,2026-07,J0290,R10,Filled,7,7,0,28,True,105,2026-10-05
2026-07-31,2026-07,J0291,R01,Filled,6,6,0,33,True,74,2026-10-05
2026-07-31,2026-07,J0292,R02,Filled,6,6,0,37,True,74,2026-10-05
2026-07-31,2026-07,J0293,R03,Open,7,3,4,26,True,74,2026-10-05
2026-07-31,2026-07,J0294,R04,Filled,5,5,0,32,True,74,2026-10-05
2026-07-31,2026-07,J0295,R05,Open,5,4,1,32,True,74,2026-10-05
2026-07-31,2026-07,J0296,R06,Open,8,3,5,36,True,74,2026-10-05
2026-07-31,2026-07,J0297,R07,Filled,7,7,0,35,True,74,2026-10-05
2026-07-31,2026-07,J0298,R08,Open,5,1,4,17,True,74,2026-10-05
2026-07-31,2026-07,J0299,R09,Filled,7,7,0,29,True,74,2026-10-05
2026-07-31,2026-07,J0300,R10,Open,6,6,0,38,True,74,2026-10-05
2026-07-31,2026-07,J0301,R01,Open,6,1,5,19,True,44,2026-10-05
2026-07-31,2026-07,J0302,R02,Open,9,1,8,18,True,44,2026-10-05
2026-07-31,2026-07,J0303,R03,Open,7,2,5,23,True,44,2026-10-05
2026-07-31,2026-07,J0304,R04,Open,10,1,9,22,True,44,2026-10-05
2026-07-31,2026-07,J0305,R05,Open,9,0,9,15,True,44,2026-10-05
2026-07-31,2026-07,J0306,R06,Open,7,1,6,17,True,44,2026-10-05
2026-07-31,2026-07,J0307,R07,Open,9,1,8,13,True,44,2026-10-05
2026-07-31,2026-07,J0308,R08,Open,10,0,10,16,True,44,2026-10-05
2026-07-31,2026-07,J0309,R09,Open,6,1,5,24,True,44,2026-10-05
2026-07-31,2026-07,J0310,R10,Open,10,1,9,21,True,44,2026-10-05
2026-07-31,2026-07,J0311,R01,Open,10,0,10,0,False,13,2026-10-05
2026-07-31,2026-07,J0312,R02,Open,8,0,8,0,False,13,2026-10-05
2026-07-31,2026-07,J0313,R03,Open,5,0,5,0,False,13,2026-10-05
2026-07-31,2026-07,J0314,R04,Open,10,0,10,0,False,13,2026-10-05
2026-07-31,2026-07,J0315,R05,Open,10,0,10,0,False,13,2026-10-05
2026-07-31,2026-07,J0316,R06,Open,8,0,8,0,False,13,2026-10-05
2026-07-31,2026-07,J0317,R07,Open,10,0,10,0,False,13,2026-10-05
2026-07-31,2026-07,J0318,R08,Open,9,0,9,0,False,13,2026-10-05
2026-07-31,2026-07,J0319,R09,Open,5,0,5,0,False,13,2026-10-05
2026-07-31,2026-07,J0320,R10,Open,6,0,6,0,False,13,2026-10-05
2026-08-31,2026-08,J0001,R01,Closed - Unfilled,7,4,0,27,True,973,2026-10-05
2026-08-31,2026-08,J0002,R02,Filled,5,5,0,24,True,973,2026-10-05
2026-08-31,2026-08,J0003,R03,Closed - Unfilled,10,5,0,30,True,973,2026-10-05
2026-08-31,2026-08,J0004,R04,Filled,8,8,0,35,True,973,2026-10-05
2026-08-31,2026-08,J0005,R05,Filled,8,8,0,32,True,973,2026-10-05
2026-08-31,2026-08,J0006,R06,Closed - Unfilled,9,3,0,23,True,973,2026-10-05
2026-08-31,2026-08,J0007,R07,Closed - Unfilled,10,4,0,25,True,973,2026-10-05
2026-08-31,2026-08,J0008,R08,Closed - Unfilled,8,7,0,24,True,973,2026-10-05
2026-08-31,2026-08,J0009,R09,Closed - Unfilled,10,6,0,24,True,973,2026-10-05
2026-08-31,2026-08,J0010,R10,Closed - Unfilled,10,4,0,27,True,973,2026-10-05
2026-08-31,2026-08,J0011,R01,Filled,9,9,0,31,True,956,2026-10-05
2026-08-31,2026-08,J0012,R02,Closed - Unfilled,9,8,0,34,True,956,2026-10-05
2026-08-31,2026-08,J0013,R03,Closed - Unfilled,10,4,0,25,True,956,2026-10-05
2026-08-31,2026-08,J0014,R04,Closed - Unfilled,10,3,0,30,True,956,2026-10-05
2026-08-31,2026-08,J0015,R05,Filled,7,7,0,34,True,956,2026-10-05
2026-08-31,2026-08,J0016,R06,Filled,9,9,0,35,True,956,2026-10-05
2026-08-31,2026-08,J0017,R07,Filled,8,8,0,23,True,956,2026-10-05
2026-08-31,2026-08,J0018,R08,Closed - Unfilled,9,7,0,35,True,956,2026-10-05
2026-08-31,2026-08,J0019,R09,Closed - Unfilled,10,4,0,29,True,956,2026-10-05
2026-08-31,2026-08,J0020,R10,Filled,7,7,0,25,True,956,2026-10-05
2026-08-31,2026-08,J0021,R01,Closed - Unfilled,5,1,0,20,True,927,2026-10-05
2026-08-31,2026-08,J0022,R02,Filled,6,6,0,31,True,927,2026-10-05
2026-08-31,2026-08,J0023,R03,Closed - Unfilled,8,5,0,28,True,927,2026-10-05
2026-08-31,2026-08,J0024,R04,Filled,6,6,0,29,True,927,2026-10-05
2026-08-31,2026-08,J0025,R05,Closed - Unfilled,8,7,0,28,True,927,2026-10-05
2026-08-31,2026-08,J0026,R06,Closed - Unfilled,9,6,0,37,True,927,2026-10-05
2026-08-31,2026-08,J0027,R07,Closed - Unfilled,10,8,0,26,True,927,2026-10-05
2026-08-31,2026-08,J0028,R08,Filled,7,7,0,27,True,927,2026-10-05
2026-08-31,2026-08,J0029,R09,Closed - Unfilled,9,4,0,24,True,927,2026-10-05
2026-08-31,2026-08,J0030,R10,Closed - Unfilled,8,3,0,23,True,927,2026-10-05
2026-08-31,2026-08,J0031,R01,Closed - Unfilled,9,5,0,30,True,896,2026-10-05
2026-08-31,2026-08,J0032,R02,Closed - Unfilled,10,6,0,37,True,896,2026-10-05
2026-08-31,2026-08,J0033,R03,Closed - Unfilled,5,4,0,30,True,896,2026-10-05
2026-08-31,2026-08,J0034,R04,Closed - Unfilled,10,8,0,27,True,896,2026-10-05
2026-08-31,2026-08,J0035,R05,Closed - Unfilled,8,5,0,30,True,896,2026-10-05
2026-08-31,2026-08,J0036,R06,Closed - Unfilled,10,9,0,41,True,896,2026-10-05
2026-08-31,2026-08,J0037,R07,Closed - Unfilled,8,6,0,24,True,896,2026-10-05
2026-08-31,2026-08,J0038,R08,Filled,7,7,0,32,True,896,2026-10-05
2026-08-31,2026-08,J0039,R09,Closed - Unfilled,7,5,0,26,True,896,2026-10-05
2026-08-31,2026-08,J0040,R10,Filled,6,6,0,28,True,896,2026-10-05
2026-08-31,2026-08,J0041,R01,Filled,5,5,0,34,True,866,2026-10-05
2026-08-31,2026-08,J0042,R02,Filled,5,5,0,33,True,866,2026-10-05
2026-08-31,2026-08,J0043,R03,Filled,7,7,0,32,True,866,2026-10-05
2026-08-31,2026-08,J0044,R04,Closed - Unfilled,7,6,0,33,True,866,2026-10-05
2026-08-31,2026-08,J0045,R05,Closed - Unfilled,9,4,0,31,True,866,2026-10-05
2026-08-31,2026-08,J0046,R06,Filled,7,7,0,35,True,866,2026-10-05
2026-08-31,2026-08,J0047,R07,Closed - Unfilled,8,7,0,26,True,866,2026-10-05
2026-08-31,2026-08,J0048,R08,Filled,9,9,0,37,True,866,2026-10-05
2026-08-31,2026-08,J0049,R09,Closed - Unfilled,6,4,0,21,True,866,2026-10-05
2026-08-31,2026-08,J0050,R10,Closed - Unfilled,10,3,0,34,True,866,2026-10-05
2026-08-31,2026-08,J0051,R01,Closed - Unfilled,10,6,0,26,True,835,2026-10-05
2026-08-31,2026-08,J0052,R02,Closed - Unfilled,9,4,0,24,True,835,2026-10-05
2026-08-31,2026-08,J0053,R03,Closed - Unfilled,10,9,0,36,True,835,2026-10-05
2026-08-31,2026-08,J0054,R04,Filled,6,6,0,28,True,835,2026-10-05
2026-08-31,2026-08,J0055,R05,Filled,5,5,0,33,True,835,2026-10-05
2026-08-31,2026-08,J0056,R06,Closed - Unfilled,8,5,0,27,True,835,2026-10-05
2026-08-31,2026-08,J0057,R07,Closed - Unfilled,6,3,0,19,True,835,2026-10-05
2026-08-31,2026-08,J0058,R08,Closed - Unfilled,10,2,0,30,True,835,2026-10-05
2026-08-31,2026-08,J0059,R09,Filled,6,6,0,29,True,835,2026-10-05
2026-08-31,2026-08,J0060,R10,Closed - Unfilled,8,6,0,33,True,835,2026-10-05
2026-08-31,2026-08,J0061,R01,Closed - Unfilled,7,3,0,27,True,805,2026-10-05
2026-08-31,2026-08,J0062,R02,Closed - Unfilled,9,5,0,23,True,805,2026-10-05
2026-08-31,2026-08,J0063,R03,Closed - Unfilled,10,8,0,33,True,805,2026-10-05
2026-08-31,2026-08,J0064,R04,Closed - Unfilled,9,5,0,29,True,805,2026-10-05
2026-08-31,2026-08,J0065,R05,Filled,9,9,0,31,True,805,2026-10-05
2026-08-31,2026-08,J0066,R06,Closed - Unfilled,5,4,0,35,True,805,2026-10-05
2026-08-31,2026-08,J0067,R07,Closed - Unfilled,7,3,0,26,True,805,2026-10-05
2026-08-31,2026-08,J0068,R08,Filled,5,5,0,26,True,805,2026-10-05
2026-08-31,2026-08,J0069,R09,Filled,8,8,0,27,True,805,2026-10-05
2026-08-31,2026-08,J0070,R10,Closed - Unfilled,10,5,0,33,True,805,2026-10-05
2026-08-31,2026-08,J0071,R01,Closed - Unfilled,10,1,0,30,True,774,2026-10-05
2026-08-31,2026-08,J0072,R02,Filled,6,6,0,34,True,774,2026-10-05
2026-08-31,2026-08,J0073,R03,Filled,7,7,0,28,True,774,2026-10-05
2026-08-31,2026-08,J0074,R04,Filled,7,7,0,34,True,774,2026-10-05
2026-08-31,2026-08,J0075,R05,Closed - Unfilled,10,7,0,38,True,774,2026-10-05
2026-08-31,2026-08,J0076,R06,Filled,6,6,0,32,True,774,2026-10-05
2026-08-31,2026-08,J0077,R07,Closed - Unfilled,10,9,0,29,True,774,2026-10-05
2026-08-31,2026-08,J0078,R08,Filled,5,5,0,27,True,774,2026-10-05
2026-08-31,2026-08,J0079,R09,Closed - Unfilled,10,7,0,27,True,774,2026-10-05
2026-08-31,2026-08,J0080,R10,Closed - Unfilled,8,4,0,29,True,774,2026-10-05
2026-08-31,2026-08,J0081,R01,Filled,5,5,0,30,True,743,2026-10-05
2026-08-31,2026-08,J0082,R02,Filled,7,7,0,34,True,743,2026-10-05
2026-08-31,2026-08,J0083,R03,Filled,5,5,0,27,True,743,2026-10-05
2026-08-31,2026-08,J0084,R04,Filled,6,6,0,32,True,743,2026-10-05
2026-08-31,2026-08,J0085,R05,Filled,7,7,0,30,True,743,2026-10-05
2026-08-31,2026-08,J0086,R06,Filled,5,5,0,32,True,743,2026-10-05
2026-08-31,2026-08,J0087,R07,Filled,7,7,0,24,True,743,2026-10-05
2026-08-31,2026-08,J0088,R08,Closed - Unfilled,8,4,0,31,True,743,2026-10-05
2026-08-31,2026-08,J0089,R09,Filled,6,6,0,31,True,743,2026-10-05
2026-08-31,2026-08,J0090,R10,Filled,8,8,0,36,True,743,2026-10-05
2026-08-31,2026-08,J0091,R01,Closed - Unfilled,10,4,0,22,True,713,2026-10-05
2026-08-31,2026-08,J0092,R02,Closed - Unfilled,9,2,0,21,True,713,2026-10-05
2026-08-31,2026-08,J0093,R03,Closed - Unfilled,10,6,0,31,True,713,2026-10-05
2026-08-31,2026-08,J0094,R04,Closed - Unfilled,7,6,0,28,True,713,2026-10-05
2026-08-31,2026-08,J0095,R05,Closed - Unfilled,9,4,0,31,True,713,2026-10-05
2026-08-31,2026-08,J0096,R06,Closed - Unfilled,7,4,0,37,True,713,2026-10-05
2026-08-31,2026-08,J0097,R07,Filled,6,6,0,39,True,713,2026-10-05
2026-08-31,2026-08,J0098,R08,Filled,6,6,0,23,True,713,2026-10-05
2026-08-31,2026-08,J0099,R09,Filled,6,6,0,30,True,713,2026-10-05
2026-08-31,2026-08,J0100,R10,Filled,9,9,0,32,True,713,2026-10-05
2026-08-31,2026-08,J0101,R01,Closed - Unfilled,7,3,0,30,True,682,2026-10-05
2026-08-31,2026-08,J0102,R02,Filled,5,5,0,33,True,682,2026-10-05
2026-08-31,2026-08,J0103,R03,Filled,8,8,0,32,True,682,2026-10-05
2026-08-31,2026-08,J0104,R04,Filled,8,8,0,28,True,682,2026-10-05
2026-08-31,2026-08,J0105,R05,Filled,5,5,0,36,True,682,2026-10-05
2026-08-31,2026-08,J0106,R06,Closed - Unfilled,6,3,0,32,True,682,2026-10-05
2026-08-31,2026-08,J0107,R07,Closed - Unfilled,10,8,0,28,True,682,2026-10-05
2026-08-31,2026-08,J0108,R08,Closed - Unfilled,8,2,0,24,True,682,2026-10-05
2026-08-31,2026-08,J0109,R09,Closed - Unfilled,9,3,0,22,True,682,2026-10-05
2026-08-31,2026-08,J0110,R10,Filled,5,5,0,27,True,682,2026-10-05
2026-08-31,2026-08,J0111,R01,Closed - Unfilled,8,7,0,32,True,652,2026-10-05
2026-08-31,2026-08,J0112,R02,Filled,6,6,0,27,True,652,2026-10-05
2026-08-31,2026-08,J0113,R03,Filled,8,8,0,29,True,652,2026-10-05
2026-08-31,2026-08,J0114,R04,Filled,5,5,0,35,True,652,2026-10-05
2026-08-31,2026-08,J0115,R05,Closed - Unfilled,10,7,0,32,True,652,2026-10-05
2026-08-31,2026-08,J0116,R06,Filled,5,5,0,32,True,652,2026-10-05
2026-08-31,2026-08,J0117,R07,Filled,8,8,0,30,True,652,2026-10-05
2026-08-31,2026-08,J0118,R08,Closed - Unfilled,8,7,0,22,True,652,2026-10-05
2026-08-31,2026-08,J0119,R09,Closed - Unfilled,8,4,0,28,True,652,2026-10-05
2026-08-31,2026-08,J0120,R10,Filled,9,9,0,31,True,652,2026-10-05
2026-08-31,2026-08,J0121,R01,Closed - Unfilled,9,5,0,23,True,621,2026-10-05
2026-08-31,2026-08,J0122,R02,Closed - Unfilled,10,5,0,30,True,621,2026-10-05
2026-08-31,2026-08,J0123,R03,Closed - Unfilled,7,6,0,27,True,621,2026-10-05
2026-08-31,2026-08,J0124,R04,Closed - Unfilled,8,7,0,31,True,621,2026-10-05
2026-08-31,2026-08,J0125,R05,Filled,5,5,0,32,True,621,2026-10-05
2026-08-31,2026-08,J0126,R06,Filled,8,8,0,33,True,621,2026-10-05
2026-08-31,2026-08,J0127,R07,Closed - Unfilled,9,7,0,25,True,621,2026-10-05
2026-08-31,2026-08,J0128,R08,Filled,10,10,0,27,True,621,2026-10-05
2026-08-31,2026-08,J0129,R09,Closed - Unfilled,9,5,0,26,True,621,2026-10-05
2026-08-31,2026-08,J0130,R10,Closed - Unfilled,7,5,0,26,True,621,2026-10-05
2026-08-31,2026-08,J0131,R01,Closed - Unfilled,6,5,0,34,True,590,2026-10-05
2026-08-31,2026-08,J0132,R02,Closed - Unfilled,9,4,0,22,True,590,2026-10-05
2026-08-31,2026-08,J0133,R03,Filled,6,6,0,35,True,590,2026-10-05
2026-08-31,2026-08,J0134,R04,Filled,8,8,0,39,True,590,2026-10-05
2026-08-31,2026-08,J0135,R05,Closed - Unfilled,10,7,0,36,True,590,2026-10-05
2026-08-31,2026-08,J0136,R06,Filled,8,8,0,30,True,590,2026-10-05
2026-08-31,2026-08,J0137,R07,Closed - Unfilled,10,9,0,27,True,590,2026-10-05
2026-08-31,2026-08,J0138,R08,Filled,5,5,0,28,True,590,2026-10-05
2026-08-31,2026-08,J0139,R09,Filled,6,6,0,31,True,590,2026-10-05
2026-08-31,2026-08,J0140,R10,Closed - Unfilled,9,3,0,21,True,590,2026-10-05
2026-08-31,2026-08,J0141,R01,Filled,5,5,0,25,True,562,2026-10-05
2026-08-31,2026-08,J0142,R02,Closed - Unfilled,8,7,0,28,True,562,2026-10-05
2026-08-31,2026-08,J0143,R03,Closed - Unfilled,9,8,0,34,True,562,2026-10-05
2026-08-31,2026-08,J0144,R04,Closed - Unfilled,8,4,0,31,True,562,2026-10-05
2026-08-31,2026-08,J0145,R05,Closed - Unfilled,9,5,0,26,True,562,2026-10-05
2026-08-31,2026-08,J0146,R06,Filled,5,5,0,33,True,562,2026-10-05
2026-08-31,2026-08,J0147,R07,Closed - Unfilled,6,3,0,19,True,562,2026-10-05
2026-08-31,2026-08,J0148,R08,Closed - Unfilled,7,3,0,27,True,562,2026-10-05
2026-08-31,2026-08,J0149,R09,Filled,7,7,0,29,True,562,2026-10-05
2026-08-31,2026-08,J0150,R10,Closed - Unfilled,8,5,0,30,True,562,2026-10-05
2026-08-31,2026-08,J0151,R01,Closed - Unfilled,6,3,0,28,True,531,2026-10-05
2026-08-31,2026-08,J0152,R02,Filled,8,8,0,31,True,531,2026-10-05
2026-08-31,2026-08,J0153,R03,Closed - Unfilled,10,8,0,27,True,531,2026-10-05
2026-08-31,2026-08,J0154,R04,Closed - Unfilled,6,5,0,31,True,531,2026-10-05
2026-08-31,2026-08,J0155,R05,Closed - Unfilled,9,6,0,23,True,531,2026-10-05
2026-08-31,2026-08,J0156,R06,Filled,6,6,0,38,True,531,2026-10-05
2026-08-31,2026-08,J0157,R07,Filled,5,5,0,26,True,531,2026-10-05
2026-08-31,2026-08,J0158,R08,Closed - Unfilled,7,4,0,22,True,531,2026-10-05
2026-08-31,2026-08,J0159,R09,Closed - Unfilled,6,4,0,21,True,531,2026-10-05
2026-08-31,2026-08,J0160,R10,Closed - Unfilled,8,4,0,30,True,531,2026-10-05
2026-08-31,2026-08,J0161,R01,Closed - Unfilled,5,4,0,21,True,501,2026-10-05
2026-08-31,2026-08,J0162,R02,Closed - Unfilled,9,4,0,32,True,501,2026-10-05
2026-08-31,2026-08,J0163,R03,Closed - Unfilled,7,1,0,32,True,501,2026-10-05
2026-08-31,2026-08,J0164,R04,Filled,9,9,0,28,True,501,2026-10-05
2026-08-31,2026-08,J0165,R05,Closed - Unfilled,7,6,0,26,True,501,2026-10-05
2026-08-31,2026-08,J0166,R06,Filled,8,8,0,39,True,501,2026-10-05
2026-08-31,2026-08,J0167,R07,Filled,7,7,0,28,True,501,2026-10-05
2026-08-31,2026-08,J0168,R08,Closed - Unfilled,10,1,0,22,True,501,2026-10-05
2026-08-31,2026-08,J0169,R09,Filled,7,7,0,28,True,501,2026-10-05
2026-08-31,2026-08,J0170,R10,Closed - Unfilled,9,6,0,32,True,501,2026-10-05
2026-08-31,2026-08,J0171,R01,Filled,7,7,0,31,True,470,2026-10-05
2026-08-31,2026-08,J0172,R02,Filled,7,7,0,28,True,470,2026-10-05
2026-08-31,2026-08,J0173,R03,Filled,7,7,0,30,True,470,2026-10-05
2026-08-31,2026-08,J0174,R04,Closed - Unfilled,7,5,0,28,True,470,2026-10-05
2026-08-31,2026-08,J0175,R05,Filled,6,6,0,31,True,470,2026-10-05
2026-08-31,2026-08,J0176,R06,Closed - Unfilled,8,7,0,30,True,470,2026-10-05
2026-08-31,2026-08,J0177,R07,Closed - Unfilled,7,6,0,23,True,470,2026-10-05
2026-08-31,2026-08,J0178,R08,Closed - Unfilled,8,5,0,28,True,470,2026-10-05
2026-08-31,2026-08,J0179,R09,Closed - Unfilled,10,4,0,32,True,470,2026-10-05
2026-08-31,2026-08,J0180,R10,Filled,8,8,0,34,True,470,2026-10-05
2026-08-31,2026-08,J0181,R01,Closed - Unfilled,7,4,0,27,True,440,2026-10-05
2026-08-31,2026-08,J0182,R02,Closed - Unfilled,9,5,0,29,True,440,2026-10-05
2026-08-31,2026-08,J0183,R03,Filled,5,5,0,32,True,440,2026-10-05
2026-08-31,2026-08,J0184,R04,Closed - Unfilled,7,5,0,23,True,440,2026-10-05
2026-08-31,2026-08,J0185,R05,Filled,9,9,0,35,True,440,2026-10-05
2026-08-31,2026-08,J0186,R06,Closed - Unfilled,10,4,0,36,True,440,2026-10-05
2026-08-31,2026-08,J0187,R07,Closed - Unfilled,9,4,0,25,True,440,2026-10-05
2026-08-31,2026-08,J0188,R08,Closed - Unfilled,8,6,0,32,True,440,2026-10-05
2026-08-31,2026-08,J0189,R09,Filled,5,5,0,29,True,440,2026-10-05
2026-08-31,2026-08,J0190,R10,Closed - Unfilled,9,7,0,36,True,440,2026-10-05
2026-08-31,2026-08,J0191,R01,Filled,7,7,0,30,True,409,2026-10-05
2026-08-31,2026-08,J0192,R02,Closed - Unfilled,8,5,0,27,True,409,2026-10-05
2026-08-31,2026-08,J0193,R03,Closed - Unfilled,5,4,0,27,True,409,2026-10-05
2026-08-31,2026-08,J0194,R04,Filled,7,7,0,30,True,409,2026-10-05
2026-08-31,2026-08,J0195,R05,Closed - Unfilled,8,7,0,36,True,409,2026-10-05
2026-08-31,2026-08,J0196,R06,Closed - Unfilled,10,3,0,32,True,409,2026-10-05
2026-08-31,2026-08,J0197,R07,Filled,5,5,0,30,True,409,2026-10-05
2026-08-31,2026-08,J0198,R08,Filled,5,5,0,27,True,409,2026-10-05
2026-08-31,2026-08,J0199,R09,Closed - Unfilled,5,4,0,28,True,409,2026-10-05
2026-08-31,2026-08,J0200,R10,Closed - Unfilled,7,6,0,27,True,409,2026-10-05
2026-08-31,2026-08,J0201,R01,Closed - Unfilled,10,6,0,28,True,378,2026-10-05
2026-08-31,2026-08,J0202,R02,Closed - Unfilled,9,6,0,31,True,378,2026-10-05
2026-08-31,2026-08,J0203,R03,Closed - Unfilled,6,2,0,31,True,378,2026-10-05
2026-08-31,2026-08,J0204,R04,Closed - Unfilled,10,7,0,26,True,378,2026-10-05
2026-08-31,2026-08,J0205,R05,Closed - Unfilled,9,5,0,32,True,378,2026-10-05
2026-08-31,2026-08,J0206,R06,Closed - Unfilled,9,7,0,26,True,378,2026-10-05
2026-08-31,2026-08,J0207,R07,Closed - Unfilled,10,5,0,32,True,378,2026-10-05
2026-08-31,2026-08,J0208,R08,Filled,6,6,0,29,True,378,2026-10-05
2026-08-31,2026-08,J0209,R09,Filled,5,5,0,26,True,378,2026-10-05
2026-08-31,2026-08,J0210,R10,Filled,7,7,0,32,True,378,2026-10-05
2026-08-31,2026-08,J0211,R01,Closed - Unfilled,5,3,0,31,True,348,2026-10-05
2026-08-31,2026-08,J0212,R02,Closed - Unfilled,10,5,0,26,True,348,2026-10-05
2026-08-31,2026-08,J0213,R03,Filled,5,5,0,25,True,348,2026-10-05
2026-08-31,2026-08,J0214,R04,Closed - Unfilled,8,7,0,27,True,348,2026-10-05
2026-08-31,2026-08,J0215,R05,Filled,8,8,0,35,True,348,2026-10-05
2026-08-31,2026-08,J0216,R06,Filled,5,5,0,33,True,348,2026-10-05
2026-08-31,2026-08,J0217,R07,Filled,7,7,0,30,True,348,2026-10-05
2026-08-31,2026-08,J0218,R08,Closed - Unfilled,6,4,0,26,True,348,2026-10-05
2026-08-31,2026-08,J0219,R09,Closed - Unfilled,9,6,0,33,True,348,2026-10-05
2026-08-31,2026-08,J0220,R10,Closed - Unfilled,9,5,0,28,True,348,2026-10-05
2026-08-31,2026-08,J0221,R01,Closed - Unfilled,10,2,0,23,True,317,2026-10-05
2026-08-31,2026-08,J0222,R02,Filled,7,7,0,31,True,317,2026-10-05
2026-08-31,2026-08,J0223,R03,Filled,5,5,0,23,True,317,2026-10-05
2026-08-31,2026-08,J0224,R04,Filled,6,6,0,17,True,317,2026-10-05
2026-08-31,2026-08,J0225,R05,Closed - Unfilled,10,9,0,32,True,317,2026-10-05
2026-08-31,2026-08,J0226,R06,Closed - Unfilled,10,6,0,26,True,317,2026-10-05
2026-08-31,2026-08,J0227,R07,Closed - Unfilled,7,5,0,27,True,317,2026-10-05
2026-08-31,2026-08,J0228,R08,Closed - Unfilled,10,9,0,45,True,317,2026-10-05
2026-08-31,2026-08,J0229,R09,Filled,7,7,0,43,True,317,2026-10-05
2026-08-31,2026-08,J0230,R10,Closed - Unfilled,8,6,0,30,True,317,2026-10-05
2026-08-31,2026-08,J0231,R01,Filled,5,5,0,30,True,287,2026-10-05
2026-08-31,2026-08,J0232,R02,Filled,6,6,0,25,True,287,2026-10-05
2026-08-31,2026-08,J0233,R03,Filled,9,9,0,29,True,287,2026-10-05
2026-08-31,2026-08,J0234,R04,Closed - Unfilled,8,7,0,28,True,287,2026-10-05
2026-08-31,2026-08,J0235,R05,Filled,5,5,0,32,True,287,2026-10-05
2026-08-31,2026-08,J0236,R06,Filled,9,9,0,42,True,287,2026-10-05
2026-08-31,2026-08,J0237,R07,Filled,7,7,0,27,True,287,2026-10-05
2026-08-31,2026-08,J0238,R08,Filled,8,8,0,25,True,287,2026-10-05
2026-08-31,2026-08,J0239,R09,Closed - Unfilled,10,7,0,33,True,287,2026-10-05
2026-08-31,2026-08,J0240,R10,Filled,8,8,0,29,True,287,2026-10-05
2026-08-31,2026-08,J0241,R01,Closed - Unfilled,7,6,0,24,True,256,2026-10-05
2026-08-31,2026-08,J0242,R02,Closed - Unfilled,5,3,0,24,True,256,2026-10-05
2026-08-31,2026-08,J0243,R03,Closed - Unfilled,8,5,0,30,True,256,2026-10-05
2026-08-31,2026-08,J0244,R04,Closed - Unfilled,9,8,0,37,True,256,2026-10-05
2026-08-31,2026-08,J0245,R05,Closed - Unfilled,10,9,0,27,True,256,2026-10-05
2026-08-31,2026-08,J0246,R06,Closed - Unfilled,10,7,0,32,True,256,2026-10-05
2026-08-31,2026-08,J0247,R07,Filled,5,5,0,27,True,256,2026-10-05
2026-08-31,2026-08,J0248,R08,Closed - Unfilled,10,6,0,31,True,256,2026-10-05
2026-08-31,2026-08,J0249,R09,Closed - Unfilled,5,4,0,31,True,256,2026-10-05
2026-08-31,2026-08,J0250,R10,Filled,10,10,0,32,True,256,2026-10-05
2026-08-31,2026-08,J0251,R01,Closed - Unfilled,9,8,0,28,True,225,2026-10-05
2026-08-31,2026-08,J0252,R02,Closed - Unfilled,9,8,0,25,True,225,2026-10-05
2026-08-31,2026-08,J0253,R03,Closed - Unfilled,8,6,0,28,True,225,2026-10-05
2026-08-31,2026-08,J0254,R04,Filled,10,10,0,30,True,225,2026-10-05
2026-08-31,2026-08,J0255,R05,Filled,7,7,0,32,True,225,2026-10-05
2026-08-31,2026-08,J0256,R06,Filled,7,7,0,28,True,225,2026-10-05
2026-08-31,2026-08,J0257,R07,Closed - Unfilled,8,2,0,20,True,225,2026-10-05
2026-08-31,2026-08,J0258,R08,Filled,9,9,0,27,True,225,2026-10-05
2026-08-31,2026-08,J0259,R09,Closed - Unfilled,10,9,0,22,True,225,2026-10-05
2026-08-31,2026-08,J0260,R10,Filled,8,8,0,28,True,225,2026-10-05
2026-08-31,2026-08,J0261,R01,Closed - Unfilled,9,6,0,28,True,197,2026-10-05
2026-08-31,2026-08,J0262,R02,Filled,8,8,0,23,True,197,2026-10-05
2026-08-31,2026-08,J0263,R03,Filled,8,8,0,27,True,197,2026-10-05
2026-08-31,2026-08,J0264,R04,Filled,6,6,0,27,True,197,2026-10-05
2026-08-31,2026-08,J0265,R05,Filled,5,5,0,39,True,197,2026-10-05
2026-08-31,2026-08,J0266,R06,Filled,7,7,0,39,True,197,2026-10-05
2026-08-31,2026-08,J0267,R07,Closed - Unfilled,10,7,0,25,True,197,2026-10-05
2026-08-31,2026-08,J0268,R08,Closed - Unfilled,6,5,0,29,True,197,2026-10-05
2026-08-31,2026-08,J0269,R09,Closed - Unfilled,10,8,0,30,True,197,2026-10-05
2026-08-31,2026-08,J0270,R10,Closed - Unfilled,10,9,0,32,True,197,2026-10-05
2026-08-31,2026-08,J0271,R01,Closed - Unfilled,7,6,0,30,True,166,2026-10-05
2026-08-31,2026-08,J0272,R02,Filled,5,5,0,28,True,166,2026-10-05
2026-08-31,2026-08,J0273,R03,Closed - Unfilled,7,3,0,19,True,166,2026-10-05
2026-08-31,2026-08,J0274,R04,Filled,5,5,0,29,True,166,2026-10-05
2026-08-31,2026-08,J0275,R05,Filled,10,10,0,27,True,166,2026-10-05
2026-08-31,2026-08,J0276,R06,Filled,9,9,0,34,True,166,2026-10-05
2026-08-31,2026-08,J0277,R07,Closed - Unfilled,9,7,0,26,True,166,2026-10-05
2026-08-31,2026-08,J0278,R08,Closed - Unfilled,9,7,0,30,True,166,2026-10-05
2026-08-31,2026-08,J0279,R09,Closed - Unfilled,10,4,0,29,True,166,2026-10-05
2026-08-31,2026-08,J0280,R10,Closed - Unfilled,9,6,0,26,True,166,2026-10-05
2026-08-31,2026-08,J0281,R01,Closed - Unfilled,10,9,0,21,True,136,2026-10-05
2026-08-31,2026-08,J0282,R02,Filled,5,5,0,28,True,136,2026-10-05
2026-08-31,2026-08,J0283,R03,Closed - Unfilled,5,3,0,23,True,136,2026-10-05
2026-08-31,2026-08,J0284,R04,Filled,5,5,0,27,True,136,2026-10-05
2026-08-31,2026-08,J0285,R05,Filled,5,5,0,32,True,136,2026-10-05
2026-08-31,2026-08,J0286,R06,Filled,7,7,0,34,True,136,2026-10-05
2026-08-31,2026-08,J0287,R07,Filled,7,7,0,27,True,136,2026-10-05
2026-08-31,2026-08,J0288,R08,Filled,7,7,0,28,True,136,2026-10-05
2026-08-31,2026-08,J0289,R09,Filled,7,7,0,30,True,136,2026-10-05
2026-08-31,2026-08,J0290,R10,Filled,7,7,0,28,True,136,2026-10-05
2026-08-31,2026-08,J0291,R01,Filled,6,6,0,33,True,105,2026-10-05
2026-08-31,2026-08,J0292,R02,Filled,6,6,0,37,True,105,2026-10-05
2026-08-31,2026-08,J0293,R03,Open,7,4,3,26,True,105,2026-10-05
2026-08-31,2026-08,J0294,R04,Filled,5,5,0,32,True,105,2026-10-05
2026-08-31,2026-08,J0295,R05,Open,5,4,1,32,True,105,2026-10-05
2026-08-31,2026-08,J0296,R06,Open,8,3,5,36,True,105,2026-10-05
2026-08-31,2026-08,J0297,R07,Filled,7,7,0,35,True,105,2026-10-05
2026-08-31,2026-08,J0298,R08,Open,5,2,3,17,True,105,2026-10-05
2026-08-31,2026-08,J0299,R09,Filled,7,7,0,29,True,105,2026-10-05
2026-08-31,2026-08,J0300,R10,Filled,6,6,0,38,True,105,2026-10-05
2026-08-31,2026-08,J0301,R01,Filled,6,6,0,24,True,75,2026-10-05
2026-08-31,2026-08,J0302,R02,Open,9,6,3,32,True,75,2026-10-05
2026-08-31,2026-08,J0303,R03,Filled,7,7,0,34,True,75,2026-10-05
2026-08-31,2026-08,J0304,R04,Open,10,3,7,26,True,75,2026-10-05
2026-08-31,2026-08,J0305,R05,On Hold,9,4,5,28,True,75,2026-10-05
2026-08-31,2026-08,J0306,R06,Filled,7,7,0,32,True,75,2026-10-05
2026-08-31,2026-08,J0307,R07,Open,9,7,2,19,True,75,2026-10-05
2026-08-31,2026-08,J0308,R08,Open,10,2,8,24,True,75,2026-10-05
2026-08-31,2026-08,J0309,R09,Filled,6,6,0,32,True,75,2026-10-05
2026-08-31,2026-08,J0310,R10,Open,10,5,5,28,True,75,2026-10-05
2026-08-31,2026-08,J0311,R01,Open,10,1,9,22,True,44,2026-10-05
2026-08-31,2026-08,J0312,R02,Open,8,2,6,18,True,44,2026-10-05
2026-08-31,2026-08,J0313,R03,Open,5,0,5,15,True,44,2026-10-05
2026-08-31,2026-08,J0314,R04,Open,10,1,9,22,True,44,2026-10-05
2026-08-31,2026-08,J0315,R05,Open,10,0,10,25,True,44,2026-10-05
2026-08-31,2026-08,J0316,R06,Open,8,0,8,30,True,44,2026-10-05
2026-08-31,2026-08,J0317,R07,Open,10,0,10,18,True,44,2026-10-05
2026-08-31,2026-08,J0318,R08,Open,9,0,9,20,True,44,2026-10-05
2026-08-31,2026-08,J0319,R09,Open,5,2,3,14,True,44,2026-10-05
2026-08-31,2026-08,J0320,R10,Open,6,0,6,20,True,44,2026-10-05
2026-08-31,2026-08,J0321,R01,Open,9,0,9,0,False,13,2026-10-05
2026-08-31,2026-08,J0322,R02,Open,7,0,7,0,False,13,2026-10-05
2026-08-31,2026-08,J0323,R03,Open,10,0,10,0,False,13,2026-10-05
2026-08-31,2026-08,J0324,R04,Open,10,0,10,0,False,13,2026-10-05
2026-08-31,2026-08,J0325,R05,Open,10,0,10,0,False,13,2026-10-05
2026-08-31,2026-08,J0326,R06,Open,6,0,6,0,False,13,2026-10-05
2026-08-31,2026-08,J0327,R07,Open,8,0,8,0,False,13,2026-10-05
2026-08-31,2026-08,J0328,R08,Open,9,0,9,0,False,13,2026-10-05
2026-08-31,2026-08,J0329,R09,Open,6,0,6,0,False,13,2026-10-05
2026-08-31,2026-08,J0330,R10,Open,8,0,8,0,False,13,2026-10-05
2026-09-30,2026-09,J0001,R01,Closed - Unfilled,7,4,0,27,True,1003,2026-10-05
2026-09-30,2026-09,J0002,R02,Filled,5,5,0,24,True,1003,2026-10-05
2026-09-30,2026-09,J0003,R03,Closed - Unfilled,10,5,0,30,True,1003,2026-10-05
2026-09-30,2026-09,J0004,R04,Filled,8,8,0,35,True,1003,2026-10-05
2026-09-30,2026-09,J0005,R05,Filled,8,8,0,32,True,1003,2026-10-05
2026-09-30,2026-09,J0006,R06,Closed - Unfilled,9,3,0,23,True,1003,2026-10-05
2026-09-30,2026-09,J0007,R07,Closed - Unfilled,10,4,0,25,True,1003,2026-10-05
2026-09-30,2026-09,J0008,R08,Closed - Unfilled,8,7,0,24,True,1003,2026-10-05
2026-09-30,2026-09,J0009,R09,Closed - Unfilled,10,6,0,24,True,1003,2026-10-05
2026-09-30,2026-09,J0010,R10,Closed - Unfilled,10,4,0,27,True,1003,2026-10-05
2026-09-30,2026-09,J0011,R01,Filled,9,9,0,31,True,986,2026-10-05
2026-09-30,2026-09,J0012,R02,Closed - Unfilled,9,8,0,34,True,986,2026-10-05
2026-09-30,2026-09,J0013,R03,Closed - Unfilled,10,4,0,25,True,986,2026-10-05
2026-09-30,2026-09,J0014,R04,Closed - Unfilled,10,3,0,30,True,986,2026-10-05
2026-09-30,2026-09,J0015,R05,Filled,7,7,0,34,True,986,2026-10-05
2026-09-30,2026-09,J0016,R06,Filled,9,9,0,35,True,986,2026-10-05
2026-09-30,2026-09,J0017,R07,Filled,8,8,0,23,True,986,2026-10-05
2026-09-30,2026-09,J0018,R08,Closed - Unfilled,9,7,0,35,True,986,2026-10-05
2026-09-30,2026-09,J0019,R09,Closed - Unfilled,10,4,0,29,True,986,2026-10-05
2026-09-30,2026-09,J0020,R10,Filled,7,7,0,25,True,986,2026-10-05
2026-09-30,2026-09,J0021,R01,Closed - Unfilled,5,1,0,20,True,957,2026-10-05
2026-09-30,2026-09,J0022,R02,Filled,6,6,0,31,True,957,2026-10-05
2026-09-30,2026-09,J0023,R03,Closed - Unfilled,8,5,0,28,True,957,2026-10-05
2026-09-30,2026-09,J0024,R04,Filled,6,6,0,29,True,957,2026-10-05
2026-09-30,2026-09,J0025,R05,Closed - Unfilled,8,7,0,28,True,957,2026-10-05
2026-09-30,2026-09,J0026,R06,Closed - Unfilled,9,6,0,37,True,957,2026-10-05
2026-09-30,2026-09,J0027,R07,Closed - Unfilled,10,8,0,26,True,957,2026-10-05
2026-09-30,2026-09,J0028,R08,Filled,7,7,0,27,True,957,2026-10-05
2026-09-30,2026-09,J0029,R09,Closed - Unfilled,9,4,0,24,True,957,2026-10-05
2026-09-30,2026-09,J0030,R10,Closed - Unfilled,8,3,0,23,True,957,2026-10-05
2026-09-30,2026-09,J0031,R01,Closed - Unfilled,9,5,0,30,True,926,2026-10-05
2026-09-30,2026-09,J0032,R02,Closed - Unfilled,10,6,0,37,True,926,2026-10-05
2026-09-30,2026-09,J0033,R03,Closed - Unfilled,5,4,0,30,True,926,2026-10-05
2026-09-30,2026-09,J0034,R04,Closed - Unfilled,10,8,0,27,True,926,2026-10-05
2026-09-30,2026-09,J0035,R05,Closed - Unfilled,8,5,0,30,True,926,2026-10-05
2026-09-30,2026-09,J0036,R06,Closed - Unfilled,10,9,0,41,True,926,2026-10-05
2026-09-30,2026-09,J0037,R07,Closed - Unfilled,8,6,0,24,True,926,2026-10-05
2026-09-30,2026-09,J0038,R08,Filled,7,7,0,32,True,926,2026-10-05
2026-09-30,2026-09,J0039,R09,Closed - Unfilled,7,5,0,26,True,926,2026-10-05
2026-09-30,2026-09,J0040,R10,Filled,6,6,0,28,True,926,2026-10-05
2026-09-30,2026-09,J0041,R01,Filled,5,5,0,34,True,896,2026-10-05
2026-09-30,2026-09,J0042,R02,Filled,5,5,0,33,True,896,2026-10-05
2026-09-30,2026-09,J0043,R03,Filled,7,7,0,32,True,896,2026-10-05
2026-09-30,2026-09,J0044,R04,Closed - Unfilled,7,6,0,33,True,896,2026-10-05
2026-09-30,2026-09,J0045,R05,Closed - Unfilled,9,4,0,31,True,896,2026-10-05
2026-09-30,2026-09,J0046,R06,Filled,7,7,0,35,True,896,2026-10-05
2026-09-30,2026-09,J0047,R07,Closed - Unfilled,8,7,0,26,True,896,2026-10-05
2026-09-30,2026-09,J0048,R08,Filled,9,9,0,37,True,896,2026-10-05
2026-09-30,2026-09,J0049,R09,Closed - Unfilled,6,4,0,21,True,896,2026-10-05
2026-09-30,2026-09,J0050,R10,Closed - Unfilled,10,3,0,34,True,896,2026-10-05
2026-09-30,2026-09,J0051,R01,Closed - Unfilled,10,6,0,26,True,865,2026-10-05
2026-09-30,2026-09,J0052,R02,Closed - Unfilled,9,4,0,24,True,865,2026-10-05
2026-09-30,2026-09,J0053,R03,Closed - Unfilled,10,9,0,36,True,865,2026-10-05
2026-09-30,2026-09,J0054,R04,Filled,6,6,0,28,True,865,2026-10-05
2026-09-30,2026-09,J0055,R05,Filled,5,5,0,33,True,865,2026-10-05
2026-09-30,2026-09,J0056,R06,Closed - Unfilled,8,5,0,27,True,865,2026-10-05
2026-09-30,2026-09,J0057,R07,Closed - Unfilled,6,3,0,19,True,865,2026-10-05
2026-09-30,2026-09,J0058,R08,Closed - Unfilled,10,2,0,30,True,865,2026-10-05
2026-09-30,2026-09,J0059,R09,Filled,6,6,0,29,True,865,2026-10-05
2026-09-30,2026-09,J0060,R10,Closed - Unfilled,8,6,0,33,True,865,2026-10-05
2026-09-30,2026-09,J0061,R01,Closed - Unfilled,7,3,0,27,True,835,2026-10-05
2026-09-30,2026-09,J0062,R02,Closed - Unfilled,9,5,0,23,True,835,2026-10-05
2026-09-30,2026-09,J0063,R03,Closed - Unfilled,10,8,0,33,True,835,2026-10-05
2026-09-30,2026-09,J0064,R04,Closed - Unfilled,9,5,0,29,True,835,2026-10-05
2026-09-30,2026-09,J0065,R05,Filled,9,9,0,31,True,835,2026-10-05
2026-09-30,2026-09,J0066,R06,Closed - Unfilled,5,4,0,35,True,835,2026-10-05
2026-09-30,2026-09,J0067,R07,Closed - Unfilled,7,3,0,26,True,835,2026-10-05
2026-09-30,2026-09,J0068,R08,Filled,5,5,0,26,True,835,2026-10-05
2026-09-30,2026-09,J0069,R09,Filled,8,8,0,27,True,835,2026-10-05
2026-09-30,2026-09,J0070,R10,Closed - Unfilled,10,5,0,33,True,835,2026-10-05
2026-09-30,2026-09,J0071,R01,Closed - Unfilled,10,1,0,30,True,804,2026-10-05
2026-09-30,2026-09,J0072,R02,Filled,6,6,0,34,True,804,2026-10-05
2026-09-30,2026-09,J0073,R03,Filled,7,7,0,28,True,804,2026-10-05
2026-09-30,2026-09,J0074,R04,Filled,7,7,0,34,True,804,2026-10-05
2026-09-30,2026-09,J0075,R05,Closed - Unfilled,10,7,0,38,True,804,2026-10-05
2026-09-30,2026-09,J0076,R06,Filled,6,6,0,32,True,804,2026-10-05
2026-09-30,2026-09,J0077,R07,Closed - Unfilled,10,9,0,29,True,804,2026-10-05
2026-09-30,2026-09,J0078,R08,Filled,5,5,0,27,True,804,2026-10-05
2026-09-30,2026-09,J0079,R09,Closed - Unfilled,10,7,0,27,True,804,2026-10-05
2026-09-30,2026-09,J0080,R10,Closed - Unfilled,8,4,0,29,True,804,2026-10-05
2026-09-30,2026-09,J0081,R01,Filled,5,5,0,30,True,773,2026-10-05
2026-09-30,2026-09,J0082,R02,Filled,7,7,0,34,True,773,2026-10-05
2026-09-30,2026-09,J0083,R03,Filled,5,5,0,27,True,773,2026-10-05
2026-09-30,2026-09,J0084,R04,Filled,6,6,0,32,True,773,2026-10-05
2026-09-30,2026-09,J0085,R05,Filled,7,7,0,30,True,773,2026-10-05
2026-09-30,2026-09,J0086,R06,Filled,5,5,0,32,True,773,2026-10-05
2026-09-30,2026-09,J0087,R07,Filled,7,7,0,24,True,773,2026-10-05
2026-09-30,2026-09,J0088,R08,Closed - Unfilled,8,4,0,31,True,773,2026-10-05
2026-09-30,2026-09,J0089,R09,Filled,6,6,0,31,True,773,2026-10-05
2026-09-30,2026-09,J0090,R10,Filled,8,8,0,36,True,773,2026-10-05
2026-09-30,2026-09,J0091,R01,Closed - Unfilled,10,4,0,22,True,743,2026-10-05
2026-09-30,2026-09,J0092,R02,Closed - Unfilled,9,2,0,21,True,743,2026-10-05
2026-09-30,2026-09,J0093,R03,Closed - Unfilled,10,6,0,31,True,743,2026-10-05
2026-09-30,2026-09,J0094,R04,Closed - Unfilled,7,6,0,28,True,743,2026-10-05
2026-09-30,2026-09,J0095,R05,Closed - Unfilled,9,4,0,31,True,743,2026-10-05
2026-09-30,2026-09,J0096,R06,Closed - Unfilled,7,4,0,37,True,743,2026-10-05
2026-09-30,2026-09,J0097,R07,Filled,6,6,0,39,True,743,2026-10-05
2026-09-30,2026-09,J0098,R08,Filled,6,6,0,23,True,743,2026-10-05
2026-09-30,2026-09,J0099,R09,Filled,6,6,0,30,True,743,2026-10-05
2026-09-30,2026-09,J0100,R10,Filled,9,9,0,32,True,743,2026-10-05
2026-09-30,2026-09,J0101,R01,Closed - Unfilled,7,3,0,30,True,712,2026-10-05
2026-09-30,2026-09,J0102,R02,Filled,5,5,0,33,True,712,2026-10-05
2026-09-30,2026-09,J0103,R03,Filled,8,8,0,32,True,712,2026-10-05
2026-09-30,2026-09,J0104,R04,Filled,8,8,0,28,True,712,2026-10-05
2026-09-30,2026-09,J0105,R05,Filled,5,5,0,36,True,712,2026-10-05
2026-09-30,2026-09,J0106,R06,Closed - Unfilled,6,3,0,32,True,712,2026-10-05
2026-09-30,2026-09,J0107,R07,Closed - Unfilled,10,8,0,28,True,712,2026-10-05
2026-09-30,2026-09,J0108,R08,Closed - Unfilled,8,2,0,24,True,712,2026-10-05
2026-09-30,2026-09,J0109,R09,Closed - Unfilled,9,3,0,22,True,712,2026-10-05
2026-09-30,2026-09,J0110,R10,Filled,5,5,0,27,True,712,2026-10-05
2026-09-30,2026-09,J0111,R01,Closed - Unfilled,8,7,0,32,True,682,2026-10-05
2026-09-30,2026-09,J0112,R02,Filled,6,6,0,27,True,682,2026-10-05
2026-09-30,2026-09,J0113,R03,Filled,8,8,0,29,True,682,2026-10-05
2026-09-30,2026-09,J0114,R04,Filled,5,5,0,35,True,682,2026-10-05
2026-09-30,2026-09,J0115,R05,Closed - Unfilled,10,7,0,32,True,682,2026-10-05
2026-09-30,2026-09,J0116,R06,Filled,5,5,0,32,True,682,2026-10-05
2026-09-30,2026-09,J0117,R07,Filled,8,8,0,30,True,682,2026-10-05
2026-09-30,2026-09,J0118,R08,Closed - Unfilled,8,7,0,22,True,682,2026-10-05
2026-09-30,2026-09,J0119,R09,Closed - Unfilled,8,4,0,28,True,682,2026-10-05
2026-09-30,2026-09,J0120,R10,Filled,9,9,0,31,True,682,2026-10-05
2026-09-30,2026-09,J0121,R01,Closed - Unfilled,9,5,0,23,True,651,2026-10-05
2026-09-30,2026-09,J0122,R02,Closed - Unfilled,10,5,0,30,True,651,2026-10-05
2026-09-30,2026-09,J0123,R03,Closed - Unfilled,7,6,0,27,True,651,2026-10-05
2026-09-30,2026-09,J0124,R04,Closed - Unfilled,8,7,0,31,True,651,2026-10-05
2026-09-30,2026-09,J0125,R05,Filled,5,5,0,32,True,651,2026-10-05
2026-09-30,2026-09,J0126,R06,Filled,8,8,0,33,True,651,2026-10-05
2026-09-30,2026-09,J0127,R07,Closed - Unfilled,9,7,0,25,True,651,2026-10-05
2026-09-30,2026-09,J0128,R08,Filled,10,10,0,27,True,651,2026-10-05
2026-09-30,2026-09,J0129,R09,Closed - Unfilled,9,5,0,26,True,651,2026-10-05
2026-09-30,2026-09,J0130,R10,Closed - Unfilled,7,5,0,26,True,651,2026-10-05
2026-09-30,2026-09,J0131,R01,Closed - Unfilled,6,5,0,34,True,620,2026-10-05
2026-09-30,2026-09,J0132,R02,Closed - Unfilled,9,4,0,22,True,620,2026-10-05
2026-09-30,2026-09,J0133,R03,Filled,6,6,0,35,True,620,2026-10-05
2026-09-30,2026-09,J0134,R04,Filled,8,8,0,39,True,620,2026-10-05
2026-09-30,2026-09,J0135,R05,Closed - Unfilled,10,7,0,36,True,620,2026-10-05
2026-09-30,2026-09,J0136,R06,Filled,8,8,0,30,True,620,2026-10-05
2026-09-30,2026-09,J0137,R07,Closed - Unfilled,10,9,0,27,True,620,2026-10-05
2026-09-30,2026-09,J0138,R08,Filled,5,5,0,28,True,620,2026-10-05
2026-09-30,2026-09,J0139,R09,Filled,6,6,0,31,True,620,2026-10-05
2026-09-30,2026-09,J0140,R10,Closed - Unfilled,9,3,0,21,True,620,2026-10-05
2026-09-30,2026-09,J0141,R01,Filled,5,5,0,25,True,592,2026-10-05
2026-09-30,2026-09,J0142,R02,Closed - Unfilled,8,7,0,28,True,592,2026-10-05
2026-09-30,2026-09,J0143,R03,Closed - Unfilled,9,8,0,34,True,592,2026-10-05
2026-09-30,2026-09,J0144,R04,Closed - Unfilled,8,4,0,31,True,592,2026-10-05
2026-09-30,2026-09,J0145,R05,Closed - Unfilled,9,5,0,26,True,592,2026-10-05
2026-09-30,2026-09,J0146,R06,Filled,5,5,0,33,True,592,2026-10-05
2026-09-30,2026-09,J0147,R07,Closed - Unfilled,6,3,0,19,True,592,2026-10-05
2026-09-30,2026-09,J0148,R08,Closed - Unfilled,7,3,0,27,True,592,2026-10-05
2026-09-30,2026-09,J0149,R09,Filled,7,7,0,29,True,592,2026-10-05
2026-09-30,2026-09,J0150,R10,Closed - Unfilled,8,5,0,30,True,592,2026-10-05
2026-09-30,2026-09,J0151,R01,Closed - Unfilled,6,3,0,28,True,561,2026-10-05
2026-09-30,2026-09,J0152,R02,Filled,8,8,0,31,True,561,2026-10-05
2026-09-30,2026-09,J0153,R03,Closed - Unfilled,10,8,0,27,True,561,2026-10-05
2026-09-30,2026-09,J0154,R04,Closed - Unfilled,6,5,0,31,True,561,2026-10-05
2026-09-30,2026-09,J0155,R05,Closed - Unfilled,9,6,0,23,True,561,2026-10-05
2026-09-30,2026-09,J0156,R06,Filled,6,6,0,38,True,561,2026-10-05
2026-09-30,2026-09,J0157,R07,Filled,5,5,0,26,True,561,2026-10-05
2026-09-30,2026-09,J0158,R08,Closed - Unfilled,7,4,0,22,True,561,2026-10-05
2026-09-30,2026-09,J0159,R09,Closed - Unfilled,6,4,0,21,True,561,2026-10-05
2026-09-30,2026-09,J0160,R10,Closed - Unfilled,8,4,0,30,True,561,2026-10-05
2026-09-30,2026-09,J0161,R01,Closed - Unfilled,5,4,0,21,True,531,2026-10-05
2026-09-30,2026-09,J0162,R02,Closed - Unfilled,9,4,0,32,True,531,2026-10-05
2026-09-30,2026-09,J0163,R03,Closed - Unfilled,7,1,0,32,True,531,2026-10-05
2026-09-30,2026-09,J0164,R04,Filled,9,9,0,28,True,531,2026-10-05
2026-09-30,2026-09,J0165,R05,Closed - Unfilled,7,6,0,26,True,531,2026-10-05
2026-09-30,2026-09,J0166,R06,Filled,8,8,0,39,True,531,2026-10-05
2026-09-30,2026-09,J0167,R07,Filled,7,7,0,28,True,531,2026-10-05
2026-09-30,2026-09,J0168,R08,Closed - Unfilled,10,1,0,22,True,531,2026-10-05
2026-09-30,2026-09,J0169,R09,Filled,7,7,0,28,True,531,2026-10-05
2026-09-30,2026-09,J0170,R10,Closed - Unfilled,9,6,0,32,True,531,2026-10-05
2026-09-30,2026-09,J0171,R01,Filled,7,7,0,31,True,500,2026-10-05
2026-09-30,2026-09,J0172,R02,Filled,7,7,0,28,True,500,2026-10-05
2026-09-30,2026-09,J0173,R03,Filled,7,7,0,30,True,500,2026-10-05
2026-09-30,2026-09,J0174,R04,Closed - Unfilled,7,5,0,28,True,500,2026-10-05
2026-09-30,2026-09,J0175,R05,Filled,6,6,0,31,True,500,2026-10-05
2026-09-30,2026-09,J0176,R06,Closed - Unfilled,8,7,0,30,True,500,2026-10-05
2026-09-30,2026-09,J0177,R07,Closed - Unfilled,7,6,0,23,True,500,2026-10-05
2026-09-30,2026-09,J0178,R08,Closed - Unfilled,8,5,0,28,True,500,2026-10-05
2026-09-30,2026-09,J0179,R09,Closed - Unfilled,10,4,0,32,True,500,2026-10-05
2026-09-30,2026-09,J0180,R10,Filled,8,8,0,34,True,500,2026-10-05
2026-09-30,2026-09,J0181,R01,Closed - Unfilled,7,4,0,27,True,470,2026-10-05
2026-09-30,2026-09,J0182,R02,Closed - Unfilled,9,5,0,29,True,470,2026-10-05
2026-09-30,2026-09,J0183,R03,Filled,5,5,0,32,True,470,2026-10-05
2026-09-30,2026-09,J0184,R04,Closed - Unfilled,7,5,0,23,True,470,2026-10-05
2026-09-30,2026-09,J0185,R05,Filled,9,9,0,35,True,470,2026-10-05
2026-09-30,2026-09,J0186,R06,Closed - Unfilled,10,4,0,36,True,470,2026-10-05
2026-09-30,2026-09,J0187,R07,Closed - Unfilled,9,4,0,25,True,470,2026-10-05
2026-09-30,2026-09,J0188,R08,Closed - Unfilled,8,6,0,32,True,470,2026-10-05
2026-09-30,2026-09,J0189,R09,Filled,5,5,0,29,True,470,2026-10-05
2026-09-30,2026-09,J0190,R10,Closed - Unfilled,9,7,0,36,True,470,2026-10-05
2026-09-30,2026-09,J0191,R01,Filled,7,7,0,30,True,439,2026-10-05
2026-09-30,2026-09,J0192,R02,Closed - Unfilled,8,5,0,27,True,439,2026-10-05
2026-09-30,2026-09,J0193,R03,Closed - Unfilled,5,4,0,27,True,439,2026-10-05
2026-09-30,2026-09,J0194,R04,Filled,7,7,0,30,True,439,2026-10-05
2026-09-30,2026-09,J0195,R05,Closed - Unfilled,8,7,0,36,True,439,2026-10-05
2026-09-30,2026-09,J0196,R06,Closed - Unfilled,10,3,0,32,True,439,2026-10-05
2026-09-30,2026-09,J0197,R07,Filled,5,5,0,30,True,439,2026-10-05
2026-09-30,2026-09,J0198,R08,Filled,5,5,0,27,True,439,2026-10-05
2026-09-30,2026-09,J0199,R09,Closed - Unfilled,5,4,0,28,True,439,2026-10-05
2026-09-30,2026-09,J0200,R10,Closed - Unfilled,7,6,0,27,True,439,2026-10-05
2026-09-30,2026-09,J0201,R01,Closed - Unfilled,10,6,0,28,True,408,2026-10-05
2026-09-30,2026-09,J0202,R02,Closed - Unfilled,9,6,0,31,True,408,2026-10-05
2026-09-30,2026-09,J0203,R03,Closed - Unfilled,6,2,0,31,True,408,2026-10-05
2026-09-30,2026-09,J0204,R04,Closed - Unfilled,10,7,0,26,True,408,2026-10-05
2026-09-30,2026-09,J0205,R05,Closed - Unfilled,9,5,0,32,True,408,2026-10-05
2026-09-30,2026-09,J0206,R06,Closed - Unfilled,9,7,0,26,True,408,2026-10-05
2026-09-30,2026-09,J0207,R07,Closed - Unfilled,10,5,0,32,True,408,2026-10-05
2026-09-30,2026-09,J0208,R08,Filled,6,6,0,29,True,408,2026-10-05
2026-09-30,2026-09,J0209,R09,Filled,5,5,0,26,True,408,2026-10-05
2026-09-30,2026-09,J0210,R10,Filled,7,7,0,32,True,408,2026-10-05
2026-09-30,2026-09,J0211,R01,Closed - Unfilled,5,3,0,31,True,378,2026-10-05
2026-09-30,2026-09,J0212,R02,Closed - Unfilled,10,5,0,26,True,378,2026-10-05
2026-09-30,2026-09,J0213,R03,Filled,5,5,0,25,True,378,2026-10-05
2026-09-30,2026-09,J0214,R04,Closed - Unfilled,8,7,0,27,True,378,2026-10-05
2026-09-30,2026-09,J0215,R05,Filled,8,8,0,35,True,378,2026-10-05
2026-09-30,2026-09,J0216,R06,Filled,5,5,0,33,True,378,2026-10-05
2026-09-30,2026-09,J0217,R07,Filled,7,7,0,30,True,378,2026-10-05
2026-09-30,2026-09,J0218,R08,Closed - Unfilled,6,4,0,26,True,378,2026-10-05
2026-09-30,2026-09,J0219,R09,Closed - Unfilled,9,6,0,33,True,378,2026-10-05
2026-09-30,2026-09,J0220,R10,Closed - Unfilled,9,5,0,28,True,378,2026-10-05
2026-09-30,2026-09,J0221,R01,Closed - Unfilled,10,2,0,23,True,347,2026-10-05
2026-09-30,2026-09,J0222,R02,Filled,7,7,0,31,True,347,2026-10-05
2026-09-30,2026-09,J0223,R03,Filled,5,5,0,23,True,347,2026-10-05
2026-09-30,2026-09,J0224,R04,Filled,6,6,0,17,True,347,2026-10-05
2026-09-30,2026-09,J0225,R05,Closed - Unfilled,10,9,0,32,True,347,2026-10-05
2026-09-30,2026-09,J0226,R06,Closed - Unfilled,10,6,0,26,True,347,2026-10-05
2026-09-30,2026-09,J0227,R07,Closed - Unfilled,7,5,0,27,True,347,2026-10-05
2026-09-30,2026-09,J0228,R08,Closed - Unfilled,10,9,0,45,True,347,2026-10-05
2026-09-30,2026-09,J0229,R09,Filled,7,7,0,43,True,347,2026-10-05
2026-09-30,2026-09,J0230,R10,Closed - Unfilled,8,6,0,30,True,347,2026-10-05
2026-09-30,2026-09,J0231,R01,Filled,5,5,0,30,True,317,2026-10-05
2026-09-30,2026-09,J0232,R02,Filled,6,6,0,25,True,317,2026-10-05
2026-09-30,2026-09,J0233,R03,Filled,9,9,0,29,True,317,2026-10-05
2026-09-30,2026-09,J0234,R04,Closed - Unfilled,8,7,0,28,True,317,2026-10-05
2026-09-30,2026-09,J0235,R05,Filled,5,5,0,32,True,317,2026-10-05
2026-09-30,2026-09,J0236,R06,Filled,9,9,0,42,True,317,2026-10-05
2026-09-30,2026-09,J0237,R07,Filled,7,7,0,27,True,317,2026-10-05
2026-09-30,2026-09,J0238,R08,Filled,8,8,0,25,True,317,2026-10-05
2026-09-30,2026-09,J0239,R09,Closed - Unfilled,10,7,0,33,True,317,2026-10-05
2026-09-30,2026-09,J0240,R10,Filled,8,8,0,29,True,317,2026-10-05
2026-09-30,2026-09,J0241,R01,Closed - Unfilled,7,6,0,24,True,286,2026-10-05
2026-09-30,2026-09,J0242,R02,Closed - Unfilled,5,3,0,24,True,286,2026-10-05
2026-09-30,2026-09,J0243,R03,Closed - Unfilled,8,5,0,30,True,286,2026-10-05
2026-09-30,2026-09,J0244,R04,Closed - Unfilled,9,8,0,37,True,286,2026-10-05
2026-09-30,2026-09,J0245,R05,Closed - Unfilled,10,9,0,27,True,286,2026-10-05
2026-09-30,2026-09,J0246,R06,Closed - Unfilled,10,7,0,32,True,286,2026-10-05
2026-09-30,2026-09,J0247,R07,Filled,5,5,0,27,True,286,2026-10-05
2026-09-30,2026-09,J0248,R08,Closed - Unfilled,10,6,0,31,True,286,2026-10-05
2026-09-30,2026-09,J0249,R09,Closed - Unfilled,5,4,0,31,True,286,2026-10-05
2026-09-30,2026-09,J0250,R10,Filled,10,10,0,32,True,286,2026-10-05
2026-09-30,2026-09,J0251,R01,Closed - Unfilled,9,8,0,28,True,255,2026-10-05
2026-09-30,2026-09,J0252,R02,Closed - Unfilled,9,8,0,25,True,255,2026-10-05
2026-09-30,2026-09,J0253,R03,Closed - Unfilled,8,6,0,28,True,255,2026-10-05
2026-09-30,2026-09,J0254,R04,Filled,10,10,0,30,True,255,2026-10-05
2026-09-30,2026-09,J0255,R05,Filled,7,7,0,32,True,255,2026-10-05
2026-09-30,2026-09,J0256,R06,Filled,7,7,0,28,True,255,2026-10-05
2026-09-30,2026-09,J0257,R07,Closed - Unfilled,8,2,0,20,True,255,2026-10-05
2026-09-30,2026-09,J0258,R08,Filled,9,9,0,27,True,255,2026-10-05
2026-09-30,2026-09,J0259,R09,Closed - Unfilled,10,9,0,22,True,255,2026-10-05
2026-09-30,2026-09,J0260,R10,Filled,8,8,0,28,True,255,2026-10-05
2026-09-30,2026-09,J0261,R01,Closed - Unfilled,9,6,0,28,True,227,2026-10-05
2026-09-30,2026-09,J0262,R02,Filled,8,8,0,23,True,227,2026-10-05
2026-09-30,2026-09,J0263,R03,Filled,8,8,0,27,True,227,2026-10-05
2026-09-30,2026-09,J0264,R04,Filled,6,6,0,27,True,227,2026-10-05
2026-09-30,2026-09,J0265,R05,Filled,5,5,0,39,True,227,2026-10-05
2026-09-30,2026-09,J0266,R06,Filled,7,7,0,39,True,227,2026-10-05
2026-09-30,2026-09,J0267,R07,Closed - Unfilled,10,7,0,25,True,227,2026-10-05
2026-09-30,2026-09,J0268,R08,Closed - Unfilled,6,5,0,29,True,227,2026-10-05
2026-09-30,2026-09,J0269,R09,Closed - Unfilled,10,8,0,30,True,227,2026-10-05
2026-09-30,2026-09,J0270,R10,Closed - Unfilled,10,9,0,32,True,227,2026-10-05
2026-09-30,2026-09,J0271,R01,Closed - Unfilled,7,6,0,30,True,196,2026-10-05
2026-09-30,2026-09,J0272,R02,Filled,5,5,0,28,True,196,2026-10-05
2026-09-30,2026-09,J0273,R03,Closed - Unfilled,7,3,0,19,True,196,2026-10-05
2026-09-30,2026-09,J0274,R04,Filled,5,5,0,29,True,196,2026-10-05
2026-09-30,2026-09,J0275,R05,Filled,10,10,0,27,True,196,2026-10-05
2026-09-30,2026-09,J0276,R06,Filled,9,9,0,34,True,196,2026-10-05
2026-09-30,2026-09,J0277,R07,Closed - Unfilled,9,7,0,26,True,196,2026-10-05
2026-09-30,2026-09,J0278,R08,Closed - Unfilled,9,7,0,30,True,196,2026-10-05
2026-09-30,2026-09,J0279,R09,Closed - Unfilled,10,4,0,29,True,196,2026-10-05
2026-09-30,2026-09,J0280,R10,Closed - Unfilled,9,6,0,26,True,196,2026-10-05
2026-09-30,2026-09,J0281,R01,Closed - Unfilled,10,9,0,21,True,166,2026-10-05
2026-09-30,2026-09,J0282,R02,Filled,5,5,0,28,True,166,2026-10-05
2026-09-30,2026-09,J0283,R03,Closed - Unfilled,5,3,0,23,True,166,2026-10-05
2026-09-30,2026-09,J0284,R04,Filled,5,5,0,27,True,166,2026-10-05
2026-09-30,2026-09,J0285,R05,Filled,5,5,0,32,True,166,2026-10-05
2026-09-30,2026-09,J0286,R06,Filled,7,7,0,34,True,166,2026-10-05
2026-09-30,2026-09,J0287,R07,Filled,7,7,0,27,True,166,2026-10-05
2026-09-30,2026-09,J0288,R08,Filled,7,7,0,28,True,166,2026-10-05
2026-09-30,2026-09,J0289,R09,Filled,7,7,0,30,True,166,2026-10-05
2026-09-30,2026-09,J0290,R10,Filled,7,7,0,28,True,166,2026-10-05
2026-09-30,2026-09,J0291,R01,Filled,6,6,0,33,True,135,2026-10-05
2026-09-30,2026-09,J0292,R02,Filled,6,6,0,37,True,135,2026-10-05
2026-09-30,2026-09,J0293,R03,Closed - Unfilled,7,4,0,26,True,135,2026-10-05
2026-09-30,2026-09,J0294,R04,Filled,5,5,0,32,True,135,2026-10-05
2026-09-30,2026-09,J0295,R05,Closed - Unfilled,5,4,0,32,True,135,2026-10-05
2026-09-30,2026-09,J0296,R06,Closed - Unfilled,8,3,0,36,True,135,2026-10-05
2026-09-30,2026-09,J0297,R07,Filled,7,7,0,35,True,135,2026-10-05
2026-09-30,2026-09,J0298,R08,Closed - Unfilled,5,2,0,17,True,135,2026-10-05
2026-09-30,2026-09,J0299,R09,Filled,7,7,0,29,True,135,2026-10-05
2026-09-30,2026-09,J0300,R10,Filled,6,6,0,38,True,135,2026-10-05
2026-09-30,2026-09,J0301,R01,Filled,6,6,0,24,True,105,2026-10-05
2026-09-30,2026-09,J0302,R02,Open,9,6,3,32,True,105,2026-10-05
2026-09-30,2026-09,J0303,R03,Filled,7,7,0,34,True,105,2026-10-05
2026-09-30,2026-09,J0304,R04,Open,10,4,6,26,True,105,2026-10-05
2026-09-30,2026-09,J0305,R05,On Hold,9,4,5,28,True,105,2026-10-05
2026-09-30,2026-09,J0306,R06,Filled,7,7,0,32,True,105,2026-10-05
2026-09-30,2026-09,J0307,R07,Open,9,7,2,19,True,105,2026-10-05
2026-09-30,2026-09,J0308,R08,Open,10,2,8,24,True,105,2026-10-05
2026-09-30,2026-09,J0309,R09,Filled,6,6,0,32,True,105,2026-10-05
2026-09-30,2026-09,J0310,R10,Open,10,5,5,28,True,105,2026-10-05
2026-09-30,2026-09,J0311,R01,Open,10,6,4,30,True,74,2026-10-05
2026-09-30,2026-09,J0312,R02,Open,8,6,2,26,True,74,2026-10-05
2026-09-30,2026-09,J0313,R03,Filled,5,5,0,23,True,74,2026-10-05
2026-09-30,2026-09,J0314,R04,Open,10,9,1,32,True,74,2026-10-05
2026-09-30,2026-09,J0315,R05,Open,10,5,5,39,True,74,2026-10-05
2026-09-30,2026-09,J0316,R06,Filled,8,8,0,41,True,74,2026-10-05
2026-09-30,2026-09,J0317,R07,On Hold,10,6,4,25,True,74,2026-10-05
2026-09-30,2026-09,J0318,R08,Filled,9,9,0,25,True,74,2026-10-05
2026-09-30,2026-09,J0319,R09,Filled,5,5,0,24,True,74,2026-10-05
2026-09-30,2026-09,J0320,R10,Open,6,5,1,29,True,74,2026-10-05
2026-09-30,2026-09,J0321,R01,Open,9,0,9,18,True,43,2026-10-05
2026-09-30,2026-09,J0322,R02,Open,7,0,7,21,True,43,2026-10-05
2026-09-30,2026-09,J0323,R03,Open,10,0,10,16,True,43,2026-10-05
2026-09-30,2026-09,J0324,R04,Open,10,0,10,23,True,43,2026-10-05
2026-09-30,2026-09,J0325,R05,Open,10,0,10,24,True,43,2026-10-05
2026-09-30,2026-09,J0326,R06,Open,6,0,6,25,True,43,2026-10-05
2026-09-30,2026-09,J0327,R07,Open,8,0,8,10,True,43,2026-10-05
2026-09-30,2026-09,J0328,R08,Open,9,0,9,17,True,43,2026-10-05
2026-09-30,2026-09,J0329,R09,Open,6,0,6,21,True,43,2026-10-05
2026-09-30,2026-09,J0330,R10,Open,8,0,8,27,True,43,2026-10-05
2026-09-30,2026-09,J0331,R01,Open,5,0,5,0,False,13,2026-10-05
2026-09-30,2026-09,J0332,R02,Open,8,0,8,0,False,13,2026-10-05
2026-09-30,2026-09,J0333,R03,Open,8,0,8,0,False,13,2026-10-05
2026-09-30,2026-09,J0334,R04,Open,5,0,5,0,False,13,2026-10-05
2026-09-30,2026-09,J0335,R05,Open,6,0,6,0,False,13,2026-10-05
2026-09-30,2026-09,J0336,R06,Open,7,0,7,0,False,13,2026-10-05
2026-09-30,2026-09,J0337,R07,Open,5,0,5,0,False,13,2026-10-05
2026-09-30,2026-09,J0338,R08,Open,6,0,6,0,False,13,2026-10-05
2026-09-30,2026-09,J0339,R09,Open,6,0,6,0,False,13,2026-10-05
2026-09-30,2026-09,J0340,R10,Open,10,0,10,0,False,13,2026-10-05
2026-10-05,2026-10,J0001,R01,Closed - Unfilled,7,4,0,27,True,1008,2026-10-05
2026-10-05,2026-10,J0002,R02,Filled,5,5,0,24,True,1008,2026-10-05
2026-10-05,2026-10,J0003,R03,Closed - Unfilled,10,5,0,30,True,1008,2026-10-05
2026-10-05,2026-10,J0004,R04,Filled,8,8,0,35,True,1008,2026-10-05
2026-10-05,2026-10,J0005,R05,Filled,8,8,0,32,True,1008,2026-10-05
2026-10-05,2026-10,J0006,R06,Closed - Unfilled,9,3,0,23,True,1008,2026-10-05
2026-10-05,2026-10,J0007,R07,Closed - Unfilled,10,4,0,25,True,1008,2026-10-05
2026-10-05,2026-10,J0008,R08,Closed - Unfilled,8,7,0,24,True,1008,2026-10-05
2026-10-05,2026-10,J0009,R09,Closed - Unfilled,10,6,0,24,True,1008,2026-10-05
2026-10-05,2026-10,J0010,R10,Closed - Unfilled,10,4,0,27,True,1008,2026-10-05
2026-10-05,2026-10,J0011,R01,Filled,9,9,0,31,True,991,2026-10-05
2026-10-05,2026-10,J0012,R02,Closed - Unfilled,9,8,0,34,True,991,2026-10-05
2026-10-05,2026-10,J0013,R03,Closed - Unfilled,10,4,0,25,True,991,2026-10-05
2026-10-05,2026-10,J0014,R04,Closed - Unfilled,10,3,0,30,True,991,2026-10-05
2026-10-05,2026-10,J0015,R05,Filled,7,7,0,34,True,991,2026-10-05
2026-10-05,2026-10,J0016,R06,Filled,9,9,0,35,True,991,2026-10-05
2026-10-05,2026-10,J0017,R07,Filled,8,8,0,23,True,991,2026-10-05
2026-10-05,2026-10,J0018,R08,Closed - Unfilled,9,7,0,35,True,991,2026-10-05
2026-10-05,2026-10,J0019,R09,Closed - Unfilled,10,4,0,29,True,991,2026-10-05
2026-10-05,2026-10,J0020,R10,Filled,7,7,0,25,True,991,2026-10-05
2026-10-05,2026-10,J0021,R01,Closed - Unfilled,5,1,0,20,True,962,2026-10-05
2026-10-05,2026-10,J0022,R02,Filled,6,6,0,31,True,962,2026-10-05
2026-10-05,2026-10,J0023,R03,Closed - Unfilled,8,5,0,28,True,962,2026-10-05
2026-10-05,2026-10,J0024,R04,Filled,6,6,0,29,True,962,2026-10-05
2026-10-05,2026-10,J0025,R05,Closed - Unfilled,8,7,0,28,True,962,2026-10-05
2026-10-05,2026-10,J0026,R06,Closed - Unfilled,9,6,0,37,True,962,2026-10-05
2026-10-05,2026-10,J0027,R07,Closed - Unfilled,10,8,0,26,True,962,2026-10-05
2026-10-05,2026-10,J0028,R08,Filled,7,7,0,27,True,962,2026-10-05
2026-10-05,2026-10,J0029,R09,Closed - Unfilled,9,4,0,24,True,962,2026-10-05
2026-10-05,2026-10,J0030,R10,Closed - Unfilled,8,3,0,23,True,962,2026-10-05
2026-10-05,2026-10,J0031,R01,Closed - Unfilled,9,5,0,30,True,931,2026-10-05
2026-10-05,2026-10,J0032,R02,Closed - Unfilled,10,6,0,37,True,931,2026-10-05
2026-10-05,2026-10,J0033,R03,Closed - Unfilled,5,4,0,30,True,931,2026-10-05
2026-10-05,2026-10,J0034,R04,Closed - Unfilled,10,8,0,27,True,931,2026-10-05
2026-10-05,2026-10,J0035,R05,Closed - Unfilled,8,5,0,30,True,931,2026-10-05
2026-10-05,2026-10,J0036,R06,Closed - Unfilled,10,9,0,41,True,931,2026-10-05
2026-10-05,2026-10,J0037,R07,Closed - Unfilled,8,6,0,24,True,931,2026-10-05
2026-10-05,2026-10,J0038,R08,Filled,7,7,0,32,True,931,2026-10-05
2026-10-05,2026-10,J0039,R09,Closed - Unfilled,7,5,0,26,True,931,2026-10-05
2026-10-05,2026-10,J0040,R10,Filled,6,6,0,28,True,931,2026-10-05
2026-10-05,2026-10,J0041,R01,Filled,5,5,0,34,True,901,2026-10-05
2026-10-05,2026-10,J0042,R02,Filled,5,5,0,33,True,901,2026-10-05
2026-10-05,2026-10,J0043,R03,Filled,7,7,0,32,True,901,2026-10-05
2026-10-05,2026-10,J0044,R04,Closed - Unfilled,7,6,0,33,True,901,2026-10-05
2026-10-05,2026-10,J0045,R05,Closed - Unfilled,9,4,0,31,True,901,2026-10-05
2026-10-05,2026-10,J0046,R06,Filled,7,7,0,35,True,901,2026-10-05
2026-10-05,2026-10,J0047,R07,Closed - Unfilled,8,7,0,26,True,901,2026-10-05
2026-10-05,2026-10,J0048,R08,Filled,9,9,0,37,True,901,2026-10-05
2026-10-05,2026-10,J0049,R09,Closed - Unfilled,6,4,0,21,True,901,2026-10-05
2026-10-05,2026-10,J0050,R10,Closed - Unfilled,10,3,0,34,True,901,2026-10-05
2026-10-05,2026-10,J0051,R01,Closed - Unfilled,10,6,0,26,True,870,2026-10-05
2026-10-05,2026-10,J0052,R02,Closed - Unfilled,9,4,0,24,True,870,2026-10-05
2026-10-05,2026-10,J0053,R03,Closed - Unfilled,10,9,0,36,True,870,2026-10-05
2026-10-05,2026-10,J0054,R04,Filled,6,6,0,28,True,870,2026-10-05
2026-10-05,2026-10,J0055,R05,Filled,5,5,0,33,True,870,2026-10-05
2026-10-05,2026-10,J0056,R06,Closed - Unfilled,8,5,0,27,True,870,2026-10-05
2026-10-05,2026-10,J0057,R07,Closed - Unfilled,6,3,0,19,True,870,2026-10-05
2026-10-05,2026-10,J0058,R08,Closed - Unfilled,10,2,0,30,True,870,2026-10-05
2026-10-05,2026-10,J0059,R09,Filled,6,6,0,29,True,870,2026-10-05
2026-10-05,2026-10,J0060,R10,Closed - Unfilled,8,6,0,33,True,870,2026-10-05
2026-10-05,2026-10,J0061,R01,Closed - Unfilled,7,3,0,27,True,840,2026-10-05
2026-10-05,2026-10,J0062,R02,Closed - Unfilled,9,5,0,23,True,840,2026-10-05
2026-10-05,2026-10,J0063,R03,Closed - Unfilled,10,8,0,33,True,840,2026-10-05
2026-10-05,2026-10,J0064,R04,Closed - Unfilled,9,5,0,29,True,840,2026-10-05
2026-10-05,2026-10,J0065,R05,Filled,9,9,0,31,True,840,2026-10-05
2026-10-05,2026-10,J0066,R06,Closed - Unfilled,5,4,0,35,True,840,2026-10-05
2026-10-05,2026-10,J0067,R07,Closed - Unfilled,7,3,0,26,True,840,2026-10-05
2026-10-05,2026-10,J0068,R08,Filled,5,5,0,26,True,840,2026-10-05
2026-10-05,2026-10,J0069,R09,Filled,8,8,0,27,True,840,2026-10-05
2026-10-05,2026-10,J0070,R10,Closed - Unfilled,10,5,0,33,True,840,2026-10-05
2026-10-05,2026-10,J0071,R01,Closed - Unfilled,10,1,0,30,True,809,2026-10-05
2026-10-05,2026-10,J0072,R02,Filled,6,6,0,34,True,809,2026-10-05
2026-10-05,2026-10,J0073,R03,Filled,7,7,0,28,True,809,2026-10-05
2026-10-05,2026-10,J0074,R04,Filled,7,7,0,34,True,809,2026-10-05
2026-10-05,2026-10,J0075,R05,Closed - Unfilled,10,7,0,38,True,809,2026-10-05
2026-10-05,2026-10,J0076,R06,Filled,6,6,0,32,True,809,2026-10-05
2026-10-05,2026-10,J0077,R07,Closed - Unfilled,10,9,0,29,True,809,2026-10-05
2026-10-05,2026-10,J0078,R08,Filled,5,5,0,27,True,809,2026-10-05
2026-10-05,2026-10,J0079,R09,Closed - Unfilled,10,7,0,27,True,809,2026-10-05
2026-10-05,2026-10,J0080,R10,Closed - Unfilled,8,4,0,29,True,809,2026-10-05
2026-10-05,2026-10,J0081,R01,Filled,5,5,0,30,True,778,2026-10-05
2026-10-05,2026-10,J0082,R02,Filled,7,7,0,34,True,778,2026-10-05
2026-10-05,2026-10,J0083,R03,Filled,5,5,0,27,True,778,2026-10-05
2026-10-05,2026-10,J0084,R04,Filled,6,6,0,32,True,778,2026-10-05
2026-10-05,2026-10,J0085,R05,Filled,7,7,0,30,True,778,2026-10-05
2026-10-05,2026-10,J0086,R06,Filled,5,5,0,32,True,778,2026-10-05
2026-10-05,2026-10,J0087,R07,Filled,7,7,0,24,True,778,2026-10-05
2026-10-05,2026-10,J0088,R08,Closed - Unfilled,8,4,0,31,True,778,2026-10-05
2026-10-05,2026-10,J0089,R09,Filled,6,6,0,31,True,778,2026-10-05
2026-10-05,2026-10,J0090,R10,Filled,8,8,0,36,True,778,2026-10-05
2026-10-05,2026-10,J0091,R01,Closed - Unfilled,10,4,0,22,True,748,2026-10-05
2026-10-05,2026-10,J0092,R02,Closed - Unfilled,9,2,0,21,True,748,2026-10-05
2026-10-05,2026-10,J0093,R03,Closed - Unfilled,10,6,0,31,True,748,2026-10-05
2026-10-05,2026-10,J0094,R04,Closed - Unfilled,7,6,0,28,True,748,2026-10-05
2026-10-05,2026-10,J0095,R05,Closed - Unfilled,9,4,0,31,True,748,2026-10-05
2026-10-05,2026-10,J0096,R06,Closed - Unfilled,7,4,0,37,True,748,2026-10-05
2026-10-05,2026-10,J0097,R07,Filled,6,6,0,39,True,748,2026-10-05
2026-10-05,2026-10,J0098,R08,Filled,6,6,0,23,True,748,2026-10-05
2026-10-05,2026-10,J0099,R09,Filled,6,6,0,30,True,748,2026-10-05
2026-10-05,2026-10,J0100,R10,Filled,9,9,0,32,True,748,2026-10-05
2026-10-05,2026-10,J0101,R01,Closed - Unfilled,7,3,0,30,True,717,2026-10-05
2026-10-05,2026-10,J0102,R02,Filled,5,5,0,33,True,717,2026-10-05
2026-10-05,2026-10,J0103,R03,Filled,8,8,0,32,True,717,2026-10-05
2026-10-05,2026-10,J0104,R04,Filled,8,8,0,28,True,717,2026-10-05
2026-10-05,2026-10,J0105,R05,Filled,5,5,0,36,True,717,2026-10-05
2026-10-05,2026-10,J0106,R06,Closed - Unfilled,6,3,0,32,True,717,2026-10-05
2026-10-05,2026-10,J0107,R07,Closed - Unfilled,10,8,0,28,True,717,2026-10-05
2026-10-05,2026-10,J0108,R08,Closed - Unfilled,8,2,0,24,True,717,2026-10-05
2026-10-05,2026-10,J0109,R09,Closed - Unfilled,9,3,0,22,True,717,2026-10-05
2026-10-05,2026-10,J0110,R10,Filled,5,5,0,27,True,717,2026-10-05
2026-10-05,2026-10,J0111,R01,Closed - Unfilled,8,7,0,32,True,687,2026-10-05
2026-10-05,2026-10,J0112,R02,Filled,6,6,0,27,True,687,2026-10-05
2026-10-05,2026-10,J0113,R03,Filled,8,8,0,29,True,687,2026-10-05
2026-10-05,2026-10,J0114,R04,Filled,5,5,0,35,True,687,2026-10-05
2026-10-05,2026-10,J0115,R05,Closed - Unfilled,10,7,0,32,True,687,2026-10-05
2026-10-05,2026-10,J0116,R06,Filled,5,5,0,32,True,687,2026-10-05
2026-10-05,2026-10,J0117,R07,Filled,8,8,0,30,True,687,2026-10-05
2026-10-05,2026-10,J0118,R08,Closed - Unfilled,8,7,0,22,True,687,2026-10-05
2026-10-05,2026-10,J0119,R09,Closed - Unfilled,8,4,0,28,True,687,2026-10-05
2026-10-05,2026-10,J0120,R10,Filled,9,9,0,31,True,687,2026-10-05
2026-10-05,2026-10,J0121,R01,Closed - Unfilled,9,5,0,23,True,656,2026-10-05
2026-10-05,2026-10,J0122,R02,Closed - Unfilled,10,5,0,30,True,656,2026-10-05
2026-10-05,2026-10,J0123,R03,Closed - Unfilled,7,6,0,27,True,656,2026-10-05
2026-10-05,2026-10,J0124,R04,Closed - Unfilled,8,7,0,31,True,656,2026-10-05
2026-10-05,2026-10,J0125,R05,Filled,5,5,0,32,True,656,2026-10-05
2026-10-05,2026-10,J0126,R06,Filled,8,8,0,33,True,656,2026-10-05
2026-10-05,2026-10,J0127,R07,Closed - Unfilled,9,7,0,25,True,656,2026-10-05
2026-10-05,2026-10,J0128,R08,Filled,10,10,0,27,True,656,2026-10-05
2026-10-05,2026-10,J0129,R09,Closed - Unfilled,9,5,0,26,True,656,2026-10-05
2026-10-05,2026-10,J0130,R10,Closed - Unfilled,7,5,0,26,True,656,2026-10-05
2026-10-05,2026-10,J0131,R01,Closed - Unfilled,6,5,0,34,True,625,2026-10-05
2026-10-05,2026-10,J0132,R02,Closed - Unfilled,9,4,0,22,True,625,2026-10-05
2026-10-05,2026-10,J0133,R03,Filled,6,6,0,35,True,625,2026-10-05
2026-10-05,2026-10,J0134,R04,Filled,8,8,0,39,True,625,2026-10-05
2026-10-05,2026-10,J0135,R05,Closed - Unfilled,10,7,0,36,True,625,2026-10-05
2026-10-05,2026-10,J0136,R06,Filled,8,8,0,30,True,625,2026-10-05
2026-10-05,2026-10,J0137,R07,Closed - Unfilled,10,9,0,27,True,625,2026-10-05
2026-10-05,2026-10,J0138,R08,Filled,5,5,0,28,True,625,2026-10-05
2026-10-05,2026-10,J0139,R09,Filled,6,6,0,31,True,625,2026-10-05
2026-10-05,2026-10,J0140,R10,Closed - Unfilled,9,3,0,21,True,625,2026-10-05
2026-10-05,2026-10,J0141,R01,Filled,5,5,0,25,True,597,2026-10-05
2026-10-05,2026-10,J0142,R02,Closed - Unfilled,8,7,0,28,True,597,2026-10-05
2026-10-05,2026-10,J0143,R03,Closed - Unfilled,9,8,0,34,True,597,2026-10-05
2026-10-05,2026-10,J0144,R04,Closed - Unfilled,8,4,0,31,True,597,2026-10-05
2026-10-05,2026-10,J0145,R05,Closed - Unfilled,9,5,0,26,True,597,2026-10-05
2026-10-05,2026-10,J0146,R06,Filled,5,5,0,33,True,597,2026-10-05
2026-10-05,2026-10,J0147,R07,Closed - Unfilled,6,3,0,19,True,597,2026-10-05
2026-10-05,2026-10,J0148,R08,Closed - Unfilled,7,3,0,27,True,597,2026-10-05
2026-10-05,2026-10,J0149,R09,Filled,7,7,0,29,True,597,2026-10-05
2026-10-05,2026-10,J0150,R10,Closed - Unfilled,8,5,0,30,True,597,2026-10-05
2026-10-05,2026-10,J0151,R01,Closed - Unfilled,6,3,0,28,True,566,2026-10-05
2026-10-05,2026-10,J0152,R02,Filled,8,8,0,31,True,566,2026-10-05
2026-10-05,2026-10,J0153,R03,Closed - Unfilled,10,8,0,27,True,566,2026-10-05
2026-10-05,2026-10,J0154,R04,Closed - Unfilled,6,5,0,31,True,566,2026-10-05
2026-10-05,2026-10,J0155,R05,Closed - Unfilled,9,6,0,23,True,566,2026-10-05
2026-10-05,2026-10,J0156,R06,Filled,6,6,0,38,True,566,2026-10-05
2026-10-05,2026-10,J0157,R07,Filled,5,5,0,26,True,566,2026-10-05
2026-10-05,2026-10,J0158,R08,Closed - Unfilled,7,4,0,22,True,566,2026-10-05
2026-10-05,2026-10,J0159,R09,Closed - Unfilled,6,4,0,21,True,566,2026-10-05
2026-10-05,2026-10,J0160,R10,Closed - Unfilled,8,4,0,30,True,566,2026-10-05
2026-10-05,2026-10,J0161,R01,Closed - Unfilled,5,4,0,21,True,536,2026-10-05
2026-10-05,2026-10,J0162,R02,Closed - Unfilled,9,4,0,32,True,536,2026-10-05
2026-10-05,2026-10,J0163,R03,Closed - Unfilled,7,1,0,32,True,536,2026-10-05
2026-10-05,2026-10,J0164,R04,Filled,9,9,0,28,True,536,2026-10-05
2026-10-05,2026-10,J0165,R05,Closed - Unfilled,7,6,0,26,True,536,2026-10-05
2026-10-05,2026-10,J0166,R06,Filled,8,8,0,39,True,536,2026-10-05
2026-10-05,2026-10,J0167,R07,Filled,7,7,0,28,True,536,2026-10-05
2026-10-05,2026-10,J0168,R08,Closed - Unfilled,10,1,0,22,True,536,2026-10-05
2026-10-05,2026-10,J0169,R09,Filled,7,7,0,28,True,536,2026-10-05
2026-10-05,2026-10,J0170,R10,Closed - Unfilled,9,6,0,32,True,536,2026-10-05
2026-10-05,2026-10,J0171,R01,Filled,7,7,0,31,True,505,2026-10-05
2026-10-05,2026-10,J0172,R02,Filled,7,7,0,28,True,505,2026-10-05
2026-10-05,2026-10,J0173,R03,Filled,7,7,0,30,True,505,2026-10-05
2026-10-05,2026-10,J0174,R04,Closed - Unfilled,7,5,0,28,True,505,2026-10-05
2026-10-05,2026-10,J0175,R05,Filled,6,6,0,31,True,505,2026-10-05
2026-10-05,2026-10,J0176,R06,Closed - Unfilled,8,7,0,30,True,505,2026-10-05
2026-10-05,2026-10,J0177,R07,Closed - Unfilled,7,6,0,23,True,505,2026-10-05
2026-10-05,2026-10,J0178,R08,Closed - Unfilled,8,5,0,28,True,505,2026-10-05
2026-10-05,2026-10,J0179,R09,Closed - Unfilled,10,4,0,32,True,505,2026-10-05
2026-10-05,2026-10,J0180,R10,Filled,8,8,0,34,True,505,2026-10-05
2026-10-05,2026-10,J0181,R01,Closed - Unfilled,7,4,0,27,True,475,2026-10-05
2026-10-05,2026-10,J0182,R02,Closed - Unfilled,9,5,0,29,True,475,2026-10-05
2026-10-05,2026-10,J0183,R03,Filled,5,5,0,32,True,475,2026-10-05
2026-10-05,2026-10,J0184,R04,Closed - Unfilled,7,5,0,23,True,475,2026-10-05
2026-10-05,2026-10,J0185,R05,Filled,9,9,0,35,True,475,2026-10-05
2026-10-05,2026-10,J0186,R06,Closed - Unfilled,10,4,0,36,True,475,2026-10-05
2026-10-05,2026-10,J0187,R07,Closed - Unfilled,9,4,0,25,True,475,2026-10-05
2026-10-05,2026-10,J0188,R08,Closed - Unfilled,8,6,0,32,True,475,2026-10-05
2026-10-05,2026-10,J0189,R09,Filled,5,5,0,29,True,475,2026-10-05
2026-10-05,2026-10,J0190,R10,Closed - Unfilled,9,7,0,36,True,475,2026-10-05
2026-10-05,2026-10,J0191,R01,Filled,7,7,0,30,True,444,2026-10-05
2026-10-05,2026-10,J0192,R02,Closed - Unfilled,8,5,0,27,True,444,2026-10-05
2026-10-05,2026-10,J0193,R03,Closed - Unfilled,5,4,0,27,True,444,2026-10-05
2026-10-05,2026-10,J0194,R04,Filled,7,7,0,30,True,444,2026-10-05
2026-10-05,2026-10,J0195,R05,Closed - Unfilled,8,7,0,36,True,444,2026-10-05
2026-10-05,2026-10,J0196,R06,Closed - Unfilled,10,3,0,32,True,444,2026-10-05
2026-10-05,2026-10,J0197,R07,Filled,5,5,0,30,True,444,2026-10-05
2026-10-05,2026-10,J0198,R08,Filled,5,5,0,27,True,444,2026-10-05
2026-10-05,2026-10,J0199,R09,Closed - Unfilled,5,4,0,28,True,444,2026-10-05
2026-10-05,2026-10,J0200,R10,Closed - Unfilled,7,6,0,27,True,444,2026-10-05
2026-10-05,2026-10,J0201,R01,Closed - Unfilled,10,6,0,28,True,413,2026-10-05
2026-10-05,2026-10,J0202,R02,Closed - Unfilled,9,6,0,31,True,413,2026-10-05
2026-10-05,2026-10,J0203,R03,Closed - Unfilled,6,2,0,31,True,413,2026-10-05
2026-10-05,2026-10,J0204,R04,Closed - Unfilled,10,7,0,26,True,413,2026-10-05
2026-10-05,2026-10,J0205,R05,Closed - Unfilled,9,5,0,32,True,413,2026-10-05
2026-10-05,2026-10,J0206,R06,Closed - Unfilled,9,7,0,26,True,413,2026-10-05
2026-10-05,2026-10,J0207,R07,Closed - Unfilled,10,5,0,32,True,413,2026-10-05
2026-10-05,2026-10,J0208,R08,Filled,6,6,0,29,True,413,2026-10-05
2026-10-05,2026-10,J0209,R09,Filled,5,5,0,26,True,413,2026-10-05
2026-10-05,2026-10,J0210,R10,Filled,7,7,0,32,True,413,2026-10-05
2026-10-05,2026-10,J0211,R01,Closed - Unfilled,5,3,0,31,True,383,2026-10-05
2026-10-05,2026-10,J0212,R02,Closed - Unfilled,10,5,0,26,True,383,2026-10-05
2026-10-05,2026-10,J0213,R03,Filled,5,5,0,25,True,383,2026-10-05
2026-10-05,2026-10,J0214,R04,Closed - Unfilled,8,7,0,27,True,383,2026-10-05
2026-10-05,2026-10,J0215,R05,Filled,8,8,0,35,True,383,2026-10-05
2026-10-05,2026-10,J0216,R06,Filled,5,5,0,33,True,383,2026-10-05
2026-10-05,2026-10,J0217,R07,Filled,7,7,0,30,True,383,2026-10-05
2026-10-05,2026-10,J0218,R08,Closed - Unfilled,6,4,0,26,True,383,2026-10-05
2026-10-05,2026-10,J0219,R09,Closed - Unfilled,9,6,0,33,True,383,2026-10-05
2026-10-05,2026-10,J0220,R10,Closed - Unfilled,9,5,0,28,True,383,2026-10-05
2026-10-05,2026-10,J0221,R01,Closed - Unfilled,10,2,0,23,True,352,2026-10-05
2026-10-05,2026-10,J0222,R02,Filled,7,7,0,31,True,352,2026-10-05
2026-10-05,2026-10,J0223,R03,Filled,5,5,0,23,True,352,2026-10-05
2026-10-05,2026-10,J0224,R04,Filled,6,6,0,17,True,352,2026-10-05
2026-10-05,2026-10,J0225,R05,Closed - Unfilled,10,9,0,32,True,352,2026-10-05
2026-10-05,2026-10,J0226,R06,Closed - Unfilled,10,6,0,26,True,352,2026-10-05
2026-10-05,2026-10,J0227,R07,Closed - Unfilled,7,5,0,27,True,352,2026-10-05
2026-10-05,2026-10,J0228,R08,Closed - Unfilled,10,9,0,45,True,352,2026-10-05
2026-10-05,2026-10,J0229,R09,Filled,7,7,0,43,True,352,2026-10-05
2026-10-05,2026-10,J0230,R10,Closed - Unfilled,8,6,0,30,True,352,2026-10-05
2026-10-05,2026-10,J0231,R01,Filled,5,5,0,30,True,322,2026-10-05
2026-10-05,2026-10,J0232,R02,Filled,6,6,0,25,True,322,2026-10-05
2026-10-05,2026-10,J0233,R03,Filled,9,9,0,29,True,322,2026-10-05
2026-10-05,2026-10,J0234,R04,Closed - Unfilled,8,7,0,28,True,322,2026-10-05
2026-10-05,2026-10,J0235,R05,Filled,5,5,0,32,True,322,2026-10-05
2026-10-05,2026-10,J0236,R06,Filled,9,9,0,42,True,322,2026-10-05
2026-10-05,2026-10,J0237,R07,Filled,7,7,0,27,True,322,2026-10-05
2026-10-05,2026-10,J0238,R08,Filled,8,8,0,25,True,322,2026-10-05
2026-10-05,2026-10,J0239,R09,Closed - Unfilled,10,7,0,33,True,322,2026-10-05
2026-10-05,2026-10,J0240,R10,Filled,8,8,0,29,True,322,2026-10-05
2026-10-05,2026-10,J0241,R01,Closed - Unfilled,7,6,0,24,True,291,2026-10-05
2026-10-05,2026-10,J0242,R02,Closed - Unfilled,5,3,0,24,True,291,2026-10-05
2026-10-05,2026-10,J0243,R03,Closed - Unfilled,8,5,0,30,True,291,2026-10-05
2026-10-05,2026-10,J0244,R04,Closed - Unfilled,9,8,0,37,True,291,2026-10-05
2026-10-05,2026-10,J0245,R05,Closed - Unfilled,10,9,0,27,True,291,2026-10-05
2026-10-05,2026-10,J0246,R06,Closed - Unfilled,10,7,0,32,True,291,2026-10-05
2026-10-05,2026-10,J0247,R07,Filled,5,5,0,27,True,291,2026-10-05
2026-10-05,2026-10,J0248,R08,Closed - Unfilled,10,6,0,31,True,291,2026-10-05
2026-10-05,2026-10,J0249,R09,Closed - Unfilled,5,4,0,31,True,291,2026-10-05
2026-10-05,2026-10,J0250,R10,Filled,10,10,0,32,True,291,2026-10-05
2026-10-05,2026-10,J0251,R01,Closed - Unfilled,9,8,0,28,True,260,2026-10-05
2026-10-05,2026-10,J0252,R02,Closed - Unfilled,9,8,0,25,True,260,2026-10-05
2026-10-05,2026-10,J0253,R03,Closed - Unfilled,8,6,0,28,True,260,2026-10-05
2026-10-05,2026-10,J0254,R04,Filled,10,10,0,30,True,260,2026-10-05
2026-10-05,2026-10,J0255,R05,Filled,7,7,0,32,True,260,2026-10-05
2026-10-05,2026-10,J0256,R06,Filled,7,7,0,28,True,260,2026-10-05
2026-10-05,2026-10,J0257,R07,Closed - Unfilled,8,2,0,20,True,260,2026-10-05
2026-10-05,2026-10,J0258,R08,Filled,9,9,0,27,True,260,2026-10-05
2026-10-05,2026-10,J0259,R09,Closed - Unfilled,10,9,0,22,True,260,2026-10-05
2026-10-05,2026-10,J0260,R10,Filled,8,8,0,28,True,260,2026-10-05
2026-10-05,2026-10,J0261,R01,Closed - Unfilled,9,6,0,28,True,232,2026-10-05
2026-10-05,2026-10,J0262,R02,Filled,8,8,0,23,True,232,2026-10-05
2026-10-05,2026-10,J0263,R03,Filled,8,8,0,27,True,232,2026-10-05
2026-10-05,2026-10,J0264,R04,Filled,6,6,0,27,True,232,2026-10-05
2026-10-05,2026-10,J0265,R05,Filled,5,5,0,39,True,232,2026-10-05
2026-10-05,2026-10,J0266,R06,Filled,7,7,0,39,True,232,2026-10-05
2026-10-05,2026-10,J0267,R07,Closed - Unfilled,10,7,0,25,True,232,2026-10-05
2026-10-05,2026-10,J0268,R08,Closed - Unfilled,6,5,0,29,True,232,2026-10-05
2026-10-05,2026-10,J0269,R09,Closed - Unfilled,10,8,0,30,True,232,2026-10-05
2026-10-05,2026-10,J0270,R10,Closed - Unfilled,10,9,0,32,True,232,2026-10-05
2026-10-05,2026-10,J0271,R01,Closed - Unfilled,7,6,0,30,True,201,2026-10-05
2026-10-05,2026-10,J0272,R02,Filled,5,5,0,28,True,201,2026-10-05
2026-10-05,2026-10,J0273,R03,Closed - Unfilled,7,3,0,19,True,201,2026-10-05
2026-10-05,2026-10,J0274,R04,Filled,5,5,0,29,True,201,2026-10-05
2026-10-05,2026-10,J0275,R05,Filled,10,10,0,27,True,201,2026-10-05
2026-10-05,2026-10,J0276,R06,Filled,9,9,0,34,True,201,2026-10-05
2026-10-05,2026-10,J0277,R07,Closed - Unfilled,9,7,0,26,True,201,2026-10-05
2026-10-05,2026-10,J0278,R08,Closed - Unfilled,9,7,0,30,True,201,2026-10-05
2026-10-05,2026-10,J0279,R09,Closed - Unfilled,10,4,0,29,True,201,2026-10-05
2026-10-05,2026-10,J0280,R10,Closed - Unfilled,9,6,0,26,True,201,2026-10-05
2026-10-05,2026-10,J0281,R01,Closed - Unfilled,10,9,0,21,True,171,2026-10-05
2026-10-05,2026-10,J0282,R02,Filled,5,5,0,28,True,171,2026-10-05
2026-10-05,2026-10,J0283,R03,Closed - Unfilled,5,3,0,23,True,171,2026-10-05
2026-10-05,2026-10,J0284,R04,Filled,5,5,0,27,True,171,2026-10-05
2026-10-05,2026-10,J0285,R05,Filled,5,5,0,32,True,171,2026-10-05
2026-10-05,2026-10,J0286,R06,Filled,7,7,0,34,True,171,2026-10-05
2026-10-05,2026-10,J0287,R07,Filled,7,7,0,27,True,171,2026-10-05
2026-10-05,2026-10,J0288,R08,Filled,7,7,0,28,True,171,2026-10-05
2026-10-05,2026-10,J0289,R09,Filled,7,7,0,30,True,171,2026-10-05
2026-10-05,2026-10,J0290,R10,Filled,7,7,0,28,True,171,2026-10-05
2026-10-05,2026-10,J0291,R01,Filled,6,6,0,33,True,140,2026-10-05
2026-10-05,2026-10,J0292,R02,Filled,6,6,0,37,True,140,2026-10-05
2026-10-05,2026-10,J0293,R03,Closed - Unfilled,7,4,0,26,True,140,2026-10-05
2026-10-05,2026-10,J0294,R04,Filled,5,5,0,32,True,140,2026-10-05
2026-10-05,2026-10,J0295,R05,Closed - Unfilled,5,4,0,32,True,140,2026-10-05
2026-10-05,2026-10,J0296,R06,Closed - Unfilled,8,3,0,36,True,140,2026-10-05
2026-10-05,2026-10,J0297,R07,Filled,7,7,0,35,True,140,2026-10-05
2026-10-05,2026-10,J0298,R08,Closed - Unfilled,5,2,0,17,True,140,2026-10-05
2026-10-05,2026-10,J0299,R09,Filled,7,7,0,29,True,140,2026-10-05
2026-10-05,2026-10,J0300,R10,Filled,6,6,0,38,True,140,2026-10-05
2026-10-05,2026-10,J0301,R01,Filled,6,6,0,24,True,110,2026-10-05
2026-10-05,2026-10,J0302,R02,Open,9,6,3,32,True,110,2026-10-05
2026-10-05,2026-10,J0303,R03,Filled,7,7,0,34,True,110,2026-10-05
2026-10-05,2026-10,J0304,R04,Open,10,4,6,26,True,110,2026-10-05
2026-10-05,2026-10,J0305,R05,On Hold,9,4,5,28,True,110,2026-10-05
2026-10-05,2026-10,J0306,R06,Filled,7,7,0,32,True,110,2026-10-05
2026-10-05,2026-10,J0307,R07,Open,9,7,2,19,True,110,2026-10-05
2026-10-05,2026-10,J0308,R08,Open,10,2,8,24,True,110,2026-10-05
2026-10-05,2026-10,J0309,R09,Filled,6,6,0,32,True,110,2026-10-05
2026-10-05,2026-10,J0310,R10,Open,10,5,5,28,True,110,2026-10-05
2026-10-05,2026-10,J0311,R01,Open,10,6,4,30,True,79,2026-10-05
2026-10-05,2026-10,J0312,R02,Open,8,6,2,26,True,79,2026-10-05
2026-10-05,2026-10,J0313,R03,Filled,5,5,0,23,True,79,2026-10-05
2026-10-05,2026-10,J0314,R04,Open,10,9,1,32,True,79,2026-10-05
2026-10-05,2026-10,J0315,R05,Open,10,5,5,39,True,79,2026-10-05
2026-10-05,2026-10,J0316,R06,Filled,8,8,0,41,True,79,2026-10-05
2026-10-05,2026-10,J0317,R07,On Hold,10,6,4,25,True,79,2026-10-05
2026-10-05,2026-10,J0318,R08,Filled,9,9,0,25,True,79,2026-10-05
2026-10-05,2026-10,J0319,R09,Filled,5,5,0,24,True,79,2026-10-05
2026-10-05,2026-10,J0320,R10,Open,6,5,1,29,True,79,2026-10-05
2026-10-05,2026-10,J0321,R01,On Hold,9,1,8,25,True,48,2026-10-05
2026-10-05,2026-10,J0322,R02,Open,7,1,6,27,True,48,2026-10-05
2026-10-05,2026-10,J0323,R03,Open,10,0,10,28,True,48,2026-10-05
2026-10-05,2026-10,J0324,R04,Open,10,2,8,29,True,48,2026-10-05
2026-10-05,2026-10,J0325,R05,On Hold,10,1,9,29,True,48,2026-10-05
2026-10-05,2026-10,J0326,R06,Open,6,2,4,33,True,48,2026-10-05
2026-10-05,2026-10,J0327,R07,Open,8,1,7,14,True,48,2026-10-05
2026-10-05,2026-10,J0328,R08,Open,9,1,8,23,True,48,2026-10-05
2026-10-05,2026-10,J0329,R09,On Hold,6,2,4,26,True,48,2026-10-05
2026-10-05,2026-10,J0330,R10,Open,8,2,6,32,True,48,2026-10-05
2026-10-05,2026-10,J0331,R01,Open,5,0,5,1,True,18,2026-10-05
2026-10-05,2026-10,J0332,R02,Open,8,0,8,0,False,18,2026-10-05
2026-10-05,2026-10,J0333,R03,On Hold,8,0,8,1,True,18,2026-10-05
2026-10-05,2026-10,J0334,R04,Open,5,0,5,0,False,18,2026-10-05
2026-10-05,2026-10,J0335,R05,Open,6,0,6,0,False,18,2026-10-05
2026-10-05,2026-10,J0336,R06,Open,7,0,7,0,False,18,2026-10-05
2026-10-05,2026-10,J0337,R07,On Hold,5,0,5,0,False,18,2026-10-05
2026-10-05,2026-10,J0338,R08,Open,6,0,6,1,True,18,2026-10-05
2026-10-05,2026-10,J0339,R09,Open,6,0,6,0,False,18,2026-10-05
2026-10-05,2026-10,J0340,R10,Open,10,0,10,0,False,18,2026-10-05
